equipment_id,equipment_code,equipment_name,equipment_type,line_id,install_date,equipment_status
E0001,EQ-01-PR01,一车间-1号线-SMT贴片,贴片机,L01,2023-02-02,running
E0002,EQ-01-PR02,一车间-1号线-回流焊,回流炉,L01,2024-03-03,running
E0003,EQ-01-PR03,一车间-1号线-AOI检测,AOI设备,L01,2025-04-04,running
E0004,EQ-01-PR04,一车间-1号线-插件装配,插件线,L01,2022-05-05,running
E0005,EQ-01-PR05,一车间-1号线-波峰焊,波峰焊机,L01,2023-06-06,running
E0006,EQ-01-PR06,一车间-1号线-功能测试,测试治具,L01,2024-07-07,idle
E0007,EQ-01-PR07,一车间-1号线-老化测试,老化柜,L01,2025-08-08,running
E0008,EQ-01-PR08,一车间-1号线-包装入库,包装机,L01,2022-09-09,idle
E0009,EQ-02-PR01,二车间-2号线-SMT贴片,贴片机,L02,2023-10-10,running
E0010,EQ-02-PR02,二车间-2号线-回流焊,回流炉,L02,2024-11-11,maintenance
E0011,EQ-02-PR03,二车间-2号线-AOI检测,AOI设备,L02,2025-12-12,running
E0012,EQ-02-PR04,二车间-2号线-插件装配,插件线,L02,2022-01-13,running
E0013,EQ-02-PR05,二车间-2号线-波峰焊,波峰焊机,L02,2023-02-14,running
E0014,EQ-02-PR06,二车间-2号线-功能测试,测试治具,L02,2024-03-15,running
E0015,EQ-02-PR07,二车间-2号线-老化测试,老化柜,L02,2025-04-16,running
E0016,EQ-02-PR08,二车间-2号线-包装入库,包装机,L02,2022-05-17,running
E0017,EQ-03-PR01,三车间-3号线-SMT贴片,贴片机,L03,2023-06-18,idle
E0018,EQ-03-PR02,三车间-3号线-回流焊,回流炉,L03,2024-07-19,running
E0019,EQ-03-PR03,三车间-3号线-AOI检测,AOI设备,L03,2025-08-20,running
E0020,EQ-03-PR04,三车间-3号线-插件装配,插件线,L03,2022-09-21,running
E0021,EQ-03-PR05,三车间-3号线-波峰焊,波峰焊机,L03,2023-10-22,running
E0022,EQ-03-PR06,三车间-3号线-功能测试,测试治具,L03,2024-11-23,running
E0023,EQ-03-PR07,三车间-3号线-老化测试,老化柜,L03,2025-12-24,running
E0024,EQ-03-PR08,三车间-3号线-包装入库,包装机,L03,2022-01-25,running
E0025,EQ-04-PR01,一车间-4号线-SMT贴片,贴片机,L04,2023-02-01,running
E0026,EQ-04-PR02,一车间-4号线-回流焊,回流炉,L04,2024-03-02,running
E0027,EQ-04-PR03,一车间-4号线-AOI检测,AOI设备,L04,2025-04-03,running
E0028,EQ-04-PR04,一车间-4号线-插件装配,插件线,L04,2022-05-04,idle
E0029,EQ-04-PR05,一车间-4号线-波峰焊,波峰焊机,L04,2023-06-05,running
E0030,EQ-04-PR06,一车间-4号线-功能测试,测试治具,L04,2024-07-06,running
E0031,EQ-04-PR07,一车间-4号线-老化测试,老化柜,L04,2025-08-07,running
E0032,EQ-04-PR08,一车间-4号线-包装入库,包装机,L04,2022-09-08,running
E0033,EQ-05-PR01,二车间-5号线-SMT贴片,贴片机,L05,2023-10-09,running
E0034,EQ-05-PR02,二车间-5号线-回流焊,回流炉,L05,2024-11-10,maintenance
E0035,EQ-05-PR03,二车间-5号线-AOI检测,AOI设备,L05,2025-12-11,idle
E0036,EQ-05-PR04,二车间-5号线-插件装配,插件线,L05,2022-01-12,running
E0037,EQ-05-PR05,二车间-5号线-波峰焊,波峰焊机,L05,2023-02-13,maintenance
E0038,EQ-05-PR06,二车间-5号线-功能测试,测试治具,L05,2024-03-14,running
E0039,EQ-05-PR07,二车间-5号线-老化测试,老化柜,L05,2025-04-15,running
E0040,EQ-05-PR08,二车间-5号线-包装入库,包装机,L05,2022-05-16,running
E0041,EQ-06-PR01,三车间-6号线-SMT贴片,贴片机,L06,2023-06-17,idle
E0042,EQ-06-PR02,三车间-6号线-回流焊,回流炉,L06,2024-07-18,running
E0043,EQ-06-PR03,三车间-6号线-AOI检测,AOI设备,L06,2025-08-19,maintenance
E0044,EQ-06-PR04,三车间-6号线-插件装配,插件线,L06,2022-09-20,running
E0045,EQ-06-PR05,三车间-6号线-波峰焊,波峰焊机,L06,2023-10-21,running
E0046,EQ-06-PR06,三车间-6号线-功能测试,测试治具,L06,2024-11-22,idle
E0047,EQ-06-PR07,三车间-6号线-老化测试,老化柜,L06,2025-12-23,running
E0048,EQ-06-PR08,三车间-6号线-包装入库,包装机,L06,2022-01-24,idle
