product_id,product_code,product_name,product_model,product_category,unit,is_active
P001,FG-01-001,控制器01,M200-B,控制器,pcs,True
P002,FG-02-002,传感器02,M300-C,传感器,pcs,True
P003,FG-03-003,执行器03,M400-D,执行器,pcs,True
P004,FG-04-004,通信模块04,M500-E,通信模块,pcs,True
P005,FG-01-005,控制器05,M600-A,控制器,pcs,True
P006,FG-02-006,传感器06,M100-B,传感器,pcs,True
P007,FG-03-007,执行器07,M200-C,执行器,pcs,True
P008,FG-04-008,通信模块08,M300-D,通信模块,pcs,True
P009,FG-01-009,控制器09,M400-E,控制器,pcs,True
P010,FG-02-010,传感器10,M500-A,传感器,pcs,True
P011,FG-03-011,执行器11,M600-B,执行器,pcs,True
P012,FG-04-012,通信模块12,M100-C,通信模块,pcs,True
P013,FG-01-013,控制器13,M200-D,控制器,pcs,True
P014,FG-02-014,传感器14,M300-E,传感器,pcs,True
P015,FG-03-015,执行器15,M400-A,执行器,pcs,True
P016,FG-04-016,通信模块16,M500-B,通信模块,pcs,True
P017,FG-01-017,控制器17,M600-C,控制器,pcs,True
P018,FG-02-018,传感器18,M100-D,传感器,pcs,True
P019,FG-03-019,执行器19,M200-E,执行器,pcs,True
P020,FG-04-020,通信模块20,M300-A,通信模块,pcs,True
P021,FG-01-021,控制器21,M400-B,控制器,pcs,True
P022,FG-02-022,传感器22,M500-C,传感器,pcs,True
P023,FG-03-023,执行器23,M600-D,执行器,pcs,True
P024,FG-04-024,通信模块24,M100-E,通信模块,pcs,True
P025,FG-01-025,控制器25,M200-A,控制器,pcs,True
P026,FG-02-026,传感器26,M300-B,传感器,pcs,True
P027,FG-03-027,执行器27,M400-C,执行器,pcs,True
P028,FG-04-028,通信模块28,M500-D,通信模块,pcs,True
P029,FG-01-029,控制器29,M600-E,控制器,pcs,False
P030,FG-02-030,传感器30,M100-A,传感器,pcs,False
