downtime_id,equipment_id,line_id,start_time,end_time,downtime_minutes,downtime_reason,is_planned
DT00000001,E0004,L01,2026-06-01 19:20:00,2026-06-01 20:50:00,90,程序调试,False
DT00000002,E0004,L01,2026-06-01 07:50:00,2026-06-01 08:50:00,60,程序调试,False
DT00000003,E0009,L02,2026-06-01 07:30:00,2026-06-01 08:15:00,45,计划保养,True
DT00000004,E0023,L03,2026-06-01 18:50:00,2026-06-01 19:05:00,15,计划保养,True
DT00000005,E0017,L03,2026-06-01 07:20:00,2026-06-01 08:05:00,45,设备故障,False
DT00000006,E0018,L03,2026-06-01 15:10:00,2026-06-01 15:55:00,45,缺料等待,False
DT00000007,E0026,L04,2026-06-01 19:50:00,2026-06-01 20:05:00,15,计划保养,True
DT00000008,E0036,L05,2026-06-01 19:50:00,2026-06-01 20:20:00,30,换线调机,True
DT00000009,E0033,L05,2026-06-01 08:00:00,2026-06-01 09:30:00,90,换线调机,True
DT00000010,E0001,L01,2026-06-02 09:50:00,2026-06-02 10:00:00,10,换线调机,True
DT00000011,E0006,L01,2026-06-02 07:10:00,2026-06-02 08:40:00,90,缺料等待,False
DT00000012,E0005,L01,2026-06-02 09:00:00,2026-06-02 10:00:00,60,工装更换,True
DT00000013,E0010,L02,2026-06-02 14:20:00,2026-06-02 16:20:00,120,品质异常停线,False
DT00000014,E0013,L02,2026-06-02 10:40:00,2026-06-02 11:40:00,60,换线调机,True
DT00000015,E0018,L03,2026-06-02 08:00:00,2026-06-02 09:00:00,60,设备故障,False
DT00000016,E0021,L03,2026-06-02 08:40:00,2026-06-02 09:40:00,60,缺料等待,False
DT00000017,E0023,L03,2026-06-02 14:40:00,2026-06-02 14:55:00,15,计划保养,True
DT00000018,E0027,L04,2026-06-02 20:10:00,2026-06-02 21:40:00,90,品质异常停线,False
DT00000019,E0035,L05,2026-06-02 10:00:00,2026-06-02 10:15:00,15,工装更换,True
DT00000020,E0006,L01,2026-06-03 14:10:00,2026-06-03 14:30:00,20,换线调机,True
DT00000021,E0006,L01,2026-06-03 08:10:00,2026-06-03 08:30:00,20,换线调机,True
DT00000022,E0002,L01,2026-06-03 18:30:00,2026-06-03 19:00:00,30,计划保养,True
DT00000023,E0013,L02,2026-06-03 07:50:00,2026-06-03 09:50:00,120,品质异常停线,False
DT00000024,E0024,L03,2026-06-03 20:20:00,2026-06-03 20:50:00,30,程序调试,False
DT00000025,E0027,L04,2026-06-03 07:40:00,2026-06-03 07:55:00,15,计划保养,True
DT00000026,E0038,L05,2026-06-03 07:00:00,2026-06-03 07:45:00,45,设备故障,False
DT00000027,E0039,L05,2026-06-03 11:30:00,2026-06-03 12:15:00,45,换线调机,True
DT00000028,E0002,L01,2026-06-04 17:40:00,2026-06-04 17:55:00,15,计划保养,True
DT00000029,E0002,L01,2026-06-04 18:30:00,2026-06-04 18:50:00,20,计划保养,True
DT00000030,E0010,L02,2026-06-04 11:10:00,2026-06-04 12:40:00,90,程序调试,False
DT00000031,E0028,L04,2026-06-04 13:00:00,2026-06-04 13:10:00,10,设备故障,False
DT00000032,E0029,L04,2026-06-04 19:10:00,2026-06-04 19:25:00,15,品质异常停线,False
DT00000033,E0027,L04,2026-06-04 16:50:00,2026-06-04 17:05:00,15,缺料等待,False
DT00000034,E0038,L05,2026-06-04 19:00:00,2026-06-04 19:20:00,20,程序调试,False
DT00000035,E0015,L02,2026-06-05 07:00:00,2026-06-05 07:20:00,20,换线调机,True
DT00000036,E0017,L03,2026-06-05 11:30:00,2026-06-05 11:40:00,10,计划保养,True
DT00000037,E0030,L04,2026-06-05 07:30:00,2026-06-05 07:50:00,20,缺料等待,False
DT00000038,E0030,L04,2026-06-05 10:50:00,2026-06-05 11:35:00,45,设备故障,False
DT00000039,E0040,L05,2026-06-05 09:50:00,2026-06-05 10:10:00,20,换线调机,True
DT00000040,E0033,L05,2026-06-05 07:40:00,2026-06-05 08:00:00,20,程序调试,False
DT00000041,E0036,L05,2026-06-05 20:10:00,2026-06-05 21:40:00,90,品质异常停线,False
DT00000042,E0003,L01,2026-06-06 17:00:00,2026-06-06 17:15:00,15,设备故障,False
DT00000043,E0006,L01,2026-06-06 18:40:00,2026-06-06 18:50:00,10,品质异常停线,False
DT00000044,E0013,L02,2026-06-06 16:30:00,2026-06-06 17:15:00,45,换线调机,True
DT00000045,E0014,L02,2026-06-06 11:20:00,2026-06-06 12:50:00,90,设备故障,False
DT00000046,E0024,L03,2026-06-06 18:50:00,2026-06-06 19:20:00,30,换线调机,True
DT00000047,E0022,L03,2026-06-06 18:50:00,2026-06-06 20:50:00,120,品质异常停线,False
DT00000048,E0017,L03,2026-06-06 09:50:00,2026-06-06 11:50:00,120,设备故障,False
DT00000049,E0030,L04,2026-06-06 08:20:00,2026-06-06 08:40:00,20,换线调机,True
DT00000050,E0038,L05,2026-06-06 18:30:00,2026-06-06 19:15:00,45,程序调试,False
DT00000051,E0015,L02,2026-06-07 09:40:00,2026-06-07 09:55:00,15,设备故障,False
DT00000052,E0020,L03,2026-06-07 08:00:00,2026-06-07 10:00:00,120,计划保养,True
DT00000053,E0017,L03,2026-06-07 11:30:00,2026-06-07 11:45:00,15,计划保养,True
DT00000054,E0018,L03,2026-06-07 21:50:00,2026-06-07 23:20:00,90,设备故障,False
DT00000055,E0026,L04,2026-06-07 18:30:00,2026-06-07 20:30:00,120,换线调机,True
DT00000056,E0025,L04,2026-06-07 15:20:00,2026-06-07 16:05:00,45,设备故障,False
DT00000057,E0017,L03,2026-06-08 20:50:00,2026-06-08 21:50:00,60,计划保养,True
DT00000058,E0023,L03,2026-06-08 10:30:00,2026-06-08 11:15:00,45,计划保养,True
DT00000059,E0020,L03,2026-06-08 14:40:00,2026-06-08 15:25:00,45,换线调机,True
DT00000060,E0026,L04,2026-06-08 10:40:00,2026-06-08 11:00:00,20,品质异常停线,False
DT00000061,E0030,L04,2026-06-08 11:40:00,2026-06-08 13:40:00,120,换线调机,True
DT00000062,E0035,L05,2026-06-08 16:00:00,2026-06-08 16:15:00,15,换线调机,True
DT00000063,E0040,L05,2026-06-08 15:20:00,2026-06-08 15:40:00,20,工装更换,True
DT00000064,E0006,L01,2026-06-09 11:40:00,2026-06-09 12:00:00,20,换线调机,True
DT00000065,E0002,L01,2026-06-09 20:40:00,2026-06-09 22:10:00,90,设备故障,False
DT00000066,E0016,L02,2026-06-09 14:10:00,2026-06-09 14:20:00,10,品质异常停线,False
DT00000067,E0014,L02,2026-06-09 17:20:00,2026-06-09 18:50:00,90,工装更换,True
DT00000068,E0016,L02,2026-06-09 13:10:00,2026-06-09 14:10:00,60,计划保养,True
DT00000069,E0029,L04,2026-06-09 20:50:00,2026-06-09 22:50:00,120,品质异常停线,False
DT00000070,E0025,L04,2026-06-09 07:00:00,2026-06-09 08:00:00,60,设备故障,False
DT00000071,E0028,L04,2026-06-09 13:50:00,2026-06-09 14:10:00,20,品质异常停线,False
DT00000072,E0038,L05,2026-06-09 21:40:00,2026-06-09 22:10:00,30,缺料等待,False
DT00000073,E0001,L01,2026-06-10 21:20:00,2026-06-10 22:50:00,90,工装更换,True
DT00000074,E0004,L01,2026-06-10 08:40:00,2026-06-10 10:40:00,120,设备故障,False
DT00000075,E0016,L02,2026-06-10 16:00:00,2026-06-10 16:15:00,15,换线调机,True
DT00000076,E0010,L02,2026-06-10 14:10:00,2026-06-10 14:40:00,30,程序调试,False
DT00000077,E0018,L03,2026-06-10 10:50:00,2026-06-10 11:20:00,30,缺料等待,False
DT00000078,E0017,L03,2026-06-10 10:50:00,2026-06-10 11:05:00,15,程序调试,False
DT00000079,E0027,L04,2026-06-10 09:50:00,2026-06-10 10:05:00,15,换线调机,True
DT00000080,E0004,L01,2026-06-11 17:40:00,2026-06-11 18:10:00,30,程序调试,False
DT00000081,E0010,L02,2026-06-11 19:40:00,2026-06-11 20:10:00,30,品质异常停线,False
DT00000082,E0016,L02,2026-06-11 18:30:00,2026-06-11 20:00:00,90,设备故障,False
DT00000083,E0022,L03,2026-06-11 14:20:00,2026-06-11 14:50:00,30,设备故障,False
DT00000084,E0018,L03,2026-06-11 16:10:00,2026-06-11 16:30:00,20,计划保养,True
DT00000085,E0020,L03,2026-06-11 10:00:00,2026-06-11 11:00:00,60,设备故障,False
DT00000086,E0029,L04,2026-06-11 19:30:00,2026-06-11 19:50:00,20,品质异常停线,False
DT00000087,E0027,L04,2026-06-11 08:00:00,2026-06-11 08:30:00,30,工装更换,True
DT00000088,E0008,L01,2026-06-12 08:50:00,2026-06-12 10:50:00,120,工装更换,True
DT00000089,E0021,L03,2026-06-12 10:00:00,2026-06-12 11:00:00,60,程序调试,False
DT00000090,E0024,L03,2026-06-12 21:10:00,2026-06-12 21:20:00,10,换线调机,True
DT00000091,E0025,L04,2026-06-12 09:40:00,2026-06-12 10:25:00,45,缺料等待,False
DT00000092,E0029,L04,2026-06-13 09:00:00,2026-06-13 09:10:00,10,设备故障,False
DT00000093,E0030,L04,2026-06-13 11:30:00,2026-06-13 13:00:00,90,换线调机,True
DT00000094,E0001,L01,2026-06-14 13:20:00,2026-06-14 15:20:00,120,计划保养,True
DT00000095,E0015,L02,2026-06-14 13:40:00,2026-06-14 13:55:00,15,程序调试,False
DT00000096,E0010,L02,2026-06-14 09:10:00,2026-06-14 09:25:00,15,缺料等待,False
DT00000097,E0017,L03,2026-06-14 15:10:00,2026-06-14 16:10:00,60,工装更换,True
DT00000098,E0021,L03,2026-06-14 09:50:00,2026-06-14 10:10:00,20,品质异常停线,False
DT00000099,E0020,L03,2026-06-14 17:30:00,2026-06-14 17:50:00,20,设备故障,False
DT00000100,E0025,L04,2026-06-14 14:50:00,2026-06-14 15:10:00,20,设备故障,False
DT00000101,E0026,L04,2026-06-14 07:10:00,2026-06-14 07:30:00,20,换线调机,True
DT00000102,E0004,L01,2026-06-15 15:00:00,2026-06-15 15:30:00,30,计划保养,True
DT00000103,E0005,L01,2026-06-15 17:30:00,2026-06-15 17:50:00,20,工装更换,True
DT00000104,E0007,L01,2026-06-15 19:20:00,2026-06-15 20:05:00,45,换线调机,True
DT00000105,E0010,L02,2026-06-15 10:30:00,2026-06-15 10:40:00,10,设备故障,False
DT00000106,E0018,L03,2026-06-15 14:50:00,2026-06-15 15:35:00,45,缺料等待,False
DT00000107,E0020,L03,2026-06-15 16:00:00,2026-06-15 16:15:00,15,缺料等待,False
DT00000108,E0023,L03,2026-06-15 17:00:00,2026-06-15 17:30:00,30,设备故障,False
DT00000109,E0028,L04,2026-06-15 20:10:00,2026-06-15 20:20:00,10,程序调试,False
DT00000110,E0031,L04,2026-06-15 07:50:00,2026-06-15 08:10:00,20,程序调试,False
DT00000111,E0034,L05,2026-06-15 12:40:00,2026-06-15 14:10:00,90,计划保养,True
DT00000112,E0038,L05,2026-06-15 07:40:00,2026-06-15 08:10:00,30,程序调试,False
DT00000113,E0003,L01,2026-06-16 12:10:00,2026-06-16 12:30:00,20,程序调试,False
DT00000114,E0024,L03,2026-06-16 16:20:00,2026-06-16 18:20:00,120,计划保养,True
DT00000115,E0024,L03,2026-06-16 16:10:00,2026-06-16 16:55:00,45,品质异常停线,False
DT00000116,E0025,L04,2026-06-16 17:40:00,2026-06-16 19:10:00,90,缺料等待,False
DT00000117,E0038,L05,2026-06-16 08:50:00,2026-06-16 10:50:00,120,换线调机,True
DT00000118,E0039,L05,2026-06-16 11:50:00,2026-06-16 12:05:00,15,计划保养,True
DT00000119,E0037,L05,2026-06-16 20:20:00,2026-06-16 20:40:00,20,品质异常停线,False
DT00000120,E0008,L01,2026-06-17 18:10:00,2026-06-17 18:20:00,10,换线调机,True
DT00000121,E0004,L01,2026-06-17 09:30:00,2026-06-17 09:45:00,15,计划保养,True
DT00000122,E0013,L02,2026-06-17 20:40:00,2026-06-17 20:50:00,10,换线调机,True
DT00000123,E0018,L03,2026-06-17 17:20:00,2026-06-17 17:40:00,20,工装更换,True
DT00000124,E0018,L03,2026-06-17 09:30:00,2026-06-17 09:45:00,15,设备故障,False
DT00000125,E0021,L03,2026-06-17 21:40:00,2026-06-17 21:50:00,10,程序调试,False
DT00000126,E0030,L04,2026-06-17 21:40:00,2026-06-17 22:40:00,60,程序调试,False
DT00000127,E0031,L04,2026-06-17 08:30:00,2026-06-17 09:15:00,45,品质异常停线,False
DT00000128,E0038,L05,2026-06-17 10:20:00,2026-06-17 11:05:00,45,工装更换,True
DT00000129,E0036,L05,2026-06-17 20:50:00,2026-06-17 21:20:00,30,缺料等待,False
DT00000130,E0036,L05,2026-06-17 16:30:00,2026-06-17 16:50:00,20,计划保养,True
DT00000131,E0005,L01,2026-06-18 11:00:00,2026-06-18 11:30:00,30,缺料等待,False
DT00000132,E0015,L02,2026-06-18 10:50:00,2026-06-18 11:00:00,10,换线调机,True
DT00000133,E0016,L02,2026-06-18 18:10:00,2026-06-18 18:25:00,15,计划保养,True
DT00000134,E0021,L03,2026-06-18 20:40:00,2026-06-18 22:40:00,120,设备故障,False
DT00000135,E0020,L03,2026-06-18 17:30:00,2026-06-18 17:40:00,10,计划保养,True
DT00000136,E0019,L03,2026-06-18 07:40:00,2026-06-18 07:50:00,10,缺料等待,False
DT00000137,E0030,L04,2026-06-18 21:30:00,2026-06-18 21:45:00,15,品质异常停线,False
DT00000138,E0030,L04,2026-06-18 12:00:00,2026-06-18 12:20:00,20,换线调机,True
DT00000139,E0040,L05,2026-06-18 20:40:00,2026-06-18 21:00:00,20,品质异常停线,False
DT00000140,E0036,L05,2026-06-18 10:40:00,2026-06-18 10:55:00,15,缺料等待,False
DT00000141,E0033,L05,2026-06-18 16:30:00,2026-06-18 17:30:00,60,程序调试,False
DT00000142,E0001,L01,2026-06-19 07:20:00,2026-06-19 07:50:00,30,工装更换,True
DT00000143,E0002,L01,2026-06-19 07:30:00,2026-06-19 09:00:00,90,程序调试,False
DT00000144,E0006,L01,2026-06-19 07:10:00,2026-06-19 07:25:00,15,工装更换,True
DT00000145,E0013,L02,2026-06-19 19:00:00,2026-06-19 19:45:00,45,品质异常停线,False
DT00000146,E0009,L02,2026-06-19 11:30:00,2026-06-19 12:00:00,30,工装更换,True
DT00000147,E0009,L02,2026-06-19 14:50:00,2026-06-19 15:05:00,15,缺料等待,False
DT00000148,E0025,L04,2026-06-19 16:20:00,2026-06-19 16:50:00,30,换线调机,True
DT00000149,E0040,L05,2026-06-19 17:50:00,2026-06-19 18:00:00,10,程序调试,False
DT00000150,E0033,L05,2026-06-19 13:30:00,2026-06-19 13:50:00,20,换线调机,True
DT00000151,E0005,L01,2026-06-20 12:10:00,2026-06-20 12:40:00,30,换线调机,True
DT00000152,E0015,L02,2026-06-20 08:30:00,2026-06-20 09:00:00,30,缺料等待,False
DT00000153,E0016,L02,2026-06-20 17:10:00,2026-06-20 18:40:00,90,品质异常停线,False
DT00000154,E0024,L03,2026-06-20 21:40:00,2026-06-20 23:10:00,90,缺料等待,False
DT00000155,E0018,L03,2026-06-20 11:30:00,2026-06-20 12:00:00,30,计划保养,True
DT00000156,E0026,L04,2026-06-20 17:40:00,2026-06-20 18:25:00,45,计划保养,True
DT00000157,E0040,L05,2026-06-20 16:30:00,2026-06-20 18:30:00,120,换线调机,True
DT00000158,E0033,L05,2026-06-20 13:30:00,2026-06-20 13:45:00,15,设备故障,False
DT00000159,E0013,L02,2026-06-21 13:10:00,2026-06-21 13:55:00,45,程序调试,False
DT00000160,E0023,L03,2026-06-21 21:40:00,2026-06-21 21:50:00,10,缺料等待,False
DT00000161,E0020,L03,2026-06-21 19:40:00,2026-06-21 21:40:00,120,换线调机,True
DT00000162,E0018,L03,2026-06-21 14:00:00,2026-06-21 14:45:00,45,换线调机,True
DT00000163,E0028,L04,2026-06-21 17:30:00,2026-06-21 17:45:00,15,换线调机,True
DT00000164,E0025,L04,2026-06-21 13:30:00,2026-06-21 14:15:00,45,计划保养,True
DT00000165,E0034,L05,2026-06-21 12:40:00,2026-06-21 14:10:00,90,缺料等待,False
DT00000166,E0003,L01,2026-06-22 09:00:00,2026-06-22 09:10:00,10,缺料等待,False
DT00000167,E0008,L01,2026-06-22 19:50:00,2026-06-22 20:00:00,10,缺料等待,False
DT00000168,E0004,L01,2026-06-22 15:10:00,2026-06-22 15:20:00,10,品质异常停线,False
DT00000169,E0009,L02,2026-06-22 15:20:00,2026-06-22 16:05:00,45,工装更换,True
DT00000170,E0017,L03,2026-06-22 17:20:00,2026-06-22 18:50:00,90,工装更换,True
DT00000171,E0018,L03,2026-06-22 10:40:00,2026-06-22 10:55:00,15,缺料等待,False
DT00000172,E0021,L03,2026-06-22 19:40:00,2026-06-22 21:10:00,90,缺料等待,False
DT00000173,E0006,L01,2026-06-23 07:50:00,2026-06-23 08:50:00,60,缺料等待,False
DT00000174,E0001,L01,2026-06-23 10:10:00,2026-06-23 11:40:00,90,换线调机,True
DT00000175,E0012,L02,2026-06-23 12:00:00,2026-06-23 13:30:00,90,工装更换,True
DT00000176,E0013,L02,2026-06-23 07:10:00,2026-06-23 07:40:00,30,缺料等待,False
DT00000177,E0021,L03,2026-06-23 12:10:00,2026-06-23 12:30:00,20,换线调机,True
DT00000178,E0022,L03,2026-06-23 19:40:00,2026-06-23 19:55:00,15,计划保养,True
DT00000179,E0031,L04,2026-06-23 07:20:00,2026-06-23 07:40:00,20,程序调试,False
DT00000180,E0029,L04,2026-06-23 10:20:00,2026-06-23 12:20:00,120,计划保养,True
DT00000181,E0006,L01,2026-06-24 20:30:00,2026-06-24 20:45:00,15,计划保养,True
DT00000182,E0003,L01,2026-06-24 09:20:00,2026-06-24 10:05:00,45,程序调试,False
DT00000183,E0008,L01,2026-06-24 11:30:00,2026-06-24 11:40:00,10,程序调试,False
DT00000184,E0011,L02,2026-06-24 14:10:00,2026-06-24 14:20:00,10,工装更换,True
DT00000185,E0015,L02,2026-06-24 17:00:00,2026-06-24 17:30:00,30,品质异常停线,False
DT00000186,E0009,L02,2026-06-24 07:00:00,2026-06-24 07:30:00,30,设备故障,False
DT00000187,E0025,L04,2026-06-24 17:40:00,2026-06-24 18:00:00,20,品质异常停线,False
DT00000188,E0031,L04,2026-06-24 18:20:00,2026-06-24 18:35:00,15,设备故障,False
DT00000189,E0027,L04,2026-06-24 07:20:00,2026-06-24 07:35:00,15,设备故障,False
DT00000190,E0033,L05,2026-06-24 13:40:00,2026-06-24 14:10:00,30,程序调试,False
DT00000191,E0040,L05,2026-06-24 19:00:00,2026-06-24 19:15:00,15,品质异常停线,False
DT00000192,E0033,L05,2026-06-24 19:00:00,2026-06-24 19:10:00,10,缺料等待,False
DT00000193,E0022,L03,2026-06-25 15:30:00,2026-06-25 16:30:00,60,工装更换,True
DT00000194,E0030,L04,2026-06-25 10:30:00,2026-06-25 11:00:00,30,计划保养,True
DT00000195,E0030,L04,2026-06-25 16:10:00,2026-06-25 17:10:00,60,程序调试,False
DT00000196,E0026,L04,2026-06-25 15:10:00,2026-06-25 15:55:00,45,设备故障,False
DT00000197,E0035,L05,2026-06-25 14:30:00,2026-06-25 15:30:00,60,换线调机,True
DT00000198,E0007,L01,2026-06-26 18:10:00,2026-06-26 18:30:00,20,缺料等待,False
DT00000199,E0007,L01,2026-06-26 19:00:00,2026-06-26 20:00:00,60,换线调机,True
DT00000200,E0011,L02,2026-06-26 17:20:00,2026-06-26 18:50:00,90,换线调机,True
DT00000201,E0013,L02,2026-06-26 21:30:00,2026-06-26 21:45:00,15,程序调试,False
DT00000202,E0022,L03,2026-06-26 11:00:00,2026-06-26 12:00:00,60,计划保养,True
DT00000203,E0029,L04,2026-06-26 13:00:00,2026-06-26 14:30:00,90,程序调试,False
DT00000204,E0037,L05,2026-06-26 07:00:00,2026-06-26 07:45:00,45,计划保养,True
DT00000205,E0003,L01,2026-06-27 19:40:00,2026-06-27 20:40:00,60,设备故障,False
DT00000206,E0019,L03,2026-06-27 08:10:00,2026-06-27 08:30:00,20,计划保养,True
DT00000207,E0024,L03,2026-06-27 07:50:00,2026-06-27 08:50:00,60,计划保养,True
DT00000208,E0029,L04,2026-06-27 11:00:00,2026-06-27 11:30:00,30,程序调试,False
DT00000209,E0040,L05,2026-06-27 10:10:00,2026-06-27 11:10:00,60,程序调试,False
DT00000210,E0036,L05,2026-06-27 13:20:00,2026-06-27 14:05:00,45,工装更换,True
DT00000211,E0001,L01,2026-06-28 19:00:00,2026-06-28 19:10:00,10,品质异常停线,False
DT00000212,E0001,L01,2026-06-28 13:10:00,2026-06-28 13:40:00,30,换线调机,True
DT00000213,E0013,L02,2026-06-28 17:50:00,2026-06-28 18:35:00,45,工装更换,True
DT00000214,E0010,L02,2026-06-28 16:40:00,2026-06-28 17:40:00,60,换线调机,True
DT00000215,E0024,L03,2026-06-28 21:20:00,2026-06-28 21:50:00,30,计划保养,True
DT00000216,E0019,L03,2026-06-28 07:50:00,2026-06-28 08:50:00,60,工装更换,True
DT00000217,E0023,L03,2026-06-28 14:50:00,2026-06-28 16:50:00,120,计划保养,True
DT00000218,E0032,L04,2026-06-28 12:00:00,2026-06-28 14:00:00,120,换线调机,True
DT00000219,E0029,L04,2026-06-28 14:00:00,2026-06-28 14:20:00,20,程序调试,False
DT00000220,E0001,L01,2026-06-29 07:30:00,2026-06-29 07:40:00,10,程序调试,False
DT00000221,E0012,L02,2026-06-29 16:00:00,2026-06-29 16:15:00,15,计划保养,True
DT00000222,E0016,L02,2026-06-29 15:40:00,2026-06-29 16:40:00,60,缺料等待,False
DT00000223,E0009,L02,2026-06-29 18:20:00,2026-06-29 19:20:00,60,程序调试,False
DT00000224,E0020,L03,2026-06-29 13:30:00,2026-06-29 14:30:00,60,缺料等待,False
DT00000225,E0022,L03,2026-06-29 16:20:00,2026-06-29 18:20:00,120,品质异常停线,False
DT00000226,E0023,L03,2026-06-29 11:20:00,2026-06-29 12:50:00,90,品质异常停线,False
DT00000227,E0031,L04,2026-06-29 19:50:00,2026-06-29 20:20:00,30,缺料等待,False
DT00000228,E0029,L04,2026-06-29 17:50:00,2026-06-29 18:35:00,45,换线调机,True
DT00000229,E0025,L04,2026-06-29 17:00:00,2026-06-29 18:00:00,60,程序调试,False
DT00000230,E0038,L05,2026-06-29 13:50:00,2026-06-29 14:35:00,45,程序调试,False
DT00000231,E0026,L04,2026-06-30 13:10:00,2026-06-30 13:20:00,10,设备故障,False
DT00000232,E0037,L05,2026-06-30 13:10:00,2026-06-30 13:30:00,20,设备故障,False
DT00000233,E0035,L05,2026-06-30 20:30:00,2026-06-30 21:30:00,60,计划保养,True
DT00000234,E0015,L02,2026-07-01 21:50:00,2026-07-01 22:00:00,10,程序调试,False
DT00000235,E0017,L03,2026-07-01 21:50:00,2026-07-01 23:50:00,120,计划保养,True
DT00000236,E0026,L04,2026-07-01 10:50:00,2026-07-01 11:20:00,30,设备故障,False
DT00000237,E0032,L04,2026-07-01 18:00:00,2026-07-01 18:10:00,10,换线调机,True
DT00000238,E0031,L04,2026-07-01 19:50:00,2026-07-01 20:10:00,20,程序调试,False
DT00000239,E0006,L01,2026-07-02 17:40:00,2026-07-02 18:10:00,30,工装更换,True
DT00000240,E0004,L01,2026-07-02 12:00:00,2026-07-02 14:00:00,120,程序调试,False
DT00000241,E0014,L02,2026-07-02 08:20:00,2026-07-02 09:20:00,60,设备故障,False
DT00000242,E0009,L02,2026-07-02 21:10:00,2026-07-02 21:40:00,30,品质异常停线,False
DT00000243,E0012,L02,2026-07-02 17:30:00,2026-07-02 19:00:00,90,换线调机,True
DT00000244,E0027,L04,2026-07-02 11:10:00,2026-07-02 12:40:00,90,工装更换,True
DT00000245,E0040,L05,2026-07-02 09:20:00,2026-07-02 10:50:00,90,设备故障,False
DT00000246,E0034,L05,2026-07-02 20:20:00,2026-07-02 20:40:00,20,设备故障,False
DT00000247,E0037,L05,2026-07-02 11:30:00,2026-07-02 12:00:00,30,程序调试,False
DT00000248,E0004,L01,2026-07-03 12:20:00,2026-07-03 12:50:00,30,程序调试,False
DT00000249,E0001,L01,2026-07-03 17:30:00,2026-07-03 18:15:00,45,换线调机,True
DT00000250,E0008,L01,2026-07-03 13:20:00,2026-07-03 14:05:00,45,设备故障,False
DT00000251,E0015,L02,2026-07-03 17:10:00,2026-07-03 19:10:00,120,设备故障,False
DT00000252,E0010,L02,2026-07-03 09:30:00,2026-07-03 10:15:00,45,工装更换,True
DT00000253,E0016,L02,2026-07-03 08:50:00,2026-07-03 10:50:00,120,换线调机,True
DT00000254,E0031,L04,2026-07-03 21:00:00,2026-07-03 22:30:00,90,缺料等待,False
DT00000255,E0031,L04,2026-07-03 17:30:00,2026-07-03 18:15:00,45,设备故障,False
DT00000256,E0027,L04,2026-07-03 20:30:00,2026-07-03 20:50:00,20,缺料等待,False
DT00000257,E0037,L05,2026-07-03 14:00:00,2026-07-03 14:30:00,30,设备故障,False
DT00000258,E0016,L02,2026-07-04 15:30:00,2026-07-04 16:15:00,45,设备故障,False
DT00000259,E0009,L02,2026-07-04 07:20:00,2026-07-04 09:20:00,120,计划保养,True
DT00000260,E0036,L05,2026-07-04 13:20:00,2026-07-04 13:50:00,30,工装更换,True
DT00000261,E0008,L01,2026-07-05 19:00:00,2026-07-05 20:30:00,90,换线调机,True
DT00000262,E0009,L02,2026-07-05 15:20:00,2026-07-05 17:20:00,120,品质异常停线,False
DT00000263,E0032,L04,2026-07-05 16:10:00,2026-07-05 18:10:00,120,缺料等待,False
DT00000264,E0027,L04,2026-07-05 19:50:00,2026-07-05 21:20:00,90,程序调试,False
DT00000265,E0027,L04,2026-07-05 17:00:00,2026-07-05 17:20:00,20,计划保养,True
DT00000266,E0033,L05,2026-07-05 10:10:00,2026-07-05 10:30:00,20,设备故障,False
DT00000267,E0040,L05,2026-07-05 21:00:00,2026-07-05 21:45:00,45,品质异常停线,False
DT00000268,E0008,L01,2026-07-06 10:30:00,2026-07-06 11:00:00,30,缺料等待,False
DT00000269,E0011,L02,2026-07-06 20:40:00,2026-07-06 21:00:00,20,工装更换,True
DT00000270,E0011,L02,2026-07-06 12:20:00,2026-07-06 13:05:00,45,计划保养,True
DT00000271,E0021,L03,2026-07-06 17:10:00,2026-07-06 17:40:00,30,换线调机,True
DT00000272,E0020,L03,2026-07-06 14:40:00,2026-07-06 15:00:00,20,程序调试,False
DT00000273,E0023,L03,2026-07-06 15:40:00,2026-07-06 16:40:00,60,缺料等待,False
DT00000274,E0026,L04,2026-07-06 11:30:00,2026-07-06 11:45:00,15,设备故障,False
DT00000275,E0032,L04,2026-07-06 08:50:00,2026-07-06 09:35:00,45,品质异常停线,False
DT00000276,E0027,L04,2026-07-06 17:30:00,2026-07-06 17:45:00,15,换线调机,True
DT00000277,E0036,L05,2026-07-06 09:50:00,2026-07-06 10:10:00,20,工装更换,True
DT00000278,E0038,L05,2026-07-06 20:10:00,2026-07-06 22:10:00,120,换线调机,True
DT00000279,E0038,L05,2026-07-06 13:50:00,2026-07-06 14:35:00,45,计划保养,True
DT00000280,E0001,L01,2026-07-07 19:30:00,2026-07-07 19:45:00,15,程序调试,False
DT00000281,E0001,L01,2026-07-08 20:00:00,2026-07-08 20:45:00,45,缺料等待,False
DT00000282,E0012,L02,2026-07-08 21:10:00,2026-07-08 21:30:00,20,工装更换,True
DT00000283,E0016,L02,2026-07-08 17:50:00,2026-07-08 18:05:00,15,品质异常停线,False
DT00000284,E0036,L05,2026-07-08 20:30:00,2026-07-08 22:00:00,90,计划保养,True
DT00000285,E0036,L05,2026-07-08 08:10:00,2026-07-08 08:30:00,20,计划保养,True
DT00000286,E0006,L01,2026-07-09 09:30:00,2026-07-09 09:40:00,10,工装更换,True
DT00000287,E0009,L02,2026-07-09 13:10:00,2026-07-09 14:40:00,90,设备故障,False
DT00000288,E0013,L02,2026-07-09 09:50:00,2026-07-09 11:50:00,120,程序调试,False
DT00000289,E0012,L02,2026-07-09 17:40:00,2026-07-09 18:40:00,60,工装更换,True
DT00000290,E0018,L03,2026-07-09 11:20:00,2026-07-09 11:50:00,30,设备故障,False
DT00000291,E0022,L03,2026-07-09 18:50:00,2026-07-09 19:00:00,10,设备故障,False
DT00000292,E0036,L05,2026-07-09 09:00:00,2026-07-09 09:30:00,30,计划保养,True
DT00000293,E0039,L05,2026-07-09 08:00:00,2026-07-09 09:00:00,60,换线调机,True
DT00000294,E0006,L01,2026-07-10 10:40:00,2026-07-10 12:40:00,120,计划保养,True
DT00000295,E0009,L02,2026-07-10 20:00:00,2026-07-10 20:10:00,10,工装更换,True
DT00000296,E0031,L04,2026-07-10 21:50:00,2026-07-10 22:20:00,30,计划保养,True
DT00000297,E0026,L04,2026-07-10 19:00:00,2026-07-10 19:30:00,30,换线调机,True
DT00000298,E0032,L04,2026-07-10 15:50:00,2026-07-10 17:50:00,120,品质异常停线,False
DT00000299,E0003,L01,2026-07-11 17:00:00,2026-07-11 19:00:00,120,换线调机,True
DT00000300,E0016,L02,2026-07-11 15:40:00,2026-07-11 15:50:00,10,品质异常停线,False
DT00000301,E0014,L02,2026-07-11 17:00:00,2026-07-11 18:30:00,90,计划保养,True
DT00000302,E0023,L03,2026-07-11 07:20:00,2026-07-11 07:50:00,30,换线调机,True
DT00000303,E0032,L04,2026-07-11 09:20:00,2026-07-11 10:05:00,45,程序调试,False
DT00000304,E0026,L04,2026-07-11 18:40:00,2026-07-11 20:40:00,120,品质异常停线,False
DT00000305,E0032,L04,2026-07-11 10:40:00,2026-07-11 12:10:00,90,换线调机,True
DT00000306,E0040,L05,2026-07-11 16:20:00,2026-07-11 16:50:00,30,缺料等待,False
DT00000307,E0037,L05,2026-07-11 20:50:00,2026-07-11 21:20:00,30,缺料等待,False
DT00000308,E0010,L02,2026-07-12 20:10:00,2026-07-12 20:20:00,10,品质异常停线,False
DT00000309,E0021,L03,2026-07-12 11:20:00,2026-07-12 12:50:00,90,缺料等待,False
DT00000310,E0024,L03,2026-07-12 14:20:00,2026-07-12 14:50:00,30,设备故障,False
DT00000311,E0020,L03,2026-07-12 08:20:00,2026-07-12 08:30:00,10,计划保养,True
DT00000312,E0032,L04,2026-07-12 21:30:00,2026-07-12 23:30:00,120,工装更换,True
DT00000313,E0034,L05,2026-07-12 14:40:00,2026-07-12 16:40:00,120,工装更换,True
DT00000314,E0039,L05,2026-07-12 09:50:00,2026-07-12 10:20:00,30,工装更换,True
DT00000315,E0001,L01,2026-07-13 10:20:00,2026-07-13 11:05:00,45,缺料等待,False
DT00000316,E0008,L01,2026-07-13 18:00:00,2026-07-13 19:30:00,90,计划保养,True
DT00000317,E0002,L01,2026-07-13 16:40:00,2026-07-13 17:25:00,45,工装更换,True
DT00000318,E0010,L02,2026-07-13 13:30:00,2026-07-13 13:50:00,20,工装更换,True
DT00000319,E0026,L04,2026-07-13 15:20:00,2026-07-13 16:05:00,45,品质异常停线,False
DT00000320,E0025,L04,2026-07-13 15:10:00,2026-07-13 15:25:00,15,工装更换,True
DT00000321,E0040,L05,2026-07-13 18:30:00,2026-07-13 18:50:00,20,品质异常停线,False
DT00000322,E0036,L05,2026-07-13 14:50:00,2026-07-13 16:50:00,120,设备故障,False
DT00000323,E0035,L05,2026-07-13 17:10:00,2026-07-13 17:20:00,10,缺料等待,False
DT00000324,E0003,L01,2026-07-14 21:40:00,2026-07-14 22:10:00,30,设备故障,False
DT00000325,E0006,L01,2026-07-14 21:30:00,2026-07-14 21:45:00,15,工装更换,True
DT00000326,E0021,L03,2026-07-14 18:10:00,2026-07-14 19:40:00,90,计划保养,True
DT00000327,E0019,L03,2026-07-14 15:50:00,2026-07-14 16:00:00,10,设备故障,False
DT00000328,E0033,L05,2026-07-14 19:40:00,2026-07-14 19:50:00,10,程序调试,False
DT00000329,E0003,L01,2026-07-15 11:50:00,2026-07-15 12:00:00,10,程序调试,False
DT00000330,E0007,L01,2026-07-15 15:30:00,2026-07-15 16:15:00,45,品质异常停线,False
DT00000331,E0007,L01,2026-07-15 10:40:00,2026-07-15 11:40:00,60,设备故障,False
DT00000332,E0018,L03,2026-07-15 09:20:00,2026-07-15 09:40:00,20,计划保养,True
DT00000333,E0018,L03,2026-07-15 09:00:00,2026-07-15 09:15:00,15,缺料等待,False
DT00000334,E0027,L04,2026-07-15 13:30:00,2026-07-15 13:40:00,10,换线调机,True
DT00000335,E0032,L04,2026-07-15 18:40:00,2026-07-15 20:10:00,90,换线调机,True
DT00000336,E0034,L05,2026-07-15 19:10:00,2026-07-15 21:10:00,120,缺料等待,False
