snapshot_id,snapshot_date,product_id,warehouse_code,available_qty,frozen_qty,safety_stock_qty
INV00000001,2026-06-01,P001,WH-QA,1826,120,1200
INV00000002,2026-06-01,P002,WH-A,2109,0,800
INV00000003,2026-06-01,P003,WH-QA,2333,80,1000
INV00000004,2026-06-01,P004,WH-QA,2503,80,1200
INV00000005,2026-06-01,P006,WH-QA,2536,0,500
INV00000006,2026-06-01,P007,WH-QA,3714,0,500
INV00000007,2026-06-01,P008,WH-QA,1731,0,500
INV00000008,2026-06-01,P009,WH-B,3278,120,1200
INV00000009,2026-06-01,P010,WH-A,2992,0,1000
INV00000010,2026-06-01,P011,WH-QA,2279,20,800
INV00000011,2026-06-01,P013,WH-A,1908,0,800
INV00000012,2026-06-01,P014,WH-A,3570,80,1000
INV00000013,2026-06-01,P015,WH-A,3433,120,1200
INV00000014,2026-06-01,P019,WH-QA,2930,20,800
INV00000015,2026-06-01,P020,WH-B,2825,0,800
INV00000016,2026-06-01,P021,WH-B,3489,0,1200
INV00000017,2026-06-01,P023,WH-A,3981,80,1000
INV00000018,2026-06-01,P025,WH-B,2930,120,1000
INV00000019,2026-06-01,P026,WH-QA,3133,120,800
INV00000020,2026-06-01,P027,WH-B,3983,80,1200
INV00000021,2026-06-02,P004,WH-QA,2494,80,1000
INV00000022,2026-06-02,P006,WH-B,2583,80,1000
INV00000023,2026-06-02,P007,WH-B,2619,80,1200
INV00000024,2026-06-02,P008,WH-A,2999,120,1000
INV00000025,2026-06-02,P009,WH-A,3360,120,1000
INV00000026,2026-06-02,P010,WH-QA,2591,0,800
INV00000027,2026-06-02,P012,WH-B,2771,0,500
INV00000028,2026-06-02,P013,WH-A,2286,0,500
INV00000029,2026-06-02,P014,WH-B,2546,0,800
INV00000030,2026-06-02,P015,WH-B,2705,50,800
INV00000031,2026-06-02,P016,WH-A,2387,0,800
INV00000032,2026-06-02,P017,WH-B,3205,80,800
INV00000033,2026-06-02,P018,WH-QA,4017,120,500
INV00000034,2026-06-02,P020,WH-B,3411,20,1000
INV00000035,2026-06-02,P021,WH-A,3742,0,1200
INV00000036,2026-06-02,P023,WH-QA,4405,80,800
INV00000037,2026-06-02,P024,WH-B,2929,120,500
INV00000038,2026-06-02,P026,WH-QA,3234,120,1000
INV00000039,2026-06-02,P027,WH-A,4137,120,800
INV00000040,2026-06-02,P028,WH-B,4280,50,500
INV00000041,2026-06-03,P001,WH-A,2281,50,1200
INV00000042,2026-06-03,P002,WH-A,2890,0,1000
INV00000043,2026-06-03,P004,WH-A,3474,20,800
INV00000044,2026-06-03,P006,WH-B,3305,50,1200
INV00000045,2026-06-03,P008,WH-A,3289,80,500
INV00000046,2026-06-03,P011,WH-A,3047,0,500
INV00000047,2026-06-03,P012,WH-QA,3202,0,500
INV00000048,2026-06-03,P014,WH-A,3053,20,500
INV00000049,2026-06-03,P015,WH-B,2978,120,1200
INV00000050,2026-06-03,P016,WH-B,2728,120,500
INV00000051,2026-06-03,P017,WH-A,4070,120,500
INV00000052,2026-06-03,P018,WH-A,2953,20,500
INV00000053,2026-06-03,P020,WH-QA,4132,0,500
INV00000054,2026-06-03,P021,WH-A,4082,120,800
INV00000055,2026-06-03,P022,WH-QA,4213,80,1000
INV00000056,2026-06-03,P023,WH-B,3948,50,1000
INV00000057,2026-06-03,P024,WH-A,3219,120,1000
INV00000058,2026-06-03,P025,WH-A,3668,0,1200
INV00000059,2026-06-03,P026,WH-QA,4409,20,1000
INV00000060,2026-06-03,P027,WH-QA,3675,0,800
INV00000061,2026-06-03,P028,WH-QA,3138,120,1000
INV00000062,2026-06-04,P001,WH-QA,2825,0,500
INV00000063,2026-06-04,P002,WH-QA,1988,20,1200
INV00000064,2026-06-04,P003,WH-QA,2315,20,800
INV00000065,2026-06-04,P005,WH-A,2996,0,500
INV00000066,2026-06-04,P008,WH-B,3006,20,500
INV00000067,2026-06-04,P009,WH-B,2839,20,1200
INV00000068,2026-06-04,P010,WH-A,2513,50,1200
INV00000069,2026-06-04,P011,WH-A,3440,120,1200
INV00000070,2026-06-04,P012,WH-B,3523,0,800
INV00000071,2026-06-04,P013,WH-QA,2510,0,800
INV00000072,2026-06-04,P016,WH-A,2914,0,800
INV00000073,2026-06-04,P017,WH-B,3565,0,500
INV00000074,2026-06-04,P018,WH-B,2826,0,1000
INV00000075,2026-06-04,P019,WH-A,2882,80,800
INV00000076,2026-06-04,P020,WH-A,3461,0,500
INV00000077,2026-06-04,P022,WH-B,3067,80,1000
INV00000078,2026-06-04,P023,WH-QA,3605,0,500
INV00000079,2026-06-04,P024,WH-A,2706,0,800
INV00000080,2026-06-04,P025,WH-QA,3255,120,800
INV00000081,2026-06-04,P028,WH-B,4399,20,500
INV00000082,2026-06-05,P001,WH-QA,2074,0,500
INV00000083,2026-06-05,P003,WH-A,2064,80,1200
INV00000084,2026-06-05,P004,WH-QA,2473,80,1000
INV00000085,2026-06-05,P005,WH-QA,2781,80,1200
INV00000086,2026-06-05,P006,WH-A,3656,0,1200
INV00000087,2026-06-05,P007,WH-A,3225,50,500
INV00000088,2026-06-05,P008,WH-QA,3455,120,800
INV00000089,2026-06-05,P009,WH-QA,2490,120,1000
INV00000090,2026-06-05,P010,WH-A,2599,0,1200
INV00000091,2026-06-05,P011,WH-B,3204,20,800
INV00000092,2026-06-05,P012,WH-B,3581,0,500
INV00000093,2026-06-05,P014,WH-A,2644,0,800
INV00000094,2026-06-05,P015,WH-A,3429,80,500
INV00000095,2026-06-05,P016,WH-B,3394,50,1200
INV00000096,2026-06-05,P017,WH-B,3282,120,800
INV00000097,2026-06-05,P018,WH-B,3302,120,1000
INV00000098,2026-06-05,P019,WH-B,4228,20,1200
INV00000099,2026-06-05,P020,WH-B,3645,0,1000
INV00000100,2026-06-05,P021,WH-QA,3250,0,500
INV00000101,2026-06-05,P022,WH-A,3270,120,800
INV00000102,2026-06-05,P023,WH-QA,2952,0,1000
INV00000103,2026-06-05,P024,WH-B,3825,120,1200
INV00000104,2026-06-05,P025,WH-QA,3551,120,800
INV00000105,2026-06-05,P026,WH-A,4559,50,800
INV00000106,2026-06-05,P027,WH-B,3251,80,1000
INV00000107,2026-06-05,P028,WH-A,3350,0,1000
INV00000108,2026-06-06,P001,WH-B,3237,0,800
INV00000109,2026-06-06,P002,WH-B,2831,20,1000
INV00000110,2026-06-06,P004,WH-QA,2856,20,800
INV00000111,2026-06-06,P005,WH-B,2218,0,500
INV00000112,2026-06-06,P006,WH-B,3051,20,800
INV00000113,2026-06-06,P008,WH-A,2127,120,500
INV00000114,2026-06-06,P009,WH-B,2948,120,1200
INV00000115,2026-06-06,P010,WH-QA,2972,20,500
INV00000116,2026-06-06,P011,WH-B,2625,0,1200
INV00000117,2026-06-06,P013,WH-QA,3745,50,800
INV00000118,2026-06-06,P014,WH-QA,3718,20,500
INV00000119,2026-06-06,P015,WH-QA,3421,80,500
INV00000120,2026-06-06,P016,WH-B,3510,0,500
INV00000121,2026-06-06,P017,WH-B,2382,0,1200
INV00000122,2026-06-06,P018,WH-A,3263,0,1200
INV00000123,2026-06-06,P019,WH-QA,2664,0,1000
INV00000124,2026-06-06,P020,WH-QA,2460,50,1000
INV00000125,2026-06-06,P021,WH-B,3516,0,1000
INV00000126,2026-06-06,P022,WH-B,3626,0,1000
INV00000127,2026-06-06,P023,WH-QA,2779,0,1200
INV00000128,2026-06-06,P024,WH-A,3208,50,800
INV00000129,2026-06-06,P025,WH-B,2828,0,1200
INV00000130,2026-06-06,P026,WH-A,4326,0,1200
INV00000131,2026-06-06,P027,WH-B,2997,0,1000
INV00000132,2026-06-06,P028,WH-B,4009,20,1200
INV00000133,2026-06-07,P001,WH-B,2388,80,800
INV00000134,2026-06-07,P003,WH-A,3131,50,500
INV00000135,2026-06-07,P004,WH-B,2694,0,500
INV00000136,2026-06-07,P005,WH-A,2661,50,500
INV00000137,2026-06-07,P006,WH-A,2577,0,500
INV00000138,2026-06-07,P007,WH-A,3398,0,1000
INV00000139,2026-06-07,P008,WH-B,2208,50,1000
INV00000140,2026-06-07,P009,WH-A,2895,80,1200
INV00000141,2026-06-07,P010,WH-B,2876,120,1000
INV00000142,2026-06-07,P011,WH-A,2475,50,1200
INV00000143,2026-06-07,P012,WH-QA,2739,20,800
INV00000144,2026-06-07,P013,WH-QA,3860,80,500
INV00000145,2026-06-07,P014,WH-QA,3665,0,500
INV00000146,2026-06-07,P015,WH-A,3565,0,800
INV00000147,2026-06-07,P016,WH-A,2637,50,1000
INV00000148,2026-06-07,P017,WH-A,3637,80,1000
INV00000149,2026-06-07,P019,WH-B,3750,80,500
INV00000150,2026-06-07,P020,WH-B,3960,50,800
INV00000151,2026-06-07,P021,WH-A,3462,20,800
INV00000152,2026-06-07,P022,WH-B,2958,80,800
INV00000153,2026-06-07,P024,WH-QA,3290,0,1000
INV00000154,2026-06-07,P026,WH-A,3141,120,1200
INV00000155,2026-06-07,P027,WH-A,4622,50,800
INV00000156,2026-06-07,P028,WH-A,3011,0,1200
INV00000157,2026-06-08,P002,WH-QA,2419,0,1000
INV00000158,2026-06-08,P003,WH-B,3017,0,1200
INV00000159,2026-06-08,P004,WH-B,3597,50,500
INV00000160,2026-06-08,P006,WH-B,1811,0,800
INV00000161,2026-06-08,P007,WH-A,1957,0,1000
INV00000162,2026-06-08,P008,WH-B,2067,20,800
INV00000163,2026-06-08,P009,WH-QA,2435,0,800
INV00000164,2026-06-08,P010,WH-QA,2809,50,1000
INV00000165,2026-06-08,P011,WH-QA,3251,0,1200
INV00000166,2026-06-08,P014,WH-A,3191,50,500
INV00000167,2026-06-08,P015,WH-QA,3317,0,800
INV00000168,2026-06-08,P016,WH-B,3964,20,1000
INV00000169,2026-06-08,P017,WH-B,2750,0,800
INV00000170,2026-06-08,P018,WH-QA,3017,0,1000
INV00000171,2026-06-08,P019,WH-QA,3631,80,500
INV00000172,2026-06-08,P020,WH-B,3074,80,1200
INV00000173,2026-06-08,P021,WH-B,3471,0,1000
INV00000174,2026-06-08,P022,WH-QA,3945,120,500
INV00000175,2026-06-08,P023,WH-B,3350,80,1000
INV00000176,2026-06-08,P025,WH-QA,2877,120,800
INV00000177,2026-06-08,P026,WH-B,4061,80,1000
INV00000178,2026-06-08,P028,WH-QA,4196,50,500
INV00000179,2026-06-09,P001,WH-QA,3571,0,500
INV00000180,2026-06-09,P002,WH-QA,2291,0,800
INV00000181,2026-06-09,P003,WH-B,3397,80,800
INV00000182,2026-06-09,P004,WH-QA,2410,0,500
INV00000183,2026-06-09,P005,WH-A,3760,20,1000
INV00000184,2026-06-09,P006,WH-B,3372,0,500
INV00000185,2026-06-09,P007,WH-B,2910,0,500
INV00000186,2026-06-09,P008,WH-B,2674,0,1200
INV00000187,2026-06-09,P009,WH-B,2412,0,500
INV00000188,2026-06-09,P010,WH-A,3581,80,500
INV00000189,2026-06-09,P011,WH-QA,2054,0,800
INV00000190,2026-06-09,P012,WH-QA,2946,0,1200
INV00000191,2026-06-09,P013,WH-QA,3304,80,500
INV00000192,2026-06-09,P014,WH-A,3789,50,1200
INV00000193,2026-06-09,P015,WH-QA,2202,0,800
INV00000194,2026-06-09,P016,WH-B,3735,80,800
INV00000195,2026-06-09,P018,WH-QA,3776,20,500
INV00000196,2026-06-09,P020,WH-QA,3498,80,1000
INV00000197,2026-06-09,P021,WH-A,3700,20,1000
INV00000198,2026-06-09,P023,WH-A,3047,20,1200
INV00000199,2026-06-09,P024,WH-A,2773,0,1200
INV00000200,2026-06-09,P025,WH-QA,3392,0,800
INV00000201,2026-06-09,P026,WH-QA,3653,80,1200
INV00000202,2026-06-09,P028,WH-B,3629,0,1200
INV00000203,2026-06-10,P001,WH-B,2142,120,500
INV00000204,2026-06-10,P002,WH-A,1837,0,1000
INV00000205,2026-06-10,P003,WH-QA,3110,120,1000
INV00000206,2026-06-10,P004,WH-QA,3828,20,1000
INV00000207,2026-06-10,P005,WH-QA,3528,80,800
INV00000208,2026-06-10,P006,WH-B,3505,0,500
INV00000209,2026-06-10,P008,WH-QA,2985,120,800
INV00000210,2026-06-10,P010,WH-A,2705,80,500
INV00000211,2026-06-10,P011,WH-B,2535,80,500
INV00000212,2026-06-10,P012,WH-A,3606,0,1200
INV00000213,2026-06-10,P013,WH-A,2885,50,1000
INV00000214,2026-06-10,P014,WH-A,2306,80,500
INV00000215,2026-06-10,P015,WH-B,3375,0,800
INV00000216,2026-06-10,P016,WH-A,2514,0,1200
INV00000217,2026-06-10,P017,WH-QA,2746,0,1000
INV00000218,2026-06-10,P018,WH-B,3544,0,1200
INV00000219,2026-06-10,P019,WH-A,3020,120,1000
INV00000220,2026-06-10,P020,WH-QA,4136,0,1200
INV00000221,2026-06-10,P021,WH-B,3039,0,1200
INV00000222,2026-06-10,P023,WH-B,3306,0,800
INV00000223,2026-06-10,P025,WH-A,4035,0,1200
INV00000224,2026-06-10,P026,WH-QA,3856,0,500
INV00000225,2026-06-10,P028,WH-B,3134,80,1200
INV00000226,2026-06-11,P001,WH-QA,3631,0,1000
INV00000227,2026-06-11,P002,WH-QA,3049,0,800
INV00000228,2026-06-11,P003,WH-QA,2331,50,1000
INV00000229,2026-06-11,P004,WH-B,2092,0,1000
INV00000230,2026-06-11,P006,WH-B,2430,80,1200
INV00000231,2026-06-11,P007,WH-A,2292,50,1200
INV00000232,2026-06-11,P009,WH-A,3427,80,800
INV00000233,2026-06-11,P010,WH-A,3480,0,1200
INV00000234,2026-06-11,P012,WH-QA,3620,50,1200
INV00000235,2026-06-11,P013,WH-QA,2226,20,1200
INV00000236,2026-06-11,P014,WH-A,3792,0,1000
INV00000237,2026-06-11,P015,WH-B,2827,0,800
INV00000238,2026-06-11,P016,WH-B,2840,50,500
INV00000239,2026-06-11,P017,WH-A,3355,80,500
INV00000240,2026-06-11,P019,WH-A,4122,0,1200
INV00000241,2026-06-11,P020,WH-A,3092,0,1200
INV00000242,2026-06-11,P021,WH-A,3180,80,1200
INV00000243,2026-06-11,P023,WH-QA,4034,20,800
INV00000244,2026-06-11,P024,WH-QA,4241,0,1000
INV00000245,2026-06-11,P025,WH-QA,4172,0,800
INV00000246,2026-06-11,P026,WH-B,3239,50,1000
INV00000247,2026-06-11,P027,WH-B,3459,80,1000
INV00000248,2026-06-12,P002,WH-QA,2414,20,500
INV00000249,2026-06-12,P003,WH-QA,2093,80,1000
INV00000250,2026-06-12,P004,WH-B,2689,80,1000
INV00000251,2026-06-12,P005,WH-B,2473,20,1200
INV00000252,2026-06-12,P006,WH-QA,2831,0,800
INV00000253,2026-06-12,P008,WH-A,3296,0,800
INV00000254,2026-06-12,P009,WH-QA,3506,0,1000
INV00000255,2026-06-12,P010,WH-QA,2649,0,500
INV00000256,2026-06-12,P011,WH-QA,3307,80,1200
INV00000257,2026-06-12,P012,WH-B,3611,120,500
INV00000258,2026-06-12,P013,WH-A,3363,20,1200
INV00000259,2026-06-12,P015,WH-A,2434,120,500
INV00000260,2026-06-12,P016,WH-A,2559,80,1000
INV00000261,2026-06-12,P017,WH-QA,2550,120,1000
INV00000262,2026-06-12,P019,WH-B,3210,0,800
INV00000263,2026-06-12,P020,WH-B,3084,0,1200
INV00000264,2026-06-12,P021,WH-B,3445,20,800
INV00000265,2026-06-12,P022,WH-QA,2926,50,1200
INV00000266,2026-06-12,P023,WH-QA,3212,50,500
INV00000267,2026-06-12,P024,WH-QA,2726,80,1200
INV00000268,2026-06-12,P025,WH-A,3997,0,1000
INV00000269,2026-06-12,P026,WH-B,3648,0,1200
INV00000270,2026-06-12,P027,WH-QA,3248,80,500
INV00000271,2026-06-12,P028,WH-QA,3959,20,1200
INV00000272,2026-06-13,P001,WH-B,2106,20,800
INV00000273,2026-06-13,P002,WH-QA,2939,20,800
INV00000274,2026-06-13,P003,WH-A,2891,80,500
INV00000275,2026-06-13,P004,WH-A,2825,0,1200
INV00000276,2026-06-13,P006,WH-B,2707,80,1200
INV00000277,2026-06-13,P007,WH-QA,2189,0,800
INV00000278,2026-06-13,P009,WH-QA,2507,20,800
INV00000279,2026-06-13,P010,WH-A,3323,0,800
INV00000280,2026-06-13,P011,WH-A,2838,0,800
INV00000281,2026-06-13,P012,WH-A,3210,80,1000
INV00000282,2026-06-13,P013,WH-QA,3580,0,1200
INV00000283,2026-06-13,P015,WH-A,2887,0,500
INV00000284,2026-06-13,P016,WH-B,2804,0,500
INV00000285,2026-06-13,P017,WH-B,3097,0,500
INV00000286,2026-06-13,P018,WH-QA,3780,80,1200
INV00000287,2026-06-13,P019,WH-B,3462,50,1200
INV00000288,2026-06-13,P021,WH-QA,4206,0,800
INV00000289,2026-06-13,P022,WH-B,2885,120,500
INV00000290,2026-06-13,P023,WH-B,4098,50,500
INV00000291,2026-06-13,P024,WH-QA,2878,80,1200
INV00000292,2026-06-13,P025,WH-B,4007,120,800
INV00000293,2026-06-13,P026,WH-A,3481,50,500
INV00000294,2026-06-13,P027,WH-A,3512,80,1200
INV00000295,2026-06-13,P028,WH-A,3002,50,1000
INV00000296,2026-06-14,P001,WH-A,2173,0,500
INV00000297,2026-06-14,P002,WH-B,3259,50,800
INV00000298,2026-06-14,P003,WH-QA,2144,80,1000
INV00000299,2026-06-14,P004,WH-QA,3165,120,500
INV00000300,2026-06-14,P005,WH-A,3317,20,800
INV00000301,2026-06-14,P006,WH-A,3099,0,500
INV00000302,2026-06-14,P007,WH-QA,3337,0,500
INV00000303,2026-06-14,P008,WH-A,2515,20,500
INV00000304,2026-06-14,P009,WH-B,3037,50,1000
INV00000305,2026-06-14,P010,WH-A,2853,80,1000
INV00000306,2026-06-14,P011,WH-A,2785,20,1200
INV00000307,2026-06-14,P014,WH-QA,2689,20,500
INV00000308,2026-06-14,P015,WH-QA,3391,50,1200
INV00000309,2026-06-14,P017,WH-B,4167,0,1000
INV00000310,2026-06-14,P018,WH-A,2291,50,1200
INV00000311,2026-06-14,P019,WH-B,3795,0,1200
INV00000312,2026-06-14,P020,WH-B,4005,80,1200
INV00000313,2026-06-14,P021,WH-A,2915,50,1000
INV00000314,2026-06-14,P022,WH-QA,4475,50,500
INV00000315,2026-06-14,P023,WH-QA,3357,80,1000
INV00000316,2026-06-14,P026,WH-A,3219,0,1000
INV00000317,2026-06-14,P027,WH-A,4482,20,800
INV00000318,2026-06-14,P028,WH-QA,3206,0,500
INV00000319,2026-06-15,P001,WH-QA,2043,50,1000
INV00000320,2026-06-15,P004,WH-QA,2809,0,1000
INV00000321,2026-06-15,P005,WH-A,2394,50,500
INV00000322,2026-06-15,P006,WH-QA,3742,120,1200
INV00000323,2026-06-15,P007,WH-QA,3360,20,500
INV00000324,2026-06-15,P008,WH-A,3850,120,800
INV00000325,2026-06-15,P009,WH-A,2722,0,1000
INV00000326,2026-06-15,P010,WH-B,3012,80,500
INV00000327,2026-06-15,P011,WH-B,3109,20,1200
INV00000328,2026-06-15,P013,WH-A,3669,20,800
INV00000329,2026-06-15,P015,WH-QA,3014,0,800
INV00000330,2026-06-15,P016,WH-B,4029,80,1000
INV00000331,2026-06-15,P019,WH-B,2401,50,1000
INV00000332,2026-06-15,P020,WH-A,3149,80,500
INV00000333,2026-06-15,P021,WH-QA,3321,80,1000
INV00000334,2026-06-15,P022,WH-B,3494,20,500
INV00000335,2026-06-15,P023,WH-B,3397,50,500
INV00000336,2026-06-15,P024,WH-QA,3891,50,500
INV00000337,2026-06-15,P025,WH-QA,2933,20,1200
INV00000338,2026-06-15,P026,WH-A,3791,120,500
INV00000339,2026-06-15,P027,WH-QA,3543,0,1200
INV00000340,2026-06-16,P001,WH-QA,2814,0,1200
INV00000341,2026-06-16,P002,WH-QA,2667,0,800
INV00000342,2026-06-16,P003,WH-QA,2697,20,1000
INV00000343,2026-06-16,P004,WH-QA,3715,0,1200
INV00000344,2026-06-16,P005,WH-A,2473,80,500
INV00000345,2026-06-16,P007,WH-QA,2461,0,500
INV00000346,2026-06-16,P008,WH-B,2722,120,1200
INV00000347,2026-06-16,P010,WH-QA,3081,80,800
INV00000348,2026-06-16,P011,WH-A,2437,50,1200
INV00000349,2026-06-16,P012,WH-A,2964,50,1200
INV00000350,2026-06-16,P013,WH-B,3854,50,800
INV00000351,2026-06-16,P014,WH-A,2938,80,1200
INV00000352,2026-06-16,P015,WH-B,3059,0,1000
INV00000353,2026-06-16,P016,WH-A,4109,0,800
INV00000354,2026-06-16,P018,WH-B,3698,0,500
INV00000355,2026-06-16,P019,WH-A,3247,50,1000
INV00000356,2026-06-16,P020,WH-B,3764,20,1200
INV00000357,2026-06-16,P022,WH-B,4329,120,800
INV00000358,2026-06-16,P023,WH-A,3986,0,1200
INV00000359,2026-06-16,P024,WH-A,3747,80,500
INV00000360,2026-06-16,P026,WH-QA,4406,0,500
INV00000361,2026-06-17,P001,WH-QA,3180,50,1000
INV00000362,2026-06-17,P002,WH-QA,2597,80,1200
INV00000363,2026-06-17,P003,WH-A,3144,120,500
INV00000364,2026-06-17,P004,WH-QA,3103,0,800
INV00000365,2026-06-17,P005,WH-B,2691,120,800
INV00000366,2026-06-17,P006,WH-QA,2707,0,500
INV00000367,2026-06-17,P009,WH-B,2802,50,800
INV00000368,2026-06-17,P010,WH-QA,2401,80,500
INV00000369,2026-06-17,P011,WH-QA,3246,0,500
INV00000370,2026-06-17,P012,WH-B,3659,0,800
INV00000371,2026-06-17,P013,WH-A,3771,20,800
INV00000372,2026-06-17,P014,WH-QA,2931,0,1000
INV00000373,2026-06-17,P015,WH-QA,3136,20,500
INV00000374,2026-06-17,P016,WH-B,2441,50,1000
INV00000375,2026-06-17,P017,WH-A,4027,80,1000
INV00000376,2026-06-17,P019,WH-B,3063,20,1000
INV00000377,2026-06-17,P020,WH-A,2795,0,1200
INV00000378,2026-06-17,P022,WH-A,3971,0,500
INV00000379,2026-06-17,P024,WH-B,4040,50,500
INV00000380,2026-06-17,P027,WH-QA,3654,120,800
INV00000381,2026-06-17,P028,WH-B,3872,0,800
INV00000382,2026-06-18,P001,WH-QA,3004,20,800
INV00000383,2026-06-18,P003,WH-QA,2635,20,1000
INV00000384,2026-06-18,P004,WH-A,3738,0,1200
INV00000385,2026-06-18,P005,WH-B,3524,80,1000
INV00000386,2026-06-18,P006,WH-QA,3432,0,1200
INV00000387,2026-06-18,P008,WH-A,3703,0,1000
INV00000388,2026-06-18,P009,WH-QA,3059,80,1000
INV00000389,2026-06-18,P013,WH-A,3787,20,500
INV00000390,2026-06-18,P014,WH-QA,2696,0,500
INV00000391,2026-06-18,P016,WH-B,2759,50,800
INV00000392,2026-06-18,P017,WH-A,2915,80,1200
INV00000393,2026-06-18,P018,WH-B,2547,0,800
INV00000394,2026-06-18,P019,WH-B,2901,50,1200
INV00000395,2026-06-18,P020,WH-B,2995,0,1000
INV00000396,2026-06-18,P021,WH-B,2839,0,500
INV00000397,2026-06-18,P022,WH-B,2901,0,800
INV00000398,2026-06-18,P023,WH-QA,3363,120,500
INV00000399,2026-06-18,P025,WH-A,3079,0,1200
INV00000400,2026-06-18,P026,WH-B,4472,0,1200
INV00000401,2026-06-18,P027,WH-A,4019,50,1000
INV00000402,2026-06-19,P001,WH-A,2617,120,1200
INV00000403,2026-06-19,P002,WH-B,3375,0,1200
INV00000404,2026-06-19,P003,WH-B,2822,20,1200
INV00000405,2026-06-19,P004,WH-A,3218,0,500
INV00000406,2026-06-19,P005,WH-QA,2797,120,1000
INV00000407,2026-06-19,P006,WH-A,3400,0,800
INV00000408,2026-06-19,P007,WH-B,2212,0,1200
INV00000409,2026-06-19,P008,WH-B,2242,20,1200
INV00000410,2026-06-19,P009,WH-QA,2615,80,500
INV00000411,2026-06-19,P011,WH-A,2499,0,500
INV00000412,2026-06-19,P012,WH-QA,3846,80,1200
INV00000413,2026-06-19,P015,WH-QA,3896,80,500
INV00000414,2026-06-19,P016,WH-A,3324,0,1200
INV00000415,2026-06-19,P018,WH-QA,3420,120,500
INV00000416,2026-06-19,P019,WH-B,3866,0,1200
INV00000417,2026-06-19,P020,WH-A,2866,120,500
INV00000418,2026-06-19,P022,WH-B,3575,0,1000
INV00000419,2026-06-19,P023,WH-B,3913,0,1200
INV00000420,2026-06-19,P024,WH-B,3788,0,800
INV00000421,2026-06-19,P025,WH-A,3144,0,800
INV00000422,2026-06-19,P026,WH-QA,4251,0,1200
INV00000423,2026-06-19,P027,WH-QA,4144,0,800
INV00000424,2026-06-20,P001,WH-B,3201,120,1000
INV00000425,2026-06-20,P002,WH-B,2937,80,800
INV00000426,2026-06-20,P003,WH-A,2541,20,800
INV00000427,2026-06-20,P005,WH-B,3814,0,1000
INV00000428,2026-06-20,P006,WH-B,2362,20,500
INV00000429,2026-06-20,P007,WH-QA,3326,0,500
INV00000430,2026-06-20,P011,WH-B,3068,80,1000
INV00000431,2026-06-20,P012,WH-A,3826,80,500
INV00000432,2026-06-20,P013,WH-QA,3829,50,1000
INV00000433,2026-06-20,P014,WH-A,2643,80,1200
INV00000434,2026-06-20,P016,WH-QA,2611,20,1000
INV00000435,2026-06-20,P017,WH-B,3629,0,1000
INV00000436,2026-06-20,P018,WH-QA,4088,120,1000
INV00000437,2026-06-20,P019,WH-A,3880,0,800
INV00000438,2026-06-20,P020,WH-B,3738,50,1200
INV00000439,2026-06-20,P021,WH-B,4095,50,1200
INV00000440,2026-06-20,P023,WH-B,2872,20,1000
INV00000441,2026-06-20,P024,WH-A,3703,120,500
INV00000442,2026-06-20,P026,WH-A,3459,80,1200
INV00000443,2026-06-20,P028,WH-QA,4139,0,1000
INV00000444,2026-06-21,P001,WH-QA,2779,0,1000
INV00000445,2026-06-21,P006,WH-A,3100,120,1200
INV00000446,2026-06-21,P007,WH-A,3610,80,500
INV00000447,2026-06-21,P008,WH-B,2639,50,500
INV00000448,2026-06-21,P009,WH-QA,3393,20,1200
INV00000449,2026-06-21,P010,WH-B,3296,0,1200
INV00000450,2026-06-21,P011,WH-B,2340,80,500
INV00000451,2026-06-21,P012,WH-QA,3194,0,500
INV00000452,2026-06-21,P013,WH-B,3314,120,500
INV00000453,2026-06-21,P014,WH-A,3997,50,1000
INV00000454,2026-06-21,P015,WH-A,2676,50,500
INV00000455,2026-06-21,P016,WH-A,2735,0,500
INV00000456,2026-06-21,P017,WH-QA,2925,20,1000
INV00000457,2026-06-21,P019,WH-A,3021,0,1000
INV00000458,2026-06-21,P020,WH-A,4458,120,1200
INV00000459,2026-06-21,P021,WH-A,3728,50,1200
INV00000460,2026-06-21,P022,WH-QA,3459,80,800
INV00000461,2026-06-21,P023,WH-QA,2951,0,1000
INV00000462,2026-06-21,P024,WH-A,3216,20,800
INV00000463,2026-06-21,P025,WH-A,2930,20,800
INV00000464,2026-06-21,P026,WH-B,4397,0,1000
INV00000465,2026-06-21,P027,WH-A,4375,0,1200
INV00000466,2026-06-21,P028,WH-B,3399,0,1200
INV00000467,2026-06-22,P001,WH-B,3249,0,1200
INV00000468,2026-06-22,P002,WH-A,3146,80,1200
INV00000469,2026-06-22,P003,WH-B,3131,0,1000
INV00000470,2026-06-22,P004,WH-B,3594,120,1200
INV00000471,2026-06-22,P005,WH-A,2806,0,1000
INV00000472,2026-06-22,P006,WH-QA,3274,50,800
INV00000473,2026-06-22,P007,WH-QA,3239,120,1000
INV00000474,2026-06-22,P008,WH-A,2651,0,1000
INV00000475,2026-06-22,P009,WH-A,2279,0,500
INV00000476,2026-06-22,P010,WH-B,3719,120,800
INV00000477,2026-06-22,P011,WH-A,3918,0,800
INV00000478,2026-06-22,P012,WH-QA,2671,50,1000
INV00000479,2026-06-22,P013,WH-QA,3837,0,800
INV00000480,2026-06-22,P014,WH-A,3624,20,1000
INV00000481,2026-06-22,P015,WH-QA,3384,0,500
INV00000482,2026-06-22,P016,WH-QA,3764,120,800
INV00000483,2026-06-22,P018,WH-A,4168,0,1200
INV00000484,2026-06-22,P019,WH-A,2949,0,1000
INV00000485,2026-06-22,P020,WH-A,3046,0,800
INV00000486,2026-06-22,P021,WH-QA,3324,80,1000
INV00000487,2026-06-22,P022,WH-B,3714,50,1000
INV00000488,2026-06-22,P023,WH-B,2744,50,1000
INV00000489,2026-06-22,P024,WH-B,3598,0,1200
INV00000490,2026-06-22,P025,WH-QA,3510,80,800
INV00000491,2026-06-22,P026,WH-A,3380,0,1000
INV00000492,2026-06-22,P027,WH-A,3960,120,800
INV00000493,2026-06-22,P028,WH-A,4058,120,800
INV00000494,2026-06-23,P001,WH-A,2724,120,500
INV00000495,2026-06-23,P002,WH-A,2678,120,800
INV00000496,2026-06-23,P003,WH-A,3666,50,1000
INV00000497,2026-06-23,P005,WH-B,2983,0,500
INV00000498,2026-06-23,P006,WH-A,2749,20,500
INV00000499,2026-06-23,P007,WH-A,2425,20,1000
INV00000500,2026-06-23,P008,WH-A,2929,120,1200
INV00000501,2026-06-23,P009,WH-B,2779,120,500
INV00000502,2026-06-23,P010,WH-A,3069,50,800
INV00000503,2026-06-23,P011,WH-A,3786,50,1000
INV00000504,2026-06-23,P012,WH-B,3874,0,500
INV00000505,2026-06-23,P013,WH-B,3744,0,1200
INV00000506,2026-06-23,P015,WH-QA,3493,80,500
INV00000507,2026-06-23,P017,WH-A,2781,50,1200
INV00000508,2026-06-23,P018,WH-A,3272,0,1000
INV00000509,2026-06-23,P019,WH-B,2939,20,1200
INV00000510,2026-06-23,P020,WH-B,3239,120,500
INV00000511,2026-06-23,P021,WH-QA,2815,80,500
INV00000512,2026-06-23,P022,WH-B,3827,0,1000
INV00000513,2026-06-23,P024,WH-B,4286,0,800
INV00000514,2026-06-23,P025,WH-B,4104,20,1000
INV00000515,2026-06-23,P026,WH-B,4274,120,800
INV00000516,2026-06-23,P028,WH-QA,4296,0,800
INV00000517,2026-06-24,P001,WH-A,3495,0,500
INV00000518,2026-06-24,P003,WH-A,2807,80,800
INV00000519,2026-06-24,P004,WH-QA,3768,20,1200
INV00000520,2026-06-24,P005,WH-A,3498,0,500
INV00000521,2026-06-24,P006,WH-B,2931,20,800
INV00000522,2026-06-24,P007,WH-B,3146,120,500
INV00000523,2026-06-24,P008,WH-B,3809,50,1000
INV00000524,2026-06-24,P009,WH-A,2997,50,500
INV00000525,2026-06-24,P010,WH-A,3904,0,1200
INV00000526,2026-06-24,P011,WH-A,3893,0,800
INV00000527,2026-06-24,P012,WH-QA,2738,0,1000
INV00000528,2026-06-24,P013,WH-B,3361,20,500
INV00000529,2026-06-24,P014,WH-QA,3718,0,1200
INV00000530,2026-06-24,P015,WH-B,3385,0,500
INV00000531,2026-06-24,P016,WH-A,4080,0,1200
INV00000532,2026-06-24,P017,WH-B,3525,0,1200
INV00000533,2026-06-24,P019,WH-A,3656,20,1200
INV00000534,2026-06-24,P020,WH-QA,4342,120,500
INV00000535,2026-06-24,P021,WH-A,3532,0,1200
INV00000536,2026-06-24,P022,WH-QA,3754,50,1000
INV00000537,2026-06-24,P023,WH-A,3829,0,800
INV00000538,2026-06-24,P024,WH-B,3061,0,800
INV00000539,2026-06-24,P025,WH-B,4123,20,800
INV00000540,2026-06-24,P027,WH-B,4135,0,800
INV00000541,2026-06-25,P001,WH-A,2171,50,800
INV00000542,2026-06-25,P002,WH-QA,3492,80,1000
INV00000543,2026-06-25,P003,WH-B,3204,20,800
INV00000544,2026-06-25,P004,WH-QA,2322,0,1200
INV00000545,2026-06-25,P005,WH-A,2147,120,500
INV00000546,2026-06-25,P006,WH-B,2969,80,1000
INV00000547,2026-06-25,P007,WH-QA,2449,20,1200
INV00000548,2026-06-25,P009,WH-QA,3967,50,1200
INV00000549,2026-06-25,P010,WH-B,3014,0,1000
INV00000550,2026-06-25,P011,WH-QA,3606,20,1000
INV00000551,2026-06-25,P012,WH-QA,3292,80,1000
INV00000552,2026-06-25,P013,WH-A,3721,80,1200
INV00000553,2026-06-25,P016,WH-A,3565,0,500
INV00000554,2026-06-25,P017,WH-B,3657,20,800
INV00000555,2026-06-25,P018,WH-A,4005,0,1200
INV00000556,2026-06-25,P019,WH-A,3091,0,500
INV00000557,2026-06-25,P020,WH-A,3737,0,500
INV00000558,2026-06-25,P021,WH-QA,3315,120,1200
INV00000559,2026-06-25,P022,WH-B,4185,20,1000
INV00000560,2026-06-25,P024,WH-QA,3156,80,500
INV00000561,2026-06-25,P026,WH-QA,4555,120,1200
INV00000562,2026-06-25,P027,WH-A,4241,0,800
INV00000563,2026-06-26,P001,WH-QA,3214,20,800
INV00000564,2026-06-26,P003,WH-B,3444,20,1000
INV00000565,2026-06-26,P004,WH-QA,2229,0,800
INV00000566,2026-06-26,P005,WH-A,3067,0,1000
INV00000567,2026-06-26,P006,WH-B,3520,120,500
INV00000568,2026-06-26,P007,WH-B,3918,120,1200
INV00000569,2026-06-26,P008,WH-A,3226,120,800
INV00000570,2026-06-26,P009,WH-B,3930,120,500
INV00000571,2026-06-26,P010,WH-QA,2915,0,1000
INV00000572,2026-06-26,P011,WH-A,3773,0,1200
INV00000573,2026-06-26,P012,WH-A,3354,80,1200
INV00000574,2026-06-26,P013,WH-B,3243,0,800
INV00000575,2026-06-26,P014,WH-QA,3641,50,800
INV00000576,2026-06-26,P015,WH-A,3617,0,500
INV00000577,2026-06-26,P016,WH-A,2904,80,500
INV00000578,2026-06-26,P017,WH-A,4134,50,800
INV00000579,2026-06-26,P018,WH-QA,3942,0,800
INV00000580,2026-06-26,P020,WH-QA,3559,0,1200
INV00000581,2026-06-26,P021,WH-QA,4190,0,500
INV00000582,2026-06-26,P022,WH-QA,3527,0,800
INV00000583,2026-06-26,P023,WH-A,4129,0,1000
INV00000584,2026-06-26,P024,WH-B,3223,20,800
INV00000585,2026-06-26,P025,WH-A,4385,0,1000
INV00000586,2026-06-27,P001,WH-B,3571,120,800
INV00000587,2026-06-27,P002,WH-A,2400,20,500
INV00000588,2026-06-27,P003,WH-B,2894,0,1200
INV00000589,2026-06-27,P005,WH-B,2986,0,500
INV00000590,2026-06-27,P006,WH-B,2454,80,1200
INV00000591,2026-06-27,P008,WH-A,2828,0,1200
INV00000592,2026-06-27,P009,WH-A,2491,0,1000
INV00000593,2026-06-27,P010,WH-A,3363,120,800
INV00000594,2026-06-27,P011,WH-QA,3584,20,500
INV00000595,2026-06-27,P013,WH-B,3492,0,1000
INV00000596,2026-06-27,P014,WH-B,3903,80,1200
INV00000597,2026-06-27,P016,WH-A,3079,120,1200
INV00000598,2026-06-27,P017,WH-B,3017,0,1000
INV00000599,2026-06-27,P018,WH-A,3378,0,1200
INV00000600,2026-06-27,P019,WH-A,3286,0,1200
INV00000601,2026-06-27,P020,WH-B,3758,0,500
INV00000602,2026-06-27,P022,WH-QA,4485,80,800
INV00000603,2026-06-27,P023,WH-B,4271,80,500
INV00000604,2026-06-27,P024,WH-B,3764,0,1000
INV00000605,2026-06-27,P025,WH-QA,3952,120,1000
INV00000606,2026-06-27,P026,WH-QA,4020,120,1000
INV00000607,2026-06-27,P027,WH-B,4459,120,1000
INV00000608,2026-06-28,P001,WH-B,2580,20,500
INV00000609,2026-06-28,P002,WH-B,2912,120,500
INV00000610,2026-06-28,P003,WH-QA,3574,20,1200
INV00000611,2026-06-28,P004,WH-B,3149,50,1200
INV00000612,2026-06-28,P005,WH-B,3592,80,800
INV00000613,2026-06-28,P006,WH-QA,2988,0,800
INV00000614,2026-06-28,P007,WH-QA,2867,50,1200
INV00000615,2026-06-28,P009,WH-A,2627,0,800
INV00000616,2026-06-28,P010,WH-B,3091,50,1200
INV00000617,2026-06-28,P011,WH-A,3345,50,500
INV00000618,2026-06-28,P012,WH-B,3418,80,1200
INV00000619,2026-06-28,P013,WH-A,4198,0,500
INV00000620,2026-06-28,P014,WH-QA,3689,120,1200
INV00000621,2026-06-28,P015,WH-A,3094,0,800
INV00000622,2026-06-28,P016,WH-A,3557,80,1200
INV00000623,2026-06-28,P017,WH-QA,3077,80,500
INV00000624,2026-06-28,P019,WH-B,4328,0,1000
INV00000625,2026-06-28,P020,WH-B,3722,0,1000
INV00000626,2026-06-28,P022,WH-B,2946,0,1200
INV00000627,2026-06-28,P023,WH-B,3698,80,1200
INV00000628,2026-06-28,P025,WH-QA,3128,120,800
INV00000629,2026-06-28,P027,WH-A,3802,20,800
INV00000630,2026-06-28,P028,WH-A,4431,120,1200
INV00000631,2026-06-29,P001,WH-QA,3074,0,800
INV00000632,2026-06-29,P002,WH-A,2539,20,500
INV00000633,2026-06-29,P004,WH-B,3298,0,1200
INV00000634,2026-06-29,P005,WH-A,3162,50,800
INV00000635,2026-06-29,P006,WH-QA,2522,0,500
INV00000636,2026-06-29,P007,WH-B,3573,80,1200
INV00000637,2026-06-29,P008,WH-QA,2867,50,800
INV00000638,2026-06-29,P009,WH-A,3686,120,800
INV00000639,2026-06-29,P010,WH-A,3028,0,500
INV00000640,2026-06-29,P011,WH-QA,2503,80,500
INV00000641,2026-06-29,P012,WH-B,2950,0,500
INV00000642,2026-06-29,P013,WH-A,3337,80,1200
INV00000643,2026-06-29,P014,WH-A,3085,80,1200
INV00000644,2026-06-29,P015,WH-A,4069,120,1200
INV00000645,2026-06-29,P016,WH-QA,3281,120,800
INV00000646,2026-06-29,P017,WH-A,3757,120,1200
INV00000647,2026-06-29,P018,WH-A,3309,0,800
INV00000648,2026-06-29,P019,WH-QA,4141,50,500
INV00000649,2026-06-29,P020,WH-B,3425,120,800
INV00000650,2026-06-29,P021,WH-QA,4238,50,1200
INV00000651,2026-06-29,P022,WH-QA,3742,80,500
INV00000652,2026-06-29,P023,WH-A,3061,0,1000
INV00000653,2026-06-29,P024,WH-QA,3675,80,1200
INV00000654,2026-06-29,P026,WH-A,3528,20,500
INV00000655,2026-06-29,P027,WH-A,4329,50,1200
INV00000656,2026-06-29,P028,WH-QA,4702,0,1200
INV00000657,2026-06-30,P001,WH-A,3094,0,1200
INV00000658,2026-06-30,P002,WH-QA,3268,50,1200
INV00000659,2026-06-30,P003,WH-QA,3792,80,500
INV00000660,2026-06-30,P004,WH-A,3552,0,500
INV00000661,2026-06-30,P005,WH-QA,3492,0,1200
INV00000662,2026-06-30,P006,WH-B,2734,80,500
INV00000663,2026-06-30,P007,WH-QA,2725,80,1000
INV00000664,2026-06-30,P008,WH-A,3246,0,1000
INV00000665,2026-06-30,P009,WH-A,3400,80,1000
INV00000666,2026-06-30,P010,WH-B,4117,120,1200
INV00000667,2026-06-30,P011,WH-QA,3065,0,1000
INV00000668,2026-06-30,P012,WH-B,3034,0,1000
INV00000669,2026-06-30,P013,WH-QA,3351,120,800
INV00000670,2026-06-30,P016,WH-B,2943,80,1200
INV00000671,2026-06-30,P017,WH-QA,2991,0,800
INV00000672,2026-06-30,P018,WH-QA,3064,20,1000
INV00000673,2026-06-30,P020,WH-QA,4061,0,500
INV00000674,2026-06-30,P021,WH-B,3057,0,800
INV00000675,2026-06-30,P025,WH-QA,3453,0,500
INV00000676,2026-06-30,P026,WH-QA,4252,120,1000
INV00000677,2026-06-30,P028,WH-A,4103,20,1000
INV00000678,2026-07-01,P002,WH-QA,2543,50,500
INV00000679,2026-07-01,P003,WH-A,3587,0,500
INV00000680,2026-07-01,P004,WH-B,2558,80,500
INV00000681,2026-07-01,P006,WH-QA,2817,120,500
INV00000682,2026-07-01,P007,WH-QA,2878,0,800
INV00000683,2026-07-01,P008,WH-QA,3635,120,1000
INV00000684,2026-07-01,P011,WH-B,3943,0,1000
INV00000685,2026-07-01,P012,WH-B,3700,0,1000
INV00000686,2026-07-01,P014,WH-A,2639,20,500
INV00000687,2026-07-01,P015,WH-QA,3437,50,1000
INV00000688,2026-07-01,P016,WH-A,3357,80,1200
INV00000689,2026-07-01,P017,WH-A,3842,0,1200
INV00000690,2026-07-01,P021,WH-B,3882,0,1200
INV00000691,2026-07-01,P022,WH-QA,3576,120,1000
INV00000692,2026-07-01,P025,WH-A,3098,20,1000
INV00000693,2026-07-01,P026,WH-B,3224,0,500
INV00000694,2026-07-01,P028,WH-A,4507,0,800
INV00000695,2026-07-02,P003,WH-QA,3095,20,500
INV00000696,2026-07-02,P004,WH-A,2472,0,800
INV00000697,2026-07-02,P005,WH-QA,3342,20,500
INV00000698,2026-07-02,P006,WH-A,2926,50,800
INV00000699,2026-07-02,P007,WH-B,3720,20,1200
INV00000700,2026-07-02,P008,WH-QA,3185,20,500
INV00000701,2026-07-02,P009,WH-B,3238,0,1000
INV00000702,2026-07-02,P011,WH-QA,4052,20,1000
INV00000703,2026-07-02,P013,WH-QA,3398,0,1200
INV00000704,2026-07-02,P014,WH-QA,3270,0,500
INV00000705,2026-07-02,P015,WH-A,3193,20,1200
INV00000706,2026-07-02,P016,WH-A,3635,50,1200
INV00000707,2026-07-02,P017,WH-A,2841,0,800
INV00000708,2026-07-02,P018,WH-QA,3936,0,800
INV00000709,2026-07-02,P019,WH-B,3018,20,1200
INV00000710,2026-07-02,P021,WH-A,3726,120,1000
INV00000711,2026-07-02,P022,WH-B,3903,20,800
INV00000712,2026-07-02,P023,WH-B,4287,0,1000
INV00000713,2026-07-02,P024,WH-QA,3629,80,500
INV00000714,2026-07-02,P025,WH-QA,3323,80,1200
INV00000715,2026-07-02,P026,WH-A,3418,120,800
INV00000716,2026-07-02,P028,WH-QA,3574,50,500
INV00000717,2026-07-03,P001,WH-QA,3007,0,800
INV00000718,2026-07-03,P004,WH-A,2379,80,1200
INV00000719,2026-07-03,P006,WH-A,3462,80,800
INV00000720,2026-07-03,P007,WH-QA,3415,0,500
INV00000721,2026-07-03,P008,WH-B,3760,20,500
INV00000722,2026-07-03,P009,WH-QA,3505,120,800
INV00000723,2026-07-03,P010,WH-B,3362,0,800
INV00000724,2026-07-03,P011,WH-QA,4132,0,500
INV00000725,2026-07-03,P013,WH-B,3624,20,800
INV00000726,2026-07-03,P014,WH-QA,3632,80,500
INV00000727,2026-07-03,P015,WH-A,3010,0,1000
INV00000728,2026-07-03,P016,WH-B,2828,0,500
INV00000729,2026-07-03,P018,WH-B,3475,80,1200
INV00000730,2026-07-03,P019,WH-A,3737,20,800
INV00000731,2026-07-03,P020,WH-A,3033,120,1000
INV00000732,2026-07-03,P021,WH-QA,3651,120,1000
INV00000733,2026-07-03,P023,WH-A,4099,50,1200
INV00000734,2026-07-03,P025,WH-A,3618,50,500
INV00000735,2026-07-03,P026,WH-B,4205,0,1200
INV00000736,2026-07-03,P027,WH-QA,3693,120,1200
INV00000737,2026-07-03,P028,WH-QA,4096,80,1200
INV00000738,2026-07-04,P001,WH-QA,3479,20,1200
INV00000739,2026-07-04,P002,WH-A,3369,120,1200
INV00000740,2026-07-04,P003,WH-B,3724,0,1200
INV00000741,2026-07-04,P004,WH-A,2425,120,1200
INV00000742,2026-07-04,P005,WH-QA,3310,80,1000
INV00000743,2026-07-04,P007,WH-A,3737,0,500
INV00000744,2026-07-04,P008,WH-A,3291,0,800
INV00000745,2026-07-04,P010,WH-QA,3123,0,500
INV00000746,2026-07-04,P011,WH-B,4079,20,1200
INV00000747,2026-07-04,P012,WH-B,3664,0,1000
INV00000748,2026-07-04,P014,WH-B,4078,80,1200
INV00000749,2026-07-04,P015,WH-A,3383,0,1200
INV00000750,2026-07-04,P016,WH-A,4428,20,1000
INV00000751,2026-07-04,P017,WH-A,3637,0,800
INV00000752,2026-07-04,P018,WH-A,4287,120,1000
INV00000753,2026-07-04,P019,WH-B,3463,120,1000
INV00000754,2026-07-04,P021,WH-A,3758,50,1000
INV00000755,2026-07-04,P022,WH-A,3966,80,1200
INV00000756,2026-07-04,P023,WH-QA,4463,0,500
INV00000757,2026-07-04,P024,WH-B,3334,80,1200
INV00000758,2026-07-04,P026,WH-B,4536,120,500
INV00000759,2026-07-04,P027,WH-A,3334,0,500
INV00000760,2026-07-04,P028,WH-B,4318,0,1000
INV00000761,2026-07-05,P002,WH-B,2772,0,500
INV00000762,2026-07-05,P003,WH-A,2557,50,1000
INV00000763,2026-07-05,P004,WH-A,3933,0,500
INV00000764,2026-07-05,P005,WH-QA,2510,80,1000
INV00000765,2026-07-05,P006,WH-QA,2919,120,800
INV00000766,2026-07-05,P007,WH-B,4014,50,1200
INV00000767,2026-07-05,P009,WH-A,2928,80,500
INV00000768,2026-07-05,P011,WH-B,3158,120,500
INV00000769,2026-07-05,P012,WH-QA,3804,0,500
INV00000770,2026-07-05,P013,WH-B,3642,80,500
INV00000771,2026-07-05,P014,WH-B,3287,20,800
INV00000772,2026-07-05,P016,WH-B,3208,0,800
INV00000773,2026-07-05,P017,WH-B,3615,120,1000
INV00000774,2026-07-05,P018,WH-A,4258,50,500
INV00000775,2026-07-05,P019,WH-A,4251,0,1000
INV00000776,2026-07-05,P020,WH-A,3709,80,500
INV00000777,2026-07-05,P021,WH-B,3563,50,800
INV00000778,2026-07-05,P022,WH-A,3952,0,1000
INV00000779,2026-07-05,P024,WH-B,3308,0,1200
INV00000780,2026-07-05,P025,WH-B,3925,0,800
INV00000781,2026-07-05,P026,WH-A,3625,0,1000
INV00000782,2026-07-05,P027,WH-B,4747,120,500
INV00000783,2026-07-05,P028,WH-QA,3441,50,1200
INV00000784,2026-07-06,P001,WH-A,3544,20,500
INV00000785,2026-07-06,P002,WH-QA,3198,0,1200
INV00000786,2026-07-06,P003,WH-QA,3628,20,500
INV00000787,2026-07-06,P005,WH-A,3051,80,500
INV00000788,2026-07-06,P006,WH-A,3017,80,1200
INV00000789,2026-07-06,P007,WH-QA,3128,120,1000
INV00000790,2026-07-06,P008,WH-QA,3607,50,1000
INV00000791,2026-07-06,P009,WH-A,2914,120,1000
INV00000792,2026-07-06,P010,WH-B,4090,50,1200
INV00000793,2026-07-06,P011,WH-A,3043,120,1200
INV00000794,2026-07-06,P012,WH-B,3221,80,1000
INV00000795,2026-07-06,P013,WH-QA,3049,120,1000
INV00000796,2026-07-06,P014,WH-QA,3980,0,800
INV00000797,2026-07-06,P015,WH-B,3142,50,500
INV00000798,2026-07-06,P016,WH-A,3845,120,1000
INV00000799,2026-07-06,P017,WH-QA,3593,80,500
INV00000800,2026-07-06,P019,WH-QA,3795,20,1000
INV00000801,2026-07-06,P022,WH-B,4198,0,1200
INV00000802,2026-07-06,P023,WH-A,3255,0,800
INV00000803,2026-07-06,P025,WH-A,3636,120,1000
INV00000804,2026-07-06,P026,WH-QA,3603,0,800
INV00000805,2026-07-06,P027,WH-B,3526,20,800
INV00000806,2026-07-06,P028,WH-QA,3976,0,1000
INV00000807,2026-07-07,P002,WH-A,3773,50,1200
INV00000808,2026-07-07,P004,WH-A,3359,0,500
INV00000809,2026-07-07,P005,WH-B,3000,0,1000
INV00000810,2026-07-07,P006,WH-A,2862,0,1000
INV00000811,2026-07-07,P008,WH-QA,3628,120,1200
INV00000812,2026-07-07,P009,WH-QA,3055,120,500
INV00000813,2026-07-07,P010,WH-B,2710,20,1000
INV00000814,2026-07-07,P011,WH-A,4167,0,1200
INV00000815,2026-07-07,P012,WH-QA,2846,20,1000
INV00000816,2026-07-07,P014,WH-A,3879,80,800
INV00000817,2026-07-07,P015,WH-B,3388,120,1200
INV00000818,2026-07-07,P017,WH-B,3571,0,800
INV00000819,2026-07-07,P018,WH-QA,3864,0,1000
INV00000820,2026-07-07,P019,WH-B,3057,20,500
INV00000821,2026-07-07,P020,WH-QA,3017,0,1200
INV00000822,2026-07-07,P022,WH-QA,3673,80,1000
INV00000823,2026-07-07,P023,WH-A,3371,0,1000
INV00000824,2026-07-07,P024,WH-B,4619,0,1200
INV00000825,2026-07-07,P025,WH-A,4471,0,800
INV00000826,2026-07-07,P026,WH-A,4538,0,800
INV00000827,2026-07-08,P001,WH-QA,3457,0,800
INV00000828,2026-07-08,P002,WH-QA,3009,0,1200
INV00000829,2026-07-08,P005,WH-B,3085,20,1200
INV00000830,2026-07-08,P006,WH-B,3906,0,800
INV00000831,2026-07-08,P007,WH-A,3743,0,800
INV00000832,2026-07-08,P010,WH-QA,3649,0,800
INV00000833,2026-07-08,P011,WH-A,3185,120,1000
INV00000834,2026-07-08,P013,WH-A,3266,0,500
INV00000835,2026-07-08,P014,WH-QA,3313,20,800
INV00000836,2026-07-08,P015,WH-QA,3787,120,500
INV00000837,2026-07-08,P016,WH-QA,3944,20,800
INV00000838,2026-07-08,P017,WH-B,4079,0,1200
INV00000839,2026-07-08,P018,WH-A,3323,0,1000
INV00000840,2026-07-08,P019,WH-QA,3638,0,800
INV00000841,2026-07-08,P020,WH-A,3071,0,1200
INV00000842,2026-07-08,P021,WH-B,3971,80,800
INV00000843,2026-07-08,P022,WH-B,4253,20,1000
INV00000844,2026-07-08,P023,WH-A,4142,0,800
INV00000845,2026-07-08,P024,WH-B,4563,0,500
INV00000846,2026-07-08,P025,WH-A,3777,0,1200
INV00000847,2026-07-08,P026,WH-QA,4325,20,500
INV00000848,2026-07-08,P027,WH-QA,3494,120,1000
INV00000849,2026-07-09,P001,WH-A,3231,120,1000
INV00000850,2026-07-09,P002,WH-QA,2465,0,800
INV00000851,2026-07-09,P004,WH-B,3899,50,1200
INV00000852,2026-07-09,P006,WH-QA,2744,0,800
INV00000853,2026-07-09,P007,WH-A,3171,20,800
INV00000854,2026-07-09,P008,WH-B,4060,120,1200
INV00000855,2026-07-09,P010,WH-B,4009,20,1200
INV00000856,2026-07-09,P011,WH-QA,3165,0,500
INV00000857,2026-07-09,P013,WH-B,4236,0,1000
INV00000858,2026-07-09,P014,WH-A,2916,0,800
INV00000859,2026-07-09,P015,WH-A,2995,20,1000
INV00000860,2026-07-09,P016,WH-B,3252,120,1000
INV00000861,2026-07-09,P017,WH-QA,3886,80,1200
INV00000862,2026-07-09,P018,WH-B,3963,0,1000
INV00000863,2026-07-09,P019,WH-B,4396,0,1000
INV00000864,2026-07-09,P020,WH-QA,3128,80,1000
INV00000865,2026-07-09,P021,WH-QA,4274,80,1200
INV00000866,2026-07-09,P022,WH-A,3185,0,800
INV00000867,2026-07-09,P023,WH-A,3368,0,500
INV00000868,2026-07-09,P024,WH-B,4069,0,1200
INV00000869,2026-07-09,P025,WH-B,3901,0,500
INV00000870,2026-07-09,P026,WH-QA,4034,20,1000
INV00000871,2026-07-09,P027,WH-QA,4174,0,500
INV00000872,2026-07-09,P028,WH-B,3847,50,1200
INV00000873,2026-07-10,P002,WH-A,2737,80,1000
INV00000874,2026-07-10,P003,WH-A,2664,50,1000
INV00000875,2026-07-10,P004,WH-B,3346,0,1000
INV00000876,2026-07-10,P006,WH-A,2636,20,1000
INV00000877,2026-07-10,P007,WH-QA,4028,50,1200
INV00000878,2026-07-10,P008,WH-A,3168,0,800
INV00000879,2026-07-10,P009,WH-A,3680,120,800
INV00000880,2026-07-10,P012,WH-A,3439,20,500
INV00000881,2026-07-10,P013,WH-QA,4130,0,800
INV00000882,2026-07-10,P014,WH-A,4250,50,1000
INV00000883,2026-07-10,P015,WH-A,3228,0,800
INV00000884,2026-07-10,P016,WH-A,3324,0,1200
INV00000885,2026-07-10,P017,WH-B,3325,120,800
INV00000886,2026-07-10,P018,WH-QA,3123,80,500
INV00000887,2026-07-10,P019,WH-QA,3273,120,800
INV00000888,2026-07-10,P020,WH-A,3151,80,1000
INV00000889,2026-07-10,P021,WH-B,3552,120,500
INV00000890,2026-07-10,P022,WH-B,3778,0,800
INV00000891,2026-07-10,P023,WH-A,4633,50,1200
INV00000892,2026-07-10,P025,WH-B,3935,0,1200
INV00000893,2026-07-10,P028,WH-A,3476,0,800
INV00000894,2026-07-11,P003,WH-B,3227,0,800
INV00000895,2026-07-11,P004,WH-QA,2895,0,1000
INV00000896,2026-07-11,P006,WH-QA,2587,0,800
INV00000897,2026-07-11,P007,WH-A,3740,50,500
INV00000898,2026-07-11,P009,WH-QA,3548,0,500
INV00000899,2026-07-11,P010,WH-A,3068,0,1200
INV00000900,2026-07-11,P011,WH-QA,3300,0,1000
INV00000901,2026-07-11,P012,WH-QA,2879,0,500
INV00000902,2026-07-11,P013,WH-B,3972,0,1200
INV00000903,2026-07-11,P014,WH-B,3871,0,500
INV00000904,2026-07-11,P015,WH-QA,2960,80,1000
INV00000905,2026-07-11,P016,WH-A,4244,80,800
INV00000906,2026-07-11,P017,WH-QA,3235,0,800
INV00000907,2026-07-11,P018,WH-B,3468,0,1000
INV00000908,2026-07-11,P019,WH-B,3950,50,1000
INV00000909,2026-07-11,P020,WH-QA,3355,0,1000
INV00000910,2026-07-11,P021,WH-QA,3882,80,800
INV00000911,2026-07-11,P022,WH-QA,3877,0,1000
INV00000912,2026-07-11,P023,WH-QA,4045,0,1200
INV00000913,2026-07-11,P024,WH-B,4336,20,1200
INV00000914,2026-07-11,P025,WH-B,3687,0,800
INV00000915,2026-07-11,P026,WH-B,3786,20,500
INV00000916,2026-07-11,P027,WH-QA,4257,0,500
INV00000917,2026-07-11,P028,WH-A,4095,120,1000
INV00000918,2026-07-12,P001,WH-QA,3891,80,1000
INV00000919,2026-07-12,P002,WH-B,2564,0,1200
INV00000920,2026-07-12,P003,WH-B,3188,50,1000
INV00000921,2026-07-12,P006,WH-QA,4048,80,1200
INV00000922,2026-07-12,P007,WH-B,3639,20,500
INV00000923,2026-07-12,P008,WH-A,3555,0,800
INV00000924,2026-07-12,P009,WH-A,2898,0,1000
INV00000925,2026-07-12,P011,WH-QA,3727,0,1000
INV00000926,2026-07-12,P012,WH-A,3890,0,500
INV00000927,2026-07-12,P013,WH-A,3049,0,500
INV00000928,2026-07-12,P014,WH-A,3825,0,500
INV00000929,2026-07-12,P015,WH-QA,4062,0,800
INV00000930,2026-07-12,P016,WH-B,3448,0,1000
INV00000931,2026-07-12,P018,WH-B,4441,0,1000
INV00000932,2026-07-12,P019,WH-B,4516,80,800
INV00000933,2026-07-12,P021,WH-QA,3629,0,1200
INV00000934,2026-07-12,P023,WH-QA,3939,80,1200
INV00000935,2026-07-12,P026,WH-A,3904,0,800
INV00000936,2026-07-12,P027,WH-A,4307,0,800
INV00000937,2026-07-12,P028,WH-A,4795,50,800
INV00000938,2026-07-13,P001,WH-QA,3841,0,1200
INV00000939,2026-07-13,P002,WH-QA,3108,80,1200
INV00000940,2026-07-13,P003,WH-A,2512,0,800
INV00000941,2026-07-13,P004,WH-B,2858,0,800
INV00000942,2026-07-13,P005,WH-QA,3911,50,1200
INV00000943,2026-07-13,P006,WH-A,4008,80,800
INV00000944,2026-07-13,P007,WH-A,3915,50,800
INV00000945,2026-07-13,P008,WH-QA,2815,120,1000
INV00000946,2026-07-13,P010,WH-B,3775,0,1000
INV00000947,2026-07-13,P011,WH-A,3619,50,800
INV00000948,2026-07-13,P012,WH-B,2946,0,1000
INV00000949,2026-07-13,P013,WH-QA,4134,0,500
INV00000950,2026-07-13,P014,WH-B,2953,0,500
INV00000951,2026-07-13,P015,WH-B,3657,50,500
INV00000952,2026-07-13,P016,WH-QA,3830,20,1200
INV00000953,2026-07-13,P017,WH-QA,3158,0,800
INV00000954,2026-07-13,P018,WH-B,3537,0,1000
INV00000955,2026-07-13,P020,WH-A,3562,0,1200
INV00000956,2026-07-13,P021,WH-A,4585,80,500
INV00000957,2026-07-13,P022,WH-B,3246,120,1200
INV00000958,2026-07-13,P026,WH-QA,3717,0,1000
INV00000959,2026-07-13,P027,WH-B,4022,0,500
INV00000960,2026-07-13,P028,WH-A,3451,0,800
INV00000961,2026-07-14,P001,WH-B,3250,0,500
INV00000962,2026-07-14,P002,WH-B,2585,20,800
INV00000963,2026-07-14,P003,WH-A,3661,0,500
INV00000964,2026-07-14,P004,WH-A,3004,0,1200
INV00000965,2026-07-14,P005,WH-A,3013,50,1200
INV00000966,2026-07-14,P006,WH-QA,2727,120,1200
INV00000967,2026-07-14,P007,WH-QA,2912,120,1000
INV00000968,2026-07-14,P008,WH-B,3605,0,500
INV00000969,2026-07-14,P010,WH-A,3159,0,1200
INV00000970,2026-07-14,P011,WH-A,3465,0,500
INV00000971,2026-07-14,P012,WH-QA,3267,80,1000
INV00000972,2026-07-14,P014,WH-B,3482,0,500
INV00000973,2026-07-14,P015,WH-B,3372,0,500
INV00000974,2026-07-14,P016,WH-A,3742,120,800
INV00000975,2026-07-14,P017,WH-QA,3723,0,500
INV00000976,2026-07-14,P018,WH-A,3576,20,1000
INV00000977,2026-07-14,P019,WH-A,3763,0,1000
INV00000978,2026-07-14,P020,WH-B,3717,80,1000
INV00000979,2026-07-14,P021,WH-A,4637,120,500
INV00000980,2026-07-14,P022,WH-A,4261,120,500
INV00000981,2026-07-14,P024,WH-QA,4020,120,500
INV00000982,2026-07-14,P025,WH-QA,4639,0,1000
INV00000983,2026-07-14,P026,WH-A,3417,80,1200
INV00000984,2026-07-14,P028,WH-A,3802,0,1000
INV00000985,2026-07-15,P001,WH-B,2473,0,800
INV00000986,2026-07-15,P003,WH-A,3764,80,800
INV00000987,2026-07-15,P005,WH-QA,2703,0,1200
INV00000988,2026-07-15,P006,WH-A,3567,20,1000
INV00000989,2026-07-15,P007,WH-A,3717,20,1200
INV00000990,2026-07-15,P008,WH-A,3803,80,800
INV00000991,2026-07-15,P009,WH-B,2787,20,800
INV00000992,2026-07-15,P010,WH-QA,3073,80,1200
INV00000993,2026-07-15,P012,WH-A,3919,20,500
INV00000994,2026-07-15,P013,WH-B,3045,0,500
INV00000995,2026-07-15,P018,WH-A,4273,0,1000
INV00000996,2026-07-15,P019,WH-B,3777,120,500
INV00000997,2026-07-15,P020,WH-A,3514,80,500
INV00000998,2026-07-15,P021,WH-QA,3658,80,800
INV00000999,2026-07-15,P022,WH-A,3985,0,1000
INV00001000,2026-07-15,P023,WH-A,4110,0,500
INV00001001,2026-07-15,P024,WH-B,4513,120,500
INV00001002,2026-07-15,P026,WH-B,4095,50,500
INV00001003,2026-07-15,P027,WH-A,3895,50,1000
INV00001004,2026-07-15,P028,WH-A,4290,0,1000
