work_order_id,work_order_no,product_id,line_id,plan_qty,start_date,end_date,order_status
WO000001,MO-20260601-0001,P003,L05,1200,2026-06-01,2026-06-03,completed
WO000002,MO-20260601-0002,P015,L01,2000,2026-06-01,2026-06-03,closed
WO000003,MO-20260601-0003,P017,L01,1500,2026-06-01,2026-06-01,completed
WO000004,MO-20260601-0004,P017,L01,800,2026-06-01,2026-06-02,completed
WO000005,MO-20260601-0005,P004,L02,800,2026-06-01,2026-06-01,completed
WO000006,MO-20260601-0006,P012,L05,2000,2026-06-01,2026-06-02,closed
WO000007,MO-20260602-0007,P003,L01,1800,2026-06-02,2026-06-03,completed
WO000008,MO-20260602-0008,P009,L02,1000,2026-06-02,2026-06-03,completed
WO000009,MO-20260602-0009,P010,L01,600,2026-06-02,2026-06-03,completed
WO000010,MO-20260602-0010,P028,L02,600,2026-06-02,2026-06-03,completed
WO000011,MO-20260602-0011,P012,L04,800,2026-06-02,2026-06-04,completed
WO000012,MO-20260602-0012,P011,L05,1000,2026-06-02,2026-06-04,completed
WO000013,MO-20260602-0013,P019,L03,600,2026-06-02,2026-06-02,completed
WO000014,MO-20260602-0014,P012,L01,800,2026-06-02,2026-06-03,in_progress
WO000015,MO-20260602-0015,P028,L01,2000,2026-06-02,2026-06-03,completed
WO000016,MO-20260603-0016,P021,L02,2000,2026-06-03,2026-06-03,released
WO000017,MO-20260603-0017,P020,L02,1200,2026-06-03,2026-06-04,completed
WO000018,MO-20260603-0018,P013,L04,1800,2026-06-03,2026-06-04,in_progress
WO000019,MO-20260603-0019,P011,L03,600,2026-06-03,2026-06-04,completed
WO000020,MO-20260603-0020,P024,L01,1500,2026-06-03,2026-06-05,completed
WO000021,MO-20260603-0021,P024,L01,600,2026-06-03,2026-06-05,completed
WO000022,MO-20260604-0022,P013,L01,1500,2026-06-04,2026-06-05,completed
WO000023,MO-20260604-0023,P024,L04,1200,2026-06-04,2026-06-04,in_progress
WO000024,MO-20260604-0024,P003,L02,1200,2026-06-04,2026-06-05,closed
WO000025,MO-20260604-0025,P024,L01,1000,2026-06-04,2026-06-06,completed
WO000026,MO-20260604-0026,P011,L02,800,2026-06-04,2026-06-05,in_progress
WO000027,MO-20260604-0027,P018,L05,1500,2026-06-04,2026-06-05,in_progress
WO000028,MO-20260604-0028,P005,L01,1500,2026-06-04,2026-06-06,released
WO000029,MO-20260604-0029,P005,L04,600,2026-06-04,2026-06-04,completed
WO000030,MO-20260605-0030,P002,L02,800,2026-06-05,2026-06-05,completed
WO000031,MO-20260605-0031,P007,L03,600,2026-06-05,2026-06-07,closed
WO000032,MO-20260605-0032,P020,L02,800,2026-06-05,2026-06-05,closed
WO000033,MO-20260605-0033,P016,L01,1000,2026-06-05,2026-06-06,completed
WO000034,MO-20260605-0034,P025,L04,800,2026-06-05,2026-06-05,completed
WO000035,MO-20260605-0035,P021,L04,600,2026-06-05,2026-06-07,completed
WO000036,MO-20260605-0036,P020,L03,1500,2026-06-05,2026-06-06,completed
WO000037,MO-20260606-0037,P019,L02,1800,2026-06-06,2026-06-07,closed
WO000038,MO-20260606-0038,P001,L04,1200,2026-06-06,2026-06-06,in_progress
WO000039,MO-20260606-0039,P011,L04,800,2026-06-06,2026-06-08,completed
WO000040,MO-20260606-0040,P020,L05,800,2026-06-06,2026-06-08,closed
WO000041,MO-20260606-0041,P020,L04,1500,2026-06-06,2026-06-06,completed
WO000042,MO-20260606-0042,P013,L05,2000,2026-06-06,2026-06-07,completed
WO000043,MO-20260606-0043,P026,L03,600,2026-06-06,2026-06-07,closed
WO000044,MO-20260607-0044,P002,L04,1000,2026-06-07,2026-06-08,in_progress
WO000045,MO-20260607-0045,P005,L02,2000,2026-06-07,2026-06-07,completed
WO000046,MO-20260607-0046,P011,L03,1800,2026-06-07,2026-06-07,in_progress
WO000047,MO-20260607-0047,P005,L02,800,2026-06-07,2026-06-09,released
WO000048,MO-20260607-0048,P024,L02,1000,2026-06-07,2026-06-08,closed
WO000049,MO-20260607-0049,P007,L04,1800,2026-06-07,2026-06-09,completed
WO000050,MO-20260607-0050,P027,L01,1000,2026-06-07,2026-06-07,completed
WO000051,MO-20260607-0051,P004,L05,1200,2026-06-07,2026-06-08,closed
WO000052,MO-20260607-0052,P013,L04,1500,2026-06-07,2026-06-07,closed
WO000053,MO-20260607-0053,P008,L02,1500,2026-06-07,2026-06-08,released
WO000054,MO-20260608-0054,P001,L04,2000,2026-06-08,2026-06-10,completed
WO000055,MO-20260608-0055,P014,L03,1500,2026-06-08,2026-06-08,completed
WO000056,MO-20260608-0056,P015,L04,2000,2026-06-08,2026-06-08,closed
WO000057,MO-20260608-0057,P011,L02,1200,2026-06-08,2026-06-08,completed
WO000058,MO-20260608-0058,P023,L02,1500,2026-06-08,2026-06-08,completed
WO000059,MO-20260608-0059,P027,L01,800,2026-06-08,2026-06-08,completed
WO000060,MO-20260609-0060,P005,L01,1200,2026-06-09,2026-06-09,released
WO000061,MO-20260609-0061,P009,L01,600,2026-06-09,2026-06-10,completed
WO000062,MO-20260609-0062,P022,L01,1000,2026-06-09,2026-06-09,completed
WO000063,MO-20260609-0063,P017,L02,800,2026-06-09,2026-06-09,in_progress
WO000064,MO-20260609-0064,P009,L03,1800,2026-06-09,2026-06-11,completed
WO000065,MO-20260609-0065,P020,L05,1200,2026-06-09,2026-06-11,completed
WO000066,MO-20260610-0066,P004,L03,800,2026-06-10,2026-06-11,completed
WO000067,MO-20260610-0067,P016,L04,1500,2026-06-10,2026-06-12,released
WO000068,MO-20260610-0068,P027,L02,800,2026-06-10,2026-06-12,completed
WO000069,MO-20260610-0069,P009,L04,2000,2026-06-10,2026-06-11,completed
WO000070,MO-20260610-0070,P025,L05,2000,2026-06-10,2026-06-10,closed
WO000071,MO-20260610-0071,P001,L03,800,2026-06-10,2026-06-10,completed
WO000072,MO-20260610-0072,P024,L03,1800,2026-06-10,2026-06-11,released
WO000073,MO-20260610-0073,P021,L01,2000,2026-06-10,2026-06-10,completed
WO000074,MO-20260611-0074,P013,L02,600,2026-06-11,2026-06-11,completed
WO000075,MO-20260611-0075,P017,L02,2000,2026-06-11,2026-06-12,completed
WO000076,MO-20260611-0076,P015,L05,600,2026-06-11,2026-06-13,completed
WO000077,MO-20260611-0077,P012,L04,1800,2026-06-11,2026-06-11,completed
WO000078,MO-20260611-0078,P019,L04,800,2026-06-11,2026-06-11,in_progress
WO000079,MO-20260611-0079,P016,L01,1500,2026-06-11,2026-06-11,completed
WO000080,MO-20260611-0080,P026,L05,600,2026-06-11,2026-06-12,completed
WO000081,MO-20260611-0081,P021,L01,1500,2026-06-11,2026-06-11,closed
WO000082,MO-20260611-0082,P027,L01,800,2026-06-11,2026-06-13,closed
WO000083,MO-20260612-0083,P011,L03,1800,2026-06-12,2026-06-14,closed
WO000084,MO-20260612-0084,P025,L01,1200,2026-06-12,2026-06-14,completed
WO000085,MO-20260612-0085,P014,L05,1800,2026-06-12,2026-06-12,completed
WO000086,MO-20260612-0086,P007,L05,600,2026-06-12,2026-06-13,completed
WO000087,MO-20260612-0087,P001,L04,1500,2026-06-12,2026-06-13,in_progress
WO000088,MO-20260612-0088,P026,L05,1500,2026-06-12,2026-06-14,completed
WO000089,MO-20260612-0089,P025,L05,1500,2026-06-12,2026-06-12,completed
WO000090,MO-20260613-0090,P001,L04,1200,2026-06-13,2026-06-13,completed
WO000091,MO-20260613-0091,P022,L03,1000,2026-06-13,2026-06-13,completed
WO000092,MO-20260613-0092,P013,L04,1800,2026-06-13,2026-06-14,released
WO000093,MO-20260613-0093,P004,L02,2000,2026-06-13,2026-06-14,completed
WO000094,MO-20260613-0094,P018,L02,600,2026-06-13,2026-06-14,completed
WO000095,MO-20260613-0095,P001,L05,600,2026-06-13,2026-06-14,completed
WO000096,MO-20260614-0096,P007,L05,1500,2026-06-14,2026-06-15,closed
WO000097,MO-20260614-0097,P017,L02,1000,2026-06-14,2026-06-15,completed
WO000098,MO-20260614-0098,P009,L04,1200,2026-06-14,2026-06-16,completed
WO000099,MO-20260614-0099,P017,L03,800,2026-06-14,2026-06-14,released
WO000100,MO-20260614-0100,P021,L01,600,2026-06-14,2026-06-15,completed
WO000101,MO-20260614-0101,P005,L01,600,2026-06-14,2026-06-16,completed
WO000102,MO-20260614-0102,P008,L05,1200,2026-06-14,2026-06-16,in_progress
WO000103,MO-20260614-0103,P026,L03,2000,2026-06-14,2026-06-15,released
WO000104,MO-20260615-0104,P008,L05,600,2026-06-15,2026-06-16,completed
WO000105,MO-20260615-0105,P022,L03,600,2026-06-15,2026-06-16,closed
WO000106,MO-20260615-0106,P005,L04,1800,2026-06-15,2026-06-16,completed
WO000107,MO-20260615-0107,P001,L05,1500,2026-06-15,2026-06-16,closed
WO000108,MO-20260615-0108,P027,L02,800,2026-06-15,2026-06-15,completed
WO000109,MO-20260615-0109,P013,L04,1200,2026-06-15,2026-06-15,closed
WO000110,MO-20260615-0110,P017,L01,600,2026-06-15,2026-06-15,completed
WO000111,MO-20260615-0111,P028,L01,2000,2026-06-15,2026-06-17,completed
WO000112,MO-20260615-0112,P012,L05,2000,2026-06-15,2026-06-15,completed
WO000113,MO-20260616-0113,P005,L02,2000,2026-06-16,2026-06-16,closed
WO000114,MO-20260616-0114,P003,L05,1200,2026-06-16,2026-06-16,closed
WO000115,MO-20260616-0115,P018,L03,1500,2026-06-16,2026-06-16,completed
WO000116,MO-20260616-0116,P023,L04,800,2026-06-16,2026-06-17,completed
WO000117,MO-20260616-0117,P014,L01,1000,2026-06-16,2026-06-16,completed
WO000118,MO-20260616-0118,P007,L01,1500,2026-06-16,2026-06-16,completed
WO000119,MO-20260616-0119,P018,L04,1200,2026-06-16,2026-06-17,in_progress
WO000120,MO-20260616-0120,P006,L01,2000,2026-06-16,2026-06-16,completed
WO000121,MO-20260617-0121,P012,L04,800,2026-06-17,2026-06-17,in_progress
WO000122,MO-20260617-0122,P005,L01,800,2026-06-17,2026-06-19,released
WO000123,MO-20260617-0123,P027,L03,800,2026-06-17,2026-06-17,released
WO000124,MO-20260617-0124,P011,L05,2000,2026-06-17,2026-06-17,completed
WO000125,MO-20260617-0125,P020,L04,1800,2026-06-17,2026-06-17,in_progress
WO000126,MO-20260617-0126,P005,L03,1000,2026-06-17,2026-06-19,closed
WO000127,MO-20260617-0127,P004,L03,1000,2026-06-17,2026-06-17,completed
WO000128,MO-20260617-0128,P012,L01,2000,2026-06-17,2026-06-19,in_progress
WO000129,MO-20260617-0129,P012,L02,1500,2026-06-17,2026-06-18,completed
WO000130,MO-20260617-0130,P006,L02,1800,2026-06-17,2026-06-19,in_progress
WO000131,MO-20260618-0131,P003,L05,1500,2026-06-18,2026-06-20,completed
WO000132,MO-20260618-0132,P005,L03,1500,2026-06-18,2026-06-19,completed
WO000133,MO-20260618-0133,P018,L03,800,2026-06-18,2026-06-18,in_progress
WO000134,MO-20260618-0134,P008,L04,800,2026-06-18,2026-06-20,completed
WO000135,MO-20260618-0135,P013,L02,800,2026-06-18,2026-06-19,completed
WO000136,MO-20260618-0136,P017,L04,1000,2026-06-18,2026-06-20,completed
WO000137,MO-20260619-0137,P007,L04,1800,2026-06-19,2026-06-20,completed
WO000138,MO-20260619-0138,P018,L05,1500,2026-06-19,2026-06-21,closed
WO000139,MO-20260619-0139,P003,L02,1500,2026-06-19,2026-06-21,released
WO000140,MO-20260619-0140,P023,L01,1500,2026-06-19,2026-06-20,released
WO000141,MO-20260619-0141,P009,L01,2000,2026-06-19,2026-06-19,in_progress
WO000142,MO-20260619-0142,P023,L01,1500,2026-06-19,2026-06-19,closed
WO000143,MO-20260619-0143,P019,L03,1800,2026-06-19,2026-06-20,completed
WO000144,MO-20260620-0144,P009,L01,1200,2026-06-20,2026-06-22,completed
WO000145,MO-20260620-0145,P014,L02,1500,2026-06-20,2026-06-22,closed
WO000146,MO-20260620-0146,P004,L01,1000,2026-06-20,2026-06-20,completed
WO000147,MO-20260620-0147,P005,L05,1200,2026-06-20,2026-06-22,completed
WO000148,MO-20260620-0148,P023,L03,1800,2026-06-20,2026-06-21,closed
WO000149,MO-20260620-0149,P019,L05,1000,2026-06-20,2026-06-22,closed
WO000150,MO-20260621-0150,P013,L04,2000,2026-06-21,2026-06-22,completed
WO000151,MO-20260621-0151,P006,L03,2000,2026-06-21,2026-06-22,completed
WO000152,MO-20260621-0152,P021,L01,600,2026-06-21,2026-06-21,in_progress
WO000153,MO-20260621-0153,P003,L05,800,2026-06-21,2026-06-23,completed
WO000154,MO-20260621-0154,P016,L05,1200,2026-06-21,2026-06-21,completed
WO000155,MO-20260621-0155,P012,L02,1000,2026-06-21,2026-06-23,closed
WO000156,MO-20260622-0156,P025,L01,800,2026-06-22,2026-06-23,closed
WO000157,MO-20260622-0157,P008,L02,1200,2026-06-22,2026-06-24,completed
WO000158,MO-20260622-0158,P007,L03,1800,2026-06-22,2026-06-23,completed
WO000159,MO-20260622-0159,P024,L03,2000,2026-06-22,2026-06-22,completed
WO000160,MO-20260622-0160,P022,L05,1500,2026-06-22,2026-06-22,released
WO000161,MO-20260622-0161,P007,L04,800,2026-06-22,2026-06-23,completed
WO000162,MO-20260622-0162,P016,L01,600,2026-06-22,2026-06-22,in_progress
WO000163,MO-20260623-0163,P010,L05,1800,2026-06-23,2026-06-25,completed
WO000164,MO-20260623-0164,P022,L03,1500,2026-06-23,2026-06-23,completed
WO000165,MO-20260623-0165,P007,L01,1200,2026-06-23,2026-06-25,closed
WO000166,MO-20260623-0166,P013,L01,1800,2026-06-23,2026-06-23,completed
WO000167,MO-20260623-0167,P028,L05,1800,2026-06-23,2026-06-24,closed
WO000168,MO-20260623-0168,P024,L03,1800,2026-06-23,2026-06-24,closed
WO000169,MO-20260624-0169,P019,L02,2000,2026-06-24,2026-06-26,closed
WO000170,MO-20260624-0170,P003,L01,600,2026-06-24,2026-06-26,closed
WO000171,MO-20260624-0171,P010,L03,1500,2026-06-24,2026-06-24,closed
WO000172,MO-20260624-0172,P024,L03,1000,2026-06-24,2026-06-25,closed
WO000173,MO-20260624-0173,P017,L05,800,2026-06-24,2026-06-24,completed
WO000174,MO-20260624-0174,P022,L05,1800,2026-06-24,2026-06-24,closed
WO000175,MO-20260624-0175,P023,L05,1000,2026-06-24,2026-06-24,completed
WO000176,MO-20260624-0176,P023,L02,600,2026-06-24,2026-06-26,completed
WO000177,MO-20260624-0177,P016,L03,1800,2026-06-24,2026-06-24,released
WO000178,MO-20260625-0178,P011,L03,1200,2026-06-25,2026-06-27,completed
WO000179,MO-20260625-0179,P019,L01,1000,2026-06-25,2026-06-25,completed
WO000180,MO-20260625-0180,P004,L04,1000,2026-06-25,2026-06-26,completed
WO000181,MO-20260625-0181,P007,L03,1200,2026-06-25,2026-06-25,closed
WO000182,MO-20260625-0182,P014,L02,2000,2026-06-25,2026-06-26,closed
WO000183,MO-20260625-0183,P018,L04,800,2026-06-25,2026-06-27,completed
WO000184,MO-20260625-0184,P008,L04,1800,2026-06-25,2026-06-27,completed
WO000185,MO-20260626-0185,P026,L02,1500,2026-06-26,2026-06-26,completed
WO000186,MO-20260626-0186,P015,L05,1200,2026-06-26,2026-06-27,closed
WO000187,MO-20260626-0187,P013,L03,1800,2026-06-26,2026-06-28,completed
WO000188,MO-20260626-0188,P014,L04,2000,2026-06-26,2026-06-26,released
WO000189,MO-20260626-0189,P005,L04,1200,2026-06-26,2026-06-27,released
WO000190,MO-20260626-0190,P015,L05,1000,2026-06-26,2026-06-26,in_progress
WO000191,MO-20260626-0191,P022,L03,2000,2026-06-26,2026-06-27,closed
WO000192,MO-20260627-0192,P013,L03,1500,2026-06-27,2026-06-29,completed
WO000193,MO-20260627-0193,P009,L03,600,2026-06-27,2026-06-29,completed
WO000194,MO-20260627-0194,P023,L04,1800,2026-06-27,2026-06-29,completed
WO000195,MO-20260627-0195,P026,L04,2000,2026-06-27,2026-06-29,completed
WO000196,MO-20260627-0196,P014,L01,1000,2026-06-27,2026-06-29,completed
WO000197,MO-20260627-0197,P014,L05,1800,2026-06-27,2026-06-28,completed
WO000198,MO-20260628-0198,P014,L03,1500,2026-06-28,2026-06-28,closed
WO000199,MO-20260628-0199,P002,L05,800,2026-06-28,2026-06-28,closed
WO000200,MO-20260628-0200,P017,L04,600,2026-06-28,2026-06-28,completed
WO000201,MO-20260628-0201,P015,L02,1800,2026-06-28,2026-06-28,closed
WO000202,MO-20260628-0202,P026,L04,1800,2026-06-28,2026-06-28,closed
WO000203,MO-20260628-0203,P015,L02,1200,2026-06-28,2026-06-28,in_progress
WO000204,MO-20260628-0204,P014,L05,1800,2026-06-28,2026-06-30,completed
WO000205,MO-20260628-0205,P009,L01,1800,2026-06-28,2026-06-29,completed
WO000206,MO-20260629-0206,P009,L04,1000,2026-06-29,2026-06-29,completed
WO000207,MO-20260629-0207,P028,L03,2000,2026-06-29,2026-06-29,completed
WO000208,MO-20260629-0208,P012,L01,1200,2026-06-29,2026-06-29,closed
WO000209,MO-20260629-0209,P012,L02,1500,2026-06-29,2026-06-30,closed
WO000210,MO-20260629-0210,P006,L05,1500,2026-06-29,2026-07-01,in_progress
WO000211,MO-20260629-0211,P018,L03,1000,2026-06-29,2026-07-01,completed
WO000212,MO-20260629-0212,P003,L03,2000,2026-06-29,2026-06-29,completed
WO000213,MO-20260630-0213,P019,L02,1800,2026-06-30,2026-07-01,completed
WO000214,MO-20260630-0214,P006,L03,600,2026-06-30,2026-07-02,completed
WO000215,MO-20260630-0215,P013,L04,2000,2026-06-30,2026-07-02,completed
WO000216,MO-20260630-0216,P005,L05,800,2026-06-30,2026-06-30,completed
WO000217,MO-20260630-0217,P028,L03,2000,2026-06-30,2026-07-01,in_progress
WO000218,MO-20260630-0218,P015,L02,600,2026-06-30,2026-06-30,completed
WO000219,MO-20260630-0219,P008,L03,1000,2026-06-30,2026-06-30,completed
WO000220,MO-20260630-0220,P014,L02,800,2026-06-30,2026-07-01,in_progress
WO000221,MO-20260701-0221,P016,L03,2000,2026-07-01,2026-07-01,closed
WO000222,MO-20260701-0222,P014,L03,600,2026-07-01,2026-07-01,completed
WO000223,MO-20260701-0223,P015,L02,2000,2026-07-01,2026-07-03,completed
WO000224,MO-20260701-0224,P001,L02,800,2026-07-01,2026-07-03,released
WO000225,MO-20260701-0225,P026,L04,800,2026-07-01,2026-07-02,in_progress
WO000226,MO-20260701-0226,P006,L03,1000,2026-07-01,2026-07-02,completed
WO000227,MO-20260701-0227,P024,L01,2000,2026-07-01,2026-07-01,completed
WO000228,MO-20260701-0228,P015,L02,2000,2026-07-01,2026-07-01,completed
WO000229,MO-20260701-0229,P027,L03,1200,2026-07-01,2026-07-02,completed
WO000230,MO-20260702-0230,P007,L03,2000,2026-07-02,2026-07-02,completed
WO000231,MO-20260702-0231,P023,L04,800,2026-07-02,2026-07-04,completed
WO000232,MO-20260702-0232,P005,L01,1800,2026-07-02,2026-07-03,completed
WO000233,MO-20260702-0233,P002,L02,1500,2026-07-02,2026-07-04,completed
WO000234,MO-20260702-0234,P008,L03,1800,2026-07-02,2026-07-03,completed
WO000235,MO-20260702-0235,P017,L02,600,2026-07-02,2026-07-04,completed
WO000236,MO-20260703-0236,P015,L05,1000,2026-07-03,2026-07-03,completed
WO000237,MO-20260703-0237,P023,L03,1200,2026-07-03,2026-07-03,completed
WO000238,MO-20260703-0238,P021,L05,800,2026-07-03,2026-07-03,completed
WO000239,MO-20260703-0239,P008,L01,600,2026-07-03,2026-07-03,released
WO000240,MO-20260703-0240,P027,L03,600,2026-07-03,2026-07-03,completed
WO000241,MO-20260703-0241,P001,L01,1000,2026-07-03,2026-07-03,completed
WO000242,MO-20260704-0242,P006,L05,2000,2026-07-04,2026-07-06,completed
WO000243,MO-20260704-0243,P017,L03,1200,2026-07-04,2026-07-05,completed
WO000244,MO-20260704-0244,P019,L04,2000,2026-07-04,2026-07-06,completed
WO000245,MO-20260704-0245,P013,L03,1500,2026-07-04,2026-07-04,released
WO000246,MO-20260704-0246,P016,L03,600,2026-07-04,2026-07-05,completed
WO000247,MO-20260704-0247,P008,L04,1500,2026-07-04,2026-07-04,closed
WO000248,MO-20260704-0248,P011,L05,1000,2026-07-04,2026-07-06,completed
WO000249,MO-20260704-0249,P009,L04,2000,2026-07-04,2026-07-06,completed
WO000250,MO-20260704-0250,P012,L02,1000,2026-07-04,2026-07-06,in_progress
WO000251,MO-20260704-0251,P013,L01,1200,2026-07-04,2026-07-06,completed
WO000252,MO-20260705-0252,P028,L03,1000,2026-07-05,2026-07-05,completed
WO000253,MO-20260705-0253,P018,L02,600,2026-07-05,2026-07-07,completed
WO000254,MO-20260705-0254,P013,L02,600,2026-07-05,2026-07-06,completed
WO000255,MO-20260705-0255,P012,L01,1200,2026-07-05,2026-07-06,completed
WO000256,MO-20260705-0256,P023,L01,600,2026-07-05,2026-07-07,released
WO000257,MO-20260705-0257,P017,L05,800,2026-07-05,2026-07-06,completed
WO000258,MO-20260705-0258,P024,L04,1200,2026-07-05,2026-07-07,closed
WO000259,MO-20260705-0259,P017,L02,1500,2026-07-05,2026-07-05,completed
WO000260,MO-20260706-0260,P019,L01,1500,2026-07-06,2026-07-08,in_progress
WO000261,MO-20260706-0261,P012,L05,1500,2026-07-06,2026-07-06,completed
WO000262,MO-20260706-0262,P010,L02,1800,2026-07-06,2026-07-06,completed
WO000263,MO-20260706-0263,P007,L04,1200,2026-07-06,2026-07-08,released
WO000264,MO-20260706-0264,P013,L05,1000,2026-07-06,2026-07-08,closed
WO000265,MO-20260706-0265,P012,L01,1200,2026-07-06,2026-07-07,in_progress
WO000266,MO-20260706-0266,P018,L02,1500,2026-07-06,2026-07-08,in_progress
WO000267,MO-20260706-0267,P019,L01,600,2026-07-06,2026-07-06,completed
WO000268,MO-20260706-0268,P011,L04,600,2026-07-06,2026-07-08,completed
WO000269,MO-20260706-0269,P009,L02,2000,2026-07-06,2026-07-06,completed
WO000270,MO-20260707-0270,P005,L04,1500,2026-07-07,2026-07-08,released
WO000271,MO-20260707-0271,P024,L03,600,2026-07-07,2026-07-09,completed
WO000272,MO-20260707-0272,P012,L01,1800,2026-07-07,2026-07-07,completed
WO000273,MO-20260707-0273,P006,L04,1500,2026-07-07,2026-07-07,completed
WO000274,MO-20260707-0274,P022,L02,1000,2026-07-07,2026-07-09,completed
WO000275,MO-20260707-0275,P003,L02,1500,2026-07-07,2026-07-07,completed
WO000276,MO-20260707-0276,P016,L02,800,2026-07-07,2026-07-07,closed
WO000277,MO-20260707-0277,P027,L04,1500,2026-07-07,2026-07-09,completed
WO000278,MO-20260707-0278,P007,L01,600,2026-07-07,2026-07-07,released
WO000279,MO-20260708-0279,P014,L04,1500,2026-07-08,2026-07-08,completed
WO000280,MO-20260708-0280,P026,L05,800,2026-07-08,2026-07-08,completed
WO000281,MO-20260708-0281,P018,L01,1200,2026-07-08,2026-07-10,closed
WO000282,MO-20260708-0282,P010,L03,800,2026-07-08,2026-07-09,completed
WO000283,MO-20260708-0283,P028,L04,1800,2026-07-08,2026-07-08,completed
WO000284,MO-20260708-0284,P026,L01,1000,2026-07-08,2026-07-08,completed
WO000285,MO-20260708-0285,P006,L02,2000,2026-07-08,2026-07-10,in_progress
WO000286,MO-20260708-0286,P004,L03,1000,2026-07-08,2026-07-08,completed
WO000287,MO-20260708-0287,P020,L04,1000,2026-07-08,2026-07-09,closed
WO000288,MO-20260709-0288,P028,L01,1800,2026-07-09,2026-07-10,completed
WO000289,MO-20260709-0289,P010,L01,800,2026-07-09,2026-07-11,released
WO000290,MO-20260709-0290,P014,L02,1800,2026-07-09,2026-07-11,completed
WO000291,MO-20260709-0291,P023,L05,1000,2026-07-09,2026-07-11,completed
WO000292,MO-20260709-0292,P014,L02,800,2026-07-09,2026-07-10,completed
WO000293,MO-20260709-0293,P019,L01,1200,2026-07-09,2026-07-10,completed
WO000294,MO-20260709-0294,P024,L05,800,2026-07-09,2026-07-09,released
WO000295,MO-20260709-0295,P017,L03,1000,2026-07-09,2026-07-10,completed
WO000296,MO-20260709-0296,P014,L04,1800,2026-07-09,2026-07-09,completed
WO000297,MO-20260710-0297,P023,L01,1500,2026-07-10,2026-07-12,completed
WO000298,MO-20260710-0298,P026,L04,800,2026-07-10,2026-07-11,completed
WO000299,MO-20260710-0299,P027,L02,1000,2026-07-10,2026-07-10,completed
WO000300,MO-20260710-0300,P011,L04,800,2026-07-10,2026-07-12,completed
WO000301,MO-20260710-0301,P016,L03,600,2026-07-10,2026-07-12,closed
WO000302,MO-20260710-0302,P021,L03,1500,2026-07-10,2026-07-10,completed
WO000303,MO-20260711-0303,P018,L01,800,2026-07-11,2026-07-11,completed
WO000304,MO-20260711-0304,P027,L02,2000,2026-07-11,2026-07-12,closed
WO000305,MO-20260711-0305,P018,L01,600,2026-07-11,2026-07-11,completed
WO000306,MO-20260711-0306,P019,L04,1500,2026-07-11,2026-07-12,closed
WO000307,MO-20260711-0307,P025,L01,1800,2026-07-11,2026-07-13,closed
WO000308,MO-20260711-0308,P002,L01,600,2026-07-11,2026-07-12,completed
WO000309,MO-20260711-0309,P008,L05,1200,2026-07-11,2026-07-12,completed
WO000310,MO-20260711-0310,P014,L04,800,2026-07-11,2026-07-12,completed
WO000311,MO-20260711-0311,P012,L02,600,2026-07-11,2026-07-11,completed
WO000312,MO-20260711-0312,P017,L02,1200,2026-07-11,2026-07-11,released
WO000313,MO-20260712-0313,P011,L01,2000,2026-07-12,2026-07-13,closed
WO000314,MO-20260712-0314,P020,L03,2000,2026-07-12,2026-07-14,completed
WO000315,MO-20260712-0315,P019,L03,1800,2026-07-12,2026-07-13,released
WO000316,MO-20260712-0316,P004,L03,2000,2026-07-12,2026-07-13,completed
WO000317,MO-20260712-0317,P025,L01,600,2026-07-12,2026-07-13,completed
WO000318,MO-20260712-0318,P001,L01,600,2026-07-12,2026-07-13,closed
WO000319,MO-20260712-0319,P024,L05,600,2026-07-12,2026-07-13,closed
WO000320,MO-20260712-0320,P020,L04,600,2026-07-12,2026-07-12,completed
WO000321,MO-20260713-0321,P016,L05,1200,2026-07-13,2026-07-14,completed
WO000322,MO-20260713-0322,P027,L04,2000,2026-07-13,2026-07-14,released
WO000323,MO-20260713-0323,P014,L01,2000,2026-07-13,2026-07-15,completed
WO000324,MO-20260713-0324,P005,L04,1000,2026-07-13,2026-07-14,closed
WO000325,MO-20260713-0325,P027,L05,800,2026-07-13,2026-07-14,released
WO000326,MO-20260713-0326,P003,L02,1800,2026-07-13,2026-07-13,closed
WO000327,MO-20260713-0327,P009,L02,1200,2026-07-13,2026-07-13,completed
WO000328,MO-20260713-0328,P015,L05,1800,2026-07-13,2026-07-15,completed
WO000329,MO-20260714-0329,P021,L03,2000,2026-07-14,2026-07-15,closed
WO000330,MO-20260714-0330,P028,L02,1800,2026-07-14,2026-07-14,released
WO000331,MO-20260714-0331,P025,L01,600,2026-07-14,2026-07-15,closed
WO000332,MO-20260714-0332,P006,L03,1800,2026-07-14,2026-07-15,closed
WO000333,MO-20260714-0333,P024,L03,1800,2026-07-14,2026-07-15,closed
WO000334,MO-20260714-0334,P001,L05,1500,2026-07-14,2026-07-15,completed
WO000335,MO-20260714-0335,P005,L03,1500,2026-07-14,2026-07-15,completed
WO000336,MO-20260714-0336,P024,L02,1000,2026-07-14,2026-07-14,closed
WO000337,MO-20260715-0337,P003,L04,1800,2026-07-15,2026-07-15,closed
WO000338,MO-20260715-0338,P016,L02,800,2026-07-15,2026-07-15,closed
WO000339,MO-20260715-0339,P007,L03,1000,2026-07-15,2026-07-15,in_progress
WO000340,MO-20260715-0340,P008,L01,1800,2026-07-15,2026-07-15,completed
WO000341,MO-20260715-0341,P011,L04,1800,2026-07-15,2026-07-15,closed
WO000342,MO-20260715-0342,P010,L03,1200,2026-07-15,2026-07-15,completed
WO000343,MO-20260715-0343,P016,L05,1000,2026-07-15,2026-07-15,completed
WO000344,MO-20260715-0344,P007,L02,2000,2026-07-15,2026-07-15,completed
