inspection_id,inspection_no,work_order_id,product_id,process_id,inspection_date,sample_qty,defect_qty,inspection_result
INS00000001,QI-20260601-00001,WO000001,P003,PR03,2026-06-01,150,1,pass
INS00000002,QI-20260602-00002,WO000001,P003,PR06,2026-06-02,120,7,fail
INS00000003,QI-20260603-00003,WO000001,P003,PR07,2026-06-03,80,4,fail
INS00000004,QI-20260603-00004,WO000001,P003,PR08,2026-06-03,200,1,pass
INS00000005,QI-20260601-00005,WO000002,P015,PR03,2026-06-01,200,1,pass
INS00000006,QI-20260602-00006,WO000002,P015,PR06,2026-06-02,200,9,fail
INS00000007,QI-20260603-00007,WO000002,P015,PR07,2026-06-03,150,6,fail
INS00000008,QI-20260603-00008,WO000002,P015,PR08,2026-06-03,80,0,pass
INS00000009,QI-20260601-00009,WO000003,P017,PR03,2026-06-01,150,1,pass
INS00000010,QI-20260602-00010,WO000003,P017,PR06,2026-06-02,120,7,fail
INS00000011,QI-20260603-00011,WO000003,P017,PR07,2026-06-03,150,8,fail
INS00000012,QI-20260603-00012,WO000003,P017,PR08,2026-06-03,150,1,pass
INS00000013,QI-20260601-00013,WO000004,P017,PR03,2026-06-01,200,2,pass
INS00000014,QI-20260602-00014,WO000004,P017,PR06,2026-06-02,200,7,pass
INS00000015,QI-20260603-00015,WO000004,P017,PR07,2026-06-03,150,6,fail
INS00000016,QI-20260603-00016,WO000004,P017,PR08,2026-06-03,120,1,pass
INS00000017,QI-20260601-00017,WO000005,P004,PR03,2026-06-01,120,1,pass
INS00000018,QI-20260602-00018,WO000005,P004,PR06,2026-06-02,100,4,fail
INS00000019,QI-20260603-00019,WO000005,P004,PR07,2026-06-03,120,6,fail
INS00000020,QI-20260603-00020,WO000005,P004,PR08,2026-06-03,80,0,pass
INS00000021,QI-20260601-00021,WO000006,P012,PR03,2026-06-01,200,2,pass
INS00000022,QI-20260602-00022,WO000006,P012,PR06,2026-06-02,200,12,fail
INS00000023,QI-20260603-00023,WO000006,P012,PR07,2026-06-03,120,5,fail
INS00000024,QI-20260603-00024,WO000006,P012,PR08,2026-06-03,120,1,pass
INS00000025,QI-20260602-00025,WO000007,P003,PR03,2026-06-02,200,1,pass
INS00000026,QI-20260603-00026,WO000007,P003,PR06,2026-06-03,200,10,fail
INS00000027,QI-20260604-00027,WO000007,P003,PR07,2026-06-04,120,5,fail
INS00000028,QI-20260604-00028,WO000007,P003,PR08,2026-06-04,120,1,pass
INS00000029,QI-20260602-00029,WO000008,P009,PR03,2026-06-02,80,1,pass
INS00000030,QI-20260603-00030,WO000008,P009,PR06,2026-06-03,150,6,fail
INS00000031,QI-20260604-00031,WO000008,P009,PR07,2026-06-04,100,4,fail
INS00000032,QI-20260604-00032,WO000008,P009,PR08,2026-06-04,80,1,pass
INS00000033,QI-20260602-00033,WO000009,P010,PR03,2026-06-02,100,0,pass
INS00000034,QI-20260603-00034,WO000009,P010,PR06,2026-06-03,80,4,fail
INS00000035,QI-20260604-00035,WO000009,P010,PR07,2026-06-04,80,3,fail
INS00000036,QI-20260604-00036,WO000009,P010,PR08,2026-06-04,80,0,pass
INS00000037,QI-20260602-00037,WO000010,P028,PR03,2026-06-02,80,0,pass
INS00000038,QI-20260603-00038,WO000010,P028,PR06,2026-06-03,120,5,fail
INS00000039,QI-20260604-00039,WO000010,P028,PR07,2026-06-04,100,6,fail
INS00000040,QI-20260604-00040,WO000010,P028,PR08,2026-06-04,200,2,pass
INS00000041,QI-20260602-00041,WO000011,P012,PR03,2026-06-02,120,1,pass
INS00000042,QI-20260603-00042,WO000011,P012,PR06,2026-06-03,150,8,fail
INS00000043,QI-20260604-00043,WO000011,P012,PR07,2026-06-04,80,5,fail
INS00000044,QI-20260604-00044,WO000011,P012,PR08,2026-06-04,80,1,pass
INS00000045,QI-20260602-00045,WO000012,P011,PR03,2026-06-02,150,1,pass
INS00000046,QI-20260603-00046,WO000012,P011,PR06,2026-06-03,150,7,fail
INS00000047,QI-20260604-00047,WO000012,P011,PR07,2026-06-04,100,4,fail
INS00000048,QI-20260604-00048,WO000012,P011,PR08,2026-06-04,150,1,pass
INS00000049,QI-20260602-00049,WO000013,P019,PR03,2026-06-02,150,2,pass
INS00000050,QI-20260603-00050,WO000013,P019,PR06,2026-06-03,120,5,fail
INS00000051,QI-20260604-00051,WO000013,P019,PR07,2026-06-04,200,11,fail
INS00000052,QI-20260604-00052,WO000013,P019,PR08,2026-06-04,120,2,pass
INS00000053,QI-20260602-00053,WO000014,P012,PR03,2026-06-02,200,2,pass
INS00000054,QI-20260603-00054,WO000014,P012,PR06,2026-06-03,200,7,pass
INS00000055,QI-20260604-00055,WO000014,P012,PR07,2026-06-04,80,3,fail
INS00000056,QI-20260604-00056,WO000014,P012,PR08,2026-06-04,200,2,pass
INS00000057,QI-20260602-00057,WO000015,P028,PR03,2026-06-02,120,1,pass
INS00000058,QI-20260603-00058,WO000015,P028,PR06,2026-06-03,120,5,fail
INS00000059,QI-20260604-00059,WO000015,P028,PR07,2026-06-04,80,3,fail
INS00000060,QI-20260604-00060,WO000015,P028,PR08,2026-06-04,200,1,pass
INS00000061,QI-20260603-00061,WO000016,P021,PR03,2026-06-03,80,1,pass
INS00000062,QI-20260604-00062,WO000016,P021,PR06,2026-06-04,100,5,fail
INS00000063,QI-20260605-00063,WO000016,P021,PR07,2026-06-05,200,10,fail
INS00000064,QI-20260605-00064,WO000016,P021,PR08,2026-06-05,100,1,pass
INS00000065,QI-20260603-00065,WO000017,P020,PR03,2026-06-03,150,2,pass
INS00000066,QI-20260604-00066,WO000017,P020,PR06,2026-06-04,120,5,fail
INS00000067,QI-20260605-00067,WO000017,P020,PR07,2026-06-05,120,6,fail
INS00000068,QI-20260605-00068,WO000017,P020,PR08,2026-06-05,80,0,pass
INS00000069,QI-20260603-00069,WO000018,P013,PR03,2026-06-03,200,3,pass
INS00000070,QI-20260604-00070,WO000018,P013,PR06,2026-06-04,100,6,fail
INS00000071,QI-20260605-00071,WO000018,P013,PR07,2026-06-05,80,5,fail
INS00000072,QI-20260605-00072,WO000018,P013,PR08,2026-06-05,80,1,pass
INS00000073,QI-20260603-00073,WO000019,P011,PR03,2026-06-03,100,1,pass
INS00000074,QI-20260604-00074,WO000019,P011,PR06,2026-06-04,120,7,fail
INS00000075,QI-20260605-00075,WO000019,P011,PR07,2026-06-05,100,6,fail
INS00000076,QI-20260605-00076,WO000019,P011,PR08,2026-06-05,120,1,pass
INS00000077,QI-20260603-00077,WO000020,P024,PR03,2026-06-03,100,0,pass
INS00000078,QI-20260604-00078,WO000020,P024,PR06,2026-06-04,80,4,fail
INS00000079,QI-20260605-00079,WO000020,P024,PR07,2026-06-05,200,6,pass
INS00000080,QI-20260605-00080,WO000020,P024,PR08,2026-06-05,80,1,pass
INS00000081,QI-20260603-00081,WO000021,P024,PR03,2026-06-03,80,1,pass
INS00000082,QI-20260604-00082,WO000021,P024,PR06,2026-06-04,150,9,fail
INS00000083,QI-20260605-00083,WO000021,P024,PR07,2026-06-05,150,5,pass
INS00000084,QI-20260605-00084,WO000021,P024,PR08,2026-06-05,200,1,pass
INS00000085,QI-20260604-00085,WO000022,P013,PR03,2026-06-04,200,1,pass
INS00000086,QI-20260605-00086,WO000022,P013,PR06,2026-06-05,80,4,fail
INS00000087,QI-20260606-00087,WO000022,P013,PR07,2026-06-06,150,6,fail
INS00000088,QI-20260606-00088,WO000022,P013,PR08,2026-06-06,150,1,pass
INS00000089,QI-20260604-00089,WO000023,P024,PR03,2026-06-04,200,3,pass
INS00000090,QI-20260605-00090,WO000023,P024,PR06,2026-06-05,100,7,fail
INS00000091,QI-20260606-00091,WO000023,P024,PR07,2026-06-06,100,5,fail
INS00000092,QI-20260606-00092,WO000023,P024,PR08,2026-06-06,150,3,pass
INS00000093,QI-20260604-00093,WO000024,P003,PR03,2026-06-04,120,1,pass
INS00000094,QI-20260605-00094,WO000024,P003,PR06,2026-06-05,100,6,fail
INS00000095,QI-20260606-00095,WO000024,P003,PR07,2026-06-06,150,7,fail
INS00000096,QI-20260606-00096,WO000024,P003,PR08,2026-06-06,80,1,pass
INS00000097,QI-20260604-00097,WO000025,P024,PR03,2026-06-04,120,0,pass
INS00000098,QI-20260605-00098,WO000025,P024,PR06,2026-06-05,120,4,pass
INS00000099,QI-20260606-00099,WO000025,P024,PR07,2026-06-06,100,4,fail
INS00000100,QI-20260606-00100,WO000025,P024,PR08,2026-06-06,150,1,pass
INS00000101,QI-20260604-00101,WO000026,P011,PR03,2026-06-04,150,2,pass
INS00000102,QI-20260605-00102,WO000026,P011,PR06,2026-06-05,150,10,fail
INS00000103,QI-20260606-00103,WO000026,P011,PR07,2026-06-06,200,10,fail
INS00000104,QI-20260606-00104,WO000026,P011,PR08,2026-06-06,200,1,pass
INS00000105,QI-20260604-00105,WO000027,P018,PR03,2026-06-04,150,2,pass
INS00000106,QI-20260605-00106,WO000027,P018,PR06,2026-06-05,120,7,fail
INS00000107,QI-20260606-00107,WO000027,P018,PR07,2026-06-06,80,4,fail
INS00000108,QI-20260606-00108,WO000027,P018,PR08,2026-06-06,150,1,pass
INS00000109,QI-20260604-00109,WO000028,P005,PR03,2026-06-04,80,0,pass
INS00000110,QI-20260605-00110,WO000028,P005,PR06,2026-06-05,200,7,pass
INS00000111,QI-20260606-00111,WO000028,P005,PR07,2026-06-06,100,3,pass
INS00000112,QI-20260606-00112,WO000028,P005,PR08,2026-06-06,150,1,pass
INS00000113,QI-20260604-00113,WO000029,P005,PR03,2026-06-04,100,1,pass
INS00000114,QI-20260605-00114,WO000029,P005,PR06,2026-06-05,120,6,fail
INS00000115,QI-20260606-00115,WO000029,P005,PR07,2026-06-06,80,5,fail
INS00000116,QI-20260606-00116,WO000029,P005,PR08,2026-06-06,120,1,pass
INS00000117,QI-20260605-00117,WO000030,P002,PR03,2026-06-05,120,1,pass
INS00000118,QI-20260606-00118,WO000030,P002,PR06,2026-06-06,200,9,fail
INS00000119,QI-20260607-00119,WO000030,P002,PR07,2026-06-07,120,7,fail
INS00000120,QI-20260607-00120,WO000030,P002,PR08,2026-06-07,80,1,pass
INS00000121,QI-20260605-00121,WO000031,P007,PR03,2026-06-05,120,2,pass
INS00000122,QI-20260606-00122,WO000031,P007,PR06,2026-06-06,200,11,fail
INS00000123,QI-20260607-00123,WO000031,P007,PR07,2026-06-07,120,7,fail
INS00000124,QI-20260607-00124,WO000031,P007,PR08,2026-06-07,80,1,pass
INS00000125,QI-20260605-00125,WO000032,P020,PR03,2026-06-05,150,2,pass
INS00000126,QI-20260606-00126,WO000032,P020,PR06,2026-06-06,150,8,fail
INS00000127,QI-20260607-00127,WO000032,P020,PR07,2026-06-07,200,9,fail
INS00000128,QI-20260607-00128,WO000032,P020,PR08,2026-06-07,100,0,pass
INS00000129,QI-20260605-00129,WO000033,P016,PR03,2026-06-05,150,1,pass
INS00000130,QI-20260606-00130,WO000033,P016,PR06,2026-06-06,150,8,fail
INS00000131,QI-20260607-00131,WO000033,P016,PR07,2026-06-07,100,4,fail
INS00000132,QI-20260607-00132,WO000033,P016,PR08,2026-06-07,120,0,pass
INS00000133,QI-20260605-00133,WO000034,P025,PR03,2026-06-05,100,2,pass
INS00000134,QI-20260606-00134,WO000034,P025,PR06,2026-06-06,100,5,fail
INS00000135,QI-20260607-00135,WO000034,P025,PR07,2026-06-07,100,5,fail
INS00000136,QI-20260607-00136,WO000034,P025,PR08,2026-06-07,80,1,pass
INS00000137,QI-20260605-00137,WO000035,P021,PR03,2026-06-05,80,1,pass
INS00000138,QI-20260606-00138,WO000035,P021,PR06,2026-06-06,150,8,fail
INS00000139,QI-20260607-00139,WO000035,P021,PR07,2026-06-07,100,7,fail
INS00000140,QI-20260607-00140,WO000035,P021,PR08,2026-06-07,100,2,pass
INS00000141,QI-20260605-00141,WO000036,P020,PR03,2026-06-05,100,1,pass
INS00000142,QI-20260606-00142,WO000036,P020,PR06,2026-06-06,100,5,fail
INS00000143,QI-20260607-00143,WO000036,P020,PR07,2026-06-07,120,5,fail
INS00000144,QI-20260607-00144,WO000036,P020,PR08,2026-06-07,150,1,pass
INS00000145,QI-20260606-00145,WO000037,P019,PR03,2026-06-06,120,2,pass
INS00000146,QI-20260607-00146,WO000037,P019,PR06,2026-06-07,100,4,fail
INS00000147,QI-20260608-00147,WO000037,P019,PR07,2026-06-08,200,8,fail
INS00000148,QI-20260608-00148,WO000037,P019,PR08,2026-06-08,120,1,pass
INS00000149,QI-20260606-00149,WO000038,P001,PR03,2026-06-06,80,2,pass
INS00000150,QI-20260607-00150,WO000038,P001,PR06,2026-06-07,200,14,fail
INS00000151,QI-20260608-00151,WO000038,P001,PR07,2026-06-08,200,12,fail
INS00000152,QI-20260608-00152,WO000038,P001,PR08,2026-06-08,80,1,pass
INS00000153,QI-20260606-00153,WO000039,P011,PR03,2026-06-06,100,2,pass
INS00000154,QI-20260607-00154,WO000039,P011,PR06,2026-06-07,100,6,fail
INS00000155,QI-20260608-00155,WO000039,P011,PR07,2026-06-08,100,5,fail
INS00000156,QI-20260608-00156,WO000039,P011,PR08,2026-06-08,200,2,pass
INS00000157,QI-20260606-00157,WO000040,P020,PR03,2026-06-06,120,2,pass
INS00000158,QI-20260607-00158,WO000040,P020,PR06,2026-06-07,120,5,fail
INS00000159,QI-20260608-00159,WO000040,P020,PR07,2026-06-08,120,7,fail
INS00000160,QI-20260608-00160,WO000040,P020,PR08,2026-06-08,150,1,pass
INS00000161,QI-20260606-00161,WO000041,P020,PR03,2026-06-06,120,2,pass
INS00000162,QI-20260607-00162,WO000041,P020,PR06,2026-06-07,200,12,fail
INS00000163,QI-20260608-00163,WO000041,P020,PR07,2026-06-08,150,8,fail
INS00000164,QI-20260608-00164,WO000041,P020,PR08,2026-06-08,150,2,pass
INS00000165,QI-20260606-00165,WO000042,P013,PR03,2026-06-06,150,1,pass
INS00000166,QI-20260607-00166,WO000042,P013,PR06,2026-06-07,200,8,fail
INS00000167,QI-20260608-00167,WO000042,P013,PR07,2026-06-08,100,4,fail
INS00000168,QI-20260608-00168,WO000042,P013,PR08,2026-06-08,100,1,pass
INS00000169,QI-20260606-00169,WO000043,P026,PR03,2026-06-06,80,1,pass
INS00000170,QI-20260607-00170,WO000043,P026,PR06,2026-06-07,100,6,fail
INS00000171,QI-20260608-00171,WO000043,P026,PR07,2026-06-08,200,10,fail
INS00000172,QI-20260608-00172,WO000043,P026,PR08,2026-06-08,150,2,pass
INS00000173,QI-20260607-00173,WO000044,P002,PR03,2026-06-07,200,3,pass
INS00000174,QI-20260608-00174,WO000044,P002,PR06,2026-06-08,150,9,fail
INS00000175,QI-20260609-00175,WO000044,P002,PR07,2026-06-09,150,7,fail
INS00000176,QI-20260609-00176,WO000044,P002,PR08,2026-06-09,100,2,pass
INS00000177,QI-20260607-00177,WO000045,P005,PR03,2026-06-07,200,2,pass
INS00000178,QI-20260608-00178,WO000045,P005,PR06,2026-06-08,100,6,fail
INS00000179,QI-20260609-00179,WO000045,P005,PR07,2026-06-09,80,4,fail
INS00000180,QI-20260609-00180,WO000045,P005,PR08,2026-06-09,100,2,pass
INS00000181,QI-20260607-00181,WO000046,P011,PR03,2026-06-07,100,1,pass
INS00000182,QI-20260608-00182,WO000046,P011,PR06,2026-06-08,80,3,fail
INS00000183,QI-20260609-00183,WO000046,P011,PR07,2026-06-09,200,8,fail
INS00000184,QI-20260609-00184,WO000046,P011,PR08,2026-06-09,120,1,pass
INS00000185,QI-20260607-00185,WO000047,P005,PR03,2026-06-07,80,1,pass
INS00000186,QI-20260608-00186,WO000047,P005,PR06,2026-06-08,80,3,fail
INS00000187,QI-20260609-00187,WO000047,P005,PR07,2026-06-09,80,4,fail
INS00000188,QI-20260609-00188,WO000047,P005,PR08,2026-06-09,100,1,pass
INS00000189,QI-20260607-00189,WO000048,P024,PR03,2026-06-07,100,1,pass
INS00000190,QI-20260608-00190,WO000048,P024,PR06,2026-06-08,120,7,fail
INS00000191,QI-20260609-00191,WO000048,P024,PR07,2026-06-09,80,3,fail
INS00000192,QI-20260609-00192,WO000048,P024,PR08,2026-06-09,120,2,pass
INS00000193,QI-20260607-00193,WO000049,P007,PR03,2026-06-07,150,2,pass
INS00000194,QI-20260608-00194,WO000049,P007,PR06,2026-06-08,120,6,fail
INS00000195,QI-20260609-00195,WO000049,P007,PR07,2026-06-09,80,3,fail
INS00000196,QI-20260609-00196,WO000049,P007,PR08,2026-06-09,200,3,pass
INS00000197,QI-20260607-00197,WO000050,P027,PR03,2026-06-07,120,0,pass
INS00000198,QI-20260608-00198,WO000050,P027,PR06,2026-06-08,150,6,fail
INS00000199,QI-20260609-00199,WO000050,P027,PR07,2026-06-09,80,3,fail
INS00000200,QI-20260609-00200,WO000050,P027,PR08,2026-06-09,200,1,pass
INS00000201,QI-20260607-00201,WO000051,P004,PR03,2026-06-07,80,0,pass
INS00000202,QI-20260608-00202,WO000051,P004,PR06,2026-06-08,80,3,fail
INS00000203,QI-20260609-00203,WO000051,P004,PR07,2026-06-09,120,5,fail
INS00000204,QI-20260609-00204,WO000051,P004,PR08,2026-06-09,120,1,pass
INS00000205,QI-20260607-00205,WO000052,P013,PR03,2026-06-07,80,1,pass
INS00000206,QI-20260608-00206,WO000052,P013,PR06,2026-06-08,200,12,fail
INS00000207,QI-20260609-00207,WO000052,P013,PR07,2026-06-09,80,4,fail
INS00000208,QI-20260609-00208,WO000052,P013,PR08,2026-06-09,200,4,pass
INS00000209,QI-20260607-00209,WO000053,P008,PR03,2026-06-07,80,1,pass
INS00000210,QI-20260608-00210,WO000053,P008,PR06,2026-06-08,100,5,fail
INS00000211,QI-20260609-00211,WO000053,P008,PR07,2026-06-09,150,5,pass
INS00000212,QI-20260609-00212,WO000053,P008,PR08,2026-06-09,100,1,pass
INS00000213,QI-20260608-00213,WO000054,P001,PR03,2026-06-08,120,2,pass
INS00000214,QI-20260609-00214,WO000054,P001,PR06,2026-06-09,80,5,fail
INS00000215,QI-20260610-00215,WO000054,P001,PR07,2026-06-10,200,10,fail
INS00000216,QI-20260610-00216,WO000054,P001,PR08,2026-06-10,200,2,pass
INS00000217,QI-20260608-00217,WO000055,P014,PR03,2026-06-08,150,2,pass
INS00000218,QI-20260609-00218,WO000055,P014,PR06,2026-06-09,80,4,fail
INS00000219,QI-20260610-00219,WO000055,P014,PR07,2026-06-10,200,13,fail
INS00000220,QI-20260610-00220,WO000055,P014,PR08,2026-06-10,200,2,pass
INS00000221,QI-20260608-00221,WO000056,P015,PR03,2026-06-08,200,3,pass
INS00000222,QI-20260609-00222,WO000056,P015,PR06,2026-06-09,100,5,fail
INS00000223,QI-20260610-00223,WO000056,P015,PR07,2026-06-10,100,5,fail
INS00000224,QI-20260610-00224,WO000056,P015,PR08,2026-06-10,100,2,pass
INS00000225,QI-20260608-00225,WO000057,P011,PR03,2026-06-08,200,1,pass
INS00000226,QI-20260609-00226,WO000057,P011,PR06,2026-06-09,80,5,fail
INS00000227,QI-20260610-00227,WO000057,P011,PR07,2026-06-10,80,5,fail
INS00000228,QI-20260610-00228,WO000057,P011,PR08,2026-06-10,100,0,pass
INS00000229,QI-20260608-00229,WO000058,P023,PR03,2026-06-08,150,1,pass
INS00000230,QI-20260609-00230,WO000058,P023,PR06,2026-06-09,120,5,fail
INS00000231,QI-20260610-00231,WO000058,P023,PR07,2026-06-10,100,6,fail
INS00000232,QI-20260610-00232,WO000058,P023,PR08,2026-06-10,120,1,pass
INS00000233,QI-20260608-00233,WO000059,P027,PR03,2026-06-08,200,2,pass
INS00000234,QI-20260609-00234,WO000059,P027,PR06,2026-06-09,80,4,fail
INS00000235,QI-20260610-00235,WO000059,P027,PR07,2026-06-10,150,6,fail
INS00000236,QI-20260610-00236,WO000059,P027,PR08,2026-06-10,150,1,pass
INS00000237,QI-20260609-00237,WO000060,P005,PR03,2026-06-09,120,1,pass
INS00000238,QI-20260610-00238,WO000060,P005,PR06,2026-06-10,150,8,fail
INS00000239,QI-20260611-00239,WO000060,P005,PR07,2026-06-11,120,7,fail
INS00000240,QI-20260611-00240,WO000060,P005,PR08,2026-06-11,80,1,pass
INS00000241,QI-20260609-00241,WO000061,P009,PR03,2026-06-09,120,0,pass
INS00000242,QI-20260610-00242,WO000061,P009,PR06,2026-06-10,120,6,fail
INS00000243,QI-20260611-00243,WO000061,P009,PR07,2026-06-11,150,5,pass
INS00000244,QI-20260611-00244,WO000061,P009,PR08,2026-06-11,200,1,pass
INS00000245,QI-20260609-00245,WO000062,P022,PR03,2026-06-09,100,0,pass
INS00000246,QI-20260610-00246,WO000062,P022,PR06,2026-06-10,100,3,pass
INS00000247,QI-20260611-00247,WO000062,P022,PR07,2026-06-11,120,4,pass
INS00000248,QI-20260611-00248,WO000062,P022,PR08,2026-06-11,120,0,pass
INS00000249,QI-20260609-00249,WO000063,P017,PR03,2026-06-09,100,1,pass
INS00000250,QI-20260610-00250,WO000063,P017,PR06,2026-06-10,200,8,fail
INS00000251,QI-20260611-00251,WO000063,P017,PR07,2026-06-11,200,8,fail
INS00000252,QI-20260611-00252,WO000063,P017,PR08,2026-06-11,120,1,pass
INS00000253,QI-20260609-00253,WO000064,P009,PR03,2026-06-09,100,1,pass
INS00000254,QI-20260610-00254,WO000064,P009,PR06,2026-06-10,200,10,fail
INS00000255,QI-20260611-00255,WO000064,P009,PR07,2026-06-11,100,5,fail
INS00000256,QI-20260611-00256,WO000064,P009,PR08,2026-06-11,200,2,pass
INS00000257,QI-20260609-00257,WO000065,P020,PR03,2026-06-09,150,1,pass
INS00000258,QI-20260610-00258,WO000065,P020,PR06,2026-06-10,200,10,fail
INS00000259,QI-20260611-00259,WO000065,P020,PR07,2026-06-11,100,5,fail
INS00000260,QI-20260611-00260,WO000065,P020,PR08,2026-06-11,80,0,pass
INS00000261,QI-20260610-00261,WO000066,P004,PR03,2026-06-10,100,2,pass
INS00000262,QI-20260611-00262,WO000066,P004,PR06,2026-06-11,120,7,fail
INS00000263,QI-20260612-00263,WO000066,P004,PR07,2026-06-12,200,11,fail
INS00000264,QI-20260612-00264,WO000066,P004,PR08,2026-06-12,120,2,pass
INS00000265,QI-20260610-00265,WO000067,P016,PR03,2026-06-10,200,3,pass
INS00000266,QI-20260611-00266,WO000067,P016,PR06,2026-06-11,150,7,fail
INS00000267,QI-20260612-00267,WO000067,P016,PR07,2026-06-12,120,5,fail
INS00000268,QI-20260612-00268,WO000067,P016,PR08,2026-06-12,100,2,pass
INS00000269,QI-20260610-00269,WO000068,P027,PR03,2026-06-10,200,2,pass
INS00000270,QI-20260611-00270,WO000068,P027,PR06,2026-06-11,80,4,fail
INS00000271,QI-20260612-00271,WO000068,P027,PR07,2026-06-12,80,4,fail
INS00000272,QI-20260612-00272,WO000068,P027,PR08,2026-06-12,200,3,pass
INS00000273,QI-20260610-00273,WO000069,P009,PR03,2026-06-10,150,3,pass
INS00000274,QI-20260611-00274,WO000069,P009,PR06,2026-06-11,120,7,fail
INS00000275,QI-20260612-00275,WO000069,P009,PR07,2026-06-12,80,4,fail
INS00000276,QI-20260612-00276,WO000069,P009,PR08,2026-06-12,100,2,pass
INS00000277,QI-20260610-00277,WO000070,P025,PR03,2026-06-10,120,1,pass
INS00000278,QI-20260611-00278,WO000070,P025,PR06,2026-06-11,80,3,fail
INS00000279,QI-20260612-00279,WO000070,P025,PR07,2026-06-12,80,4,fail
INS00000280,QI-20260612-00280,WO000070,P025,PR08,2026-06-12,80,1,pass
INS00000281,QI-20260610-00281,WO000071,P001,PR03,2026-06-10,200,2,pass
INS00000282,QI-20260611-00282,WO000071,P001,PR06,2026-06-11,120,7,fail
INS00000283,QI-20260612-00283,WO000071,P001,PR07,2026-06-12,200,12,fail
INS00000284,QI-20260612-00284,WO000071,P001,PR08,2026-06-12,200,2,pass
INS00000285,QI-20260610-00285,WO000072,P024,PR03,2026-06-10,80,1,pass
INS00000286,QI-20260611-00286,WO000072,P024,PR06,2026-06-11,120,6,fail
INS00000287,QI-20260612-00287,WO000072,P024,PR07,2026-06-12,150,6,fail
INS00000288,QI-20260612-00288,WO000072,P024,PR08,2026-06-12,150,3,pass
INS00000289,QI-20260610-00289,WO000073,P021,PR03,2026-06-10,200,2,pass
INS00000290,QI-20260611-00290,WO000073,P021,PR06,2026-06-11,100,4,fail
INS00000291,QI-20260612-00291,WO000073,P021,PR07,2026-06-12,150,7,fail
INS00000292,QI-20260612-00292,WO000073,P021,PR08,2026-06-12,120,1,pass
INS00000293,QI-20260611-00293,WO000074,P013,PR03,2026-06-11,200,1,pass
INS00000294,QI-20260612-00294,WO000074,P013,PR06,2026-06-12,120,6,fail
INS00000295,QI-20260613-00295,WO000074,P013,PR07,2026-06-13,80,5,fail
INS00000296,QI-20260613-00296,WO000074,P013,PR08,2026-06-13,80,0,pass
INS00000297,QI-20260611-00297,WO000075,P017,PR03,2026-06-11,80,1,pass
INS00000298,QI-20260612-00298,WO000075,P017,PR06,2026-06-12,150,7,fail
INS00000299,QI-20260613-00299,WO000075,P017,PR07,2026-06-13,120,6,fail
INS00000300,QI-20260613-00300,WO000075,P017,PR08,2026-06-13,150,1,pass
INS00000301,QI-20260611-00301,WO000076,P015,PR03,2026-06-11,100,0,pass
INS00000302,QI-20260612-00302,WO000076,P015,PR06,2026-06-12,100,6,fail
INS00000303,QI-20260613-00303,WO000076,P015,PR07,2026-06-13,100,5,fail
INS00000304,QI-20260613-00304,WO000076,P015,PR08,2026-06-13,120,0,pass
INS00000305,QI-20260611-00305,WO000077,P012,PR03,2026-06-11,120,2,pass
INS00000306,QI-20260612-00306,WO000077,P012,PR06,2026-06-12,120,7,fail
INS00000307,QI-20260613-00307,WO000077,P012,PR07,2026-06-13,120,8,fail
INS00000308,QI-20260613-00308,WO000077,P012,PR08,2026-06-13,120,2,pass
INS00000309,QI-20260611-00309,WO000078,P019,PR03,2026-06-11,80,1,pass
INS00000310,QI-20260612-00310,WO000078,P019,PR06,2026-06-12,100,8,fail
INS00000311,QI-20260613-00311,WO000078,P019,PR07,2026-06-13,120,6,fail
INS00000312,QI-20260613-00312,WO000078,P019,PR08,2026-06-13,120,2,pass
INS00000313,QI-20260611-00313,WO000079,P016,PR03,2026-06-11,80,0,pass
INS00000314,QI-20260612-00314,WO000079,P016,PR06,2026-06-12,150,6,fail
INS00000315,QI-20260613-00315,WO000079,P016,PR07,2026-06-13,200,8,fail
INS00000316,QI-20260613-00316,WO000079,P016,PR08,2026-06-13,100,0,pass
INS00000317,QI-20260611-00317,WO000080,P026,PR03,2026-06-11,120,1,pass
INS00000318,QI-20260612-00318,WO000080,P026,PR06,2026-06-12,80,4,fail
INS00000319,QI-20260613-00319,WO000080,P026,PR07,2026-06-13,100,5,fail
INS00000320,QI-20260613-00320,WO000080,P026,PR08,2026-06-13,100,0,pass
INS00000321,QI-20260611-00321,WO000081,P021,PR03,2026-06-11,150,1,pass
INS00000322,QI-20260612-00322,WO000081,P021,PR06,2026-06-12,120,6,fail
INS00000323,QI-20260613-00323,WO000081,P021,PR07,2026-06-13,100,4,fail
INS00000324,QI-20260613-00324,WO000081,P021,PR08,2026-06-13,120,1,pass
INS00000325,QI-20260611-00325,WO000082,P027,PR03,2026-06-11,150,1,pass
INS00000326,QI-20260612-00326,WO000082,P027,PR06,2026-06-12,100,6,fail
INS00000327,QI-20260613-00327,WO000082,P027,PR07,2026-06-13,120,6,fail
INS00000328,QI-20260613-00328,WO000082,P027,PR08,2026-06-13,80,0,pass
INS00000329,QI-20260612-00329,WO000083,P011,PR03,2026-06-12,80,1,pass
INS00000330,QI-20260613-00330,WO000083,P011,PR06,2026-06-13,120,6,fail
INS00000331,QI-20260614-00331,WO000083,P011,PR07,2026-06-14,120,6,fail
INS00000332,QI-20260614-00332,WO000083,P011,PR08,2026-06-14,150,1,pass
INS00000333,QI-20260612-00333,WO000084,P025,PR03,2026-06-12,80,1,pass
INS00000334,QI-20260613-00334,WO000084,P025,PR06,2026-06-13,100,5,fail
INS00000335,QI-20260614-00335,WO000084,P025,PR07,2026-06-14,80,3,fail
INS00000336,QI-20260614-00336,WO000084,P025,PR08,2026-06-14,120,0,pass
INS00000337,QI-20260612-00337,WO000085,P014,PR03,2026-06-12,100,1,pass
INS00000338,QI-20260613-00338,WO000085,P014,PR06,2026-06-13,80,3,fail
INS00000339,QI-20260614-00339,WO000085,P014,PR07,2026-06-14,120,5,fail
INS00000340,QI-20260614-00340,WO000085,P014,PR08,2026-06-14,120,1,pass
INS00000341,QI-20260612-00341,WO000086,P007,PR03,2026-06-12,120,1,pass
INS00000342,QI-20260613-00342,WO000086,P007,PR06,2026-06-13,150,8,fail
INS00000343,QI-20260614-00343,WO000086,P007,PR07,2026-06-14,150,7,fail
INS00000344,QI-20260614-00344,WO000086,P007,PR08,2026-06-14,120,1,pass
INS00000345,QI-20260612-00345,WO000087,P001,PR03,2026-06-12,120,3,pass
INS00000346,QI-20260613-00346,WO000087,P001,PR06,2026-06-13,80,5,fail
INS00000347,QI-20260614-00347,WO000087,P001,PR07,2026-06-14,200,13,fail
INS00000348,QI-20260614-00348,WO000087,P001,PR08,2026-06-14,80,1,pass
INS00000349,QI-20260612-00349,WO000088,P026,PR03,2026-06-12,150,1,pass
INS00000350,QI-20260613-00350,WO000088,P026,PR06,2026-06-13,80,3,fail
INS00000351,QI-20260614-00351,WO000088,P026,PR07,2026-06-14,80,3,fail
INS00000352,QI-20260614-00352,WO000088,P026,PR08,2026-06-14,200,1,pass
INS00000353,QI-20260612-00353,WO000089,P025,PR03,2026-06-12,80,0,pass
INS00000354,QI-20260613-00354,WO000089,P025,PR06,2026-06-13,150,6,fail
INS00000355,QI-20260614-00355,WO000089,P025,PR07,2026-06-14,150,5,pass
INS00000356,QI-20260614-00356,WO000089,P025,PR08,2026-06-14,100,1,pass
INS00000357,QI-20260613-00357,WO000090,P001,PR03,2026-06-13,120,2,pass
INS00000358,QI-20260614-00358,WO000090,P001,PR06,2026-06-14,100,4,fail
INS00000359,QI-20260615-00359,WO000090,P001,PR07,2026-06-15,100,5,fail
INS00000360,QI-20260615-00360,WO000090,P001,PR08,2026-06-15,120,2,pass
INS00000361,QI-20260613-00361,WO000091,P022,PR03,2026-06-13,120,1,pass
INS00000362,QI-20260614-00362,WO000091,P022,PR06,2026-06-14,200,13,fail
INS00000363,QI-20260615-00363,WO000091,P022,PR07,2026-06-15,100,7,fail
INS00000364,QI-20260615-00364,WO000091,P022,PR08,2026-06-15,120,2,pass
INS00000365,QI-20260613-00365,WO000092,P013,PR03,2026-06-13,150,2,pass
INS00000366,QI-20260614-00366,WO000092,P013,PR06,2026-06-14,100,7,fail
INS00000367,QI-20260615-00367,WO000092,P013,PR07,2026-06-15,100,5,fail
INS00000368,QI-20260615-00368,WO000092,P013,PR08,2026-06-15,100,1,pass
INS00000369,QI-20260613-00369,WO000093,P004,PR03,2026-06-13,150,2,pass
INS00000370,QI-20260614-00370,WO000093,P004,PR06,2026-06-14,80,5,fail
INS00000371,QI-20260615-00371,WO000093,P004,PR07,2026-06-15,80,5,fail
INS00000372,QI-20260615-00372,WO000093,P004,PR08,2026-06-15,80,0,pass
INS00000373,QI-20260613-00373,WO000094,P018,PR03,2026-06-13,200,1,pass
INS00000374,QI-20260614-00374,WO000094,P018,PR06,2026-06-14,80,3,fail
INS00000375,QI-20260615-00375,WO000094,P018,PR07,2026-06-15,120,6,fail
INS00000376,QI-20260615-00376,WO000094,P018,PR08,2026-06-15,120,1,pass
INS00000377,QI-20260613-00377,WO000095,P001,PR03,2026-06-13,200,1,pass
INS00000378,QI-20260614-00378,WO000095,P001,PR06,2026-06-14,120,7,fail
INS00000379,QI-20260615-00379,WO000095,P001,PR07,2026-06-15,80,3,fail
INS00000380,QI-20260615-00380,WO000095,P001,PR08,2026-06-15,150,1,pass
INS00000381,QI-20260614-00381,WO000096,P007,PR03,2026-06-14,120,1,pass
INS00000382,QI-20260615-00382,WO000096,P007,PR06,2026-06-15,150,9,fail
INS00000383,QI-20260616-00383,WO000096,P007,PR07,2026-06-16,200,10,fail
INS00000384,QI-20260616-00384,WO000096,P007,PR08,2026-06-16,80,1,pass
INS00000385,QI-20260614-00385,WO000097,P017,PR03,2026-06-14,80,1,pass
INS00000386,QI-20260615-00386,WO000097,P017,PR06,2026-06-15,150,7,fail
INS00000387,QI-20260616-00387,WO000097,P017,PR07,2026-06-16,120,6,fail
INS00000388,QI-20260616-00388,WO000097,P017,PR08,2026-06-16,80,0,pass
INS00000389,QI-20260614-00389,WO000098,P009,PR03,2026-06-14,80,1,pass
INS00000390,QI-20260615-00390,WO000098,P009,PR06,2026-06-15,80,5,fail
INS00000391,QI-20260616-00391,WO000098,P009,PR07,2026-06-16,100,5,fail
INS00000392,QI-20260616-00392,WO000098,P009,PR08,2026-06-16,120,2,pass
INS00000393,QI-20260614-00393,WO000099,P017,PR03,2026-06-14,150,2,pass
INS00000394,QI-20260615-00394,WO000099,P017,PR06,2026-06-15,100,6,fail
INS00000395,QI-20260616-00395,WO000099,P017,PR07,2026-06-16,80,4,fail
INS00000396,QI-20260616-00396,WO000099,P017,PR08,2026-06-16,120,1,pass
INS00000397,QI-20260614-00397,WO000100,P021,PR03,2026-06-14,200,1,pass
INS00000398,QI-20260615-00398,WO000100,P021,PR06,2026-06-15,150,5,pass
INS00000399,QI-20260616-00399,WO000100,P021,PR07,2026-06-16,80,3,fail
INS00000400,QI-20260616-00400,WO000100,P021,PR08,2026-06-16,80,0,pass
INS00000401,QI-20260614-00401,WO000101,P005,PR03,2026-06-14,120,1,pass
INS00000402,QI-20260615-00402,WO000101,P005,PR06,2026-06-15,150,7,fail
INS00000403,QI-20260616-00403,WO000101,P005,PR07,2026-06-16,200,8,fail
INS00000404,QI-20260616-00404,WO000101,P005,PR08,2026-06-16,120,0,pass
INS00000405,QI-20260614-00405,WO000102,P008,PR03,2026-06-14,120,1,pass
INS00000406,QI-20260615-00406,WO000102,P008,PR06,2026-06-15,200,11,fail
INS00000407,QI-20260616-00407,WO000102,P008,PR07,2026-06-16,80,3,fail
INS00000408,QI-20260616-00408,WO000102,P008,PR08,2026-06-16,100,0,pass
INS00000409,QI-20260614-00409,WO000103,P026,PR03,2026-06-14,100,1,pass
INS00000410,QI-20260615-00410,WO000103,P026,PR06,2026-06-15,200,10,fail
INS00000411,QI-20260616-00411,WO000103,P026,PR07,2026-06-16,100,4,fail
INS00000412,QI-20260616-00412,WO000103,P026,PR08,2026-06-16,80,1,pass
INS00000413,QI-20260615-00413,WO000104,P008,PR03,2026-06-15,120,1,pass
INS00000414,QI-20260616-00414,WO000104,P008,PR06,2026-06-16,80,4,fail
INS00000415,QI-20260617-00415,WO000104,P008,PR07,2026-06-17,100,5,fail
INS00000416,QI-20260617-00416,WO000104,P008,PR08,2026-06-17,100,0,pass
INS00000417,QI-20260615-00417,WO000105,P022,PR03,2026-06-15,80,1,pass
INS00000418,QI-20260616-00418,WO000105,P022,PR06,2026-06-16,120,7,fail
INS00000419,QI-20260617-00419,WO000105,P022,PR07,2026-06-17,80,4,fail
INS00000420,QI-20260617-00420,WO000105,P022,PR08,2026-06-17,120,2,pass
INS00000421,QI-20260615-00421,WO000106,P005,PR03,2026-06-15,200,4,pass
INS00000422,QI-20260616-00422,WO000106,P005,PR06,2026-06-16,80,6,fail
INS00000423,QI-20260617-00423,WO000106,P005,PR07,2026-06-17,150,8,fail
INS00000424,QI-20260617-00424,WO000106,P005,PR08,2026-06-17,120,3,pass
INS00000425,QI-20260615-00425,WO000107,P001,PR03,2026-06-15,100,0,pass
INS00000426,QI-20260616-00426,WO000107,P001,PR06,2026-06-16,200,9,fail
INS00000427,QI-20260617-00427,WO000107,P001,PR07,2026-06-17,200,10,fail
INS00000428,QI-20260617-00428,WO000107,P001,PR08,2026-06-17,150,1,pass
INS00000429,QI-20260615-00429,WO000108,P027,PR03,2026-06-15,120,0,pass
INS00000430,QI-20260616-00430,WO000108,P027,PR06,2026-06-16,150,9,fail
INS00000431,QI-20260617-00431,WO000108,P027,PR07,2026-06-17,150,5,pass
INS00000432,QI-20260617-00432,WO000108,P027,PR08,2026-06-17,80,0,pass
INS00000433,QI-20260615-00433,WO000109,P013,PR03,2026-06-15,200,4,pass
INS00000434,QI-20260616-00434,WO000109,P013,PR06,2026-06-16,100,5,fail
INS00000435,QI-20260617-00435,WO000109,P013,PR07,2026-06-17,100,4,fail
INS00000436,QI-20260617-00436,WO000109,P013,PR08,2026-06-17,80,1,pass
INS00000437,QI-20260615-00437,WO000110,P017,PR03,2026-06-15,150,1,pass
INS00000438,QI-20260616-00438,WO000110,P017,PR06,2026-06-16,120,6,fail
INS00000439,QI-20260617-00439,WO000110,P017,PR07,2026-06-17,80,3,fail
INS00000440,QI-20260617-00440,WO000110,P017,PR08,2026-06-17,150,1,pass
INS00000441,QI-20260615-00441,WO000111,P028,PR03,2026-06-15,100,0,pass
INS00000442,QI-20260616-00442,WO000111,P028,PR06,2026-06-16,100,4,fail
INS00000443,QI-20260617-00443,WO000111,P028,PR07,2026-06-17,80,3,fail
INS00000444,QI-20260617-00444,WO000111,P028,PR08,2026-06-17,150,1,pass
INS00000445,QI-20260615-00445,WO000112,P012,PR03,2026-06-15,80,1,pass
INS00000446,QI-20260616-00446,WO000112,P012,PR06,2026-06-16,200,8,fail
INS00000447,QI-20260617-00447,WO000112,P012,PR07,2026-06-17,150,8,fail
INS00000448,QI-20260617-00448,WO000112,P012,PR08,2026-06-17,80,1,pass
INS00000449,QI-20260616-00449,WO000113,P005,PR03,2026-06-16,80,0,pass
INS00000450,QI-20260617-00450,WO000113,P005,PR06,2026-06-17,80,4,fail
INS00000451,QI-20260618-00451,WO000113,P005,PR07,2026-06-18,120,5,fail
INS00000452,QI-20260618-00452,WO000113,P005,PR08,2026-06-18,120,2,pass
INS00000453,QI-20260616-00453,WO000114,P003,PR03,2026-06-16,120,1,pass
INS00000454,QI-20260617-00454,WO000114,P003,PR06,2026-06-17,200,10,fail
INS00000455,QI-20260618-00455,WO000114,P003,PR07,2026-06-18,100,5,fail
INS00000456,QI-20260618-00456,WO000114,P003,PR08,2026-06-18,150,2,pass
INS00000457,QI-20260616-00457,WO000115,P018,PR03,2026-06-16,200,4,pass
INS00000458,QI-20260617-00458,WO000115,P018,PR06,2026-06-17,150,10,fail
INS00000459,QI-20260618-00459,WO000115,P018,PR07,2026-06-18,120,7,fail
INS00000460,QI-20260618-00460,WO000115,P018,PR08,2026-06-18,120,2,pass
INS00000461,QI-20260616-00461,WO000116,P023,PR03,2026-06-16,120,2,pass
INS00000462,QI-20260617-00462,WO000116,P023,PR06,2026-06-17,80,5,fail
INS00000463,QI-20260618-00463,WO000116,P023,PR07,2026-06-18,200,11,fail
INS00000464,QI-20260618-00464,WO000116,P023,PR08,2026-06-18,200,3,pass
INS00000465,QI-20260616-00465,WO000117,P014,PR03,2026-06-16,120,1,pass
INS00000466,QI-20260617-00466,WO000117,P014,PR06,2026-06-17,200,10,fail
INS00000467,QI-20260618-00467,WO000117,P014,PR07,2026-06-18,100,4,fail
INS00000468,QI-20260618-00468,WO000117,P014,PR08,2026-06-18,80,0,pass
INS00000469,QI-20260616-00469,WO000118,P007,PR03,2026-06-16,150,1,pass
INS00000470,QI-20260617-00470,WO000118,P007,PR06,2026-06-17,120,6,fail
INS00000471,QI-20260618-00471,WO000118,P007,PR07,2026-06-18,150,8,fail
INS00000472,QI-20260618-00472,WO000118,P007,PR08,2026-06-18,200,1,pass
INS00000473,QI-20260616-00473,WO000119,P018,PR03,2026-06-16,100,2,pass
INS00000474,QI-20260617-00474,WO000119,P018,PR06,2026-06-17,150,11,fail
INS00000475,QI-20260618-00475,WO000119,P018,PR07,2026-06-18,80,3,fail
INS00000476,QI-20260618-00476,WO000119,P018,PR08,2026-06-18,100,1,pass
INS00000477,QI-20260616-00477,WO000120,P006,PR03,2026-06-16,200,1,pass
INS00000478,QI-20260617-00478,WO000120,P006,PR06,2026-06-17,100,4,fail
INS00000479,QI-20260618-00479,WO000120,P006,PR07,2026-06-18,120,5,fail
INS00000480,QI-20260618-00480,WO000120,P006,PR08,2026-06-18,120,1,pass
INS00000481,QI-20260617-00481,WO000121,P012,PR03,2026-06-17,200,5,pass
INS00000482,QI-20260618-00482,WO000121,P012,PR06,2026-06-18,200,14,fail
INS00000483,QI-20260619-00483,WO000121,P012,PR07,2026-06-19,150,8,fail
INS00000484,QI-20260619-00484,WO000121,P012,PR08,2026-06-19,80,1,pass
INS00000485,QI-20260617-00485,WO000122,P005,PR03,2026-06-17,80,0,pass
INS00000486,QI-20260618-00486,WO000122,P005,PR06,2026-06-18,120,6,fail
INS00000487,QI-20260619-00487,WO000122,P005,PR07,2026-06-19,200,6,pass
INS00000488,QI-20260619-00488,WO000122,P005,PR08,2026-06-19,150,1,pass
INS00000489,QI-20260617-00489,WO000123,P027,PR03,2026-06-17,80,1,pass
INS00000490,QI-20260618-00490,WO000123,P027,PR06,2026-06-18,200,9,fail
INS00000491,QI-20260619-00491,WO000123,P027,PR07,2026-06-19,120,7,fail
INS00000492,QI-20260619-00492,WO000123,P027,PR08,2026-06-19,120,1,pass
INS00000493,QI-20260617-00493,WO000124,P011,PR03,2026-06-17,80,0,pass
INS00000494,QI-20260618-00494,WO000124,P011,PR06,2026-06-18,150,6,fail
INS00000495,QI-20260619-00495,WO000124,P011,PR07,2026-06-19,200,9,fail
INS00000496,QI-20260619-00496,WO000124,P011,PR08,2026-06-19,150,2,pass
INS00000497,QI-20260617-00497,WO000125,P020,PR03,2026-06-17,200,3,pass
INS00000498,QI-20260618-00498,WO000125,P020,PR06,2026-06-18,80,5,fail
INS00000499,QI-20260619-00499,WO000125,P020,PR07,2026-06-19,200,13,fail
INS00000500,QI-20260619-00500,WO000125,P020,PR08,2026-06-19,80,2,pass
INS00000501,QI-20260617-00501,WO000126,P005,PR03,2026-06-17,120,1,pass
INS00000502,QI-20260618-00502,WO000126,P005,PR06,2026-06-18,150,10,fail
INS00000503,QI-20260619-00503,WO000126,P005,PR07,2026-06-19,80,5,fail
INS00000504,QI-20260619-00504,WO000126,P005,PR08,2026-06-19,200,2,pass
INS00000505,QI-20260617-00505,WO000127,P004,PR03,2026-06-17,200,1,pass
INS00000506,QI-20260618-00506,WO000127,P004,PR06,2026-06-18,100,5,fail
INS00000507,QI-20260619-00507,WO000127,P004,PR07,2026-06-19,100,5,fail
INS00000508,QI-20260619-00508,WO000127,P004,PR08,2026-06-19,120,2,pass
INS00000509,QI-20260617-00509,WO000128,P012,PR03,2026-06-17,200,1,pass
INS00000510,QI-20260618-00510,WO000128,P012,PR06,2026-06-18,150,6,fail
INS00000511,QI-20260619-00511,WO000128,P012,PR07,2026-06-19,120,6,fail
INS00000512,QI-20260619-00512,WO000128,P012,PR08,2026-06-19,80,0,pass
INS00000513,QI-20260617-00513,WO000129,P012,PR03,2026-06-17,200,1,pass
INS00000514,QI-20260618-00514,WO000129,P012,PR06,2026-06-18,100,5,fail
INS00000515,QI-20260619-00515,WO000129,P012,PR07,2026-06-19,80,3,fail
INS00000516,QI-20260619-00516,WO000129,P012,PR08,2026-06-19,120,1,pass
INS00000517,QI-20260617-00517,WO000130,P006,PR03,2026-06-17,200,1,pass
INS00000518,QI-20260618-00518,WO000130,P006,PR06,2026-06-18,80,4,fail
INS00000519,QI-20260619-00519,WO000130,P006,PR07,2026-06-19,80,3,fail
INS00000520,QI-20260619-00520,WO000130,P006,PR08,2026-06-19,100,0,pass
INS00000521,QI-20260618-00521,WO000131,P003,PR03,2026-06-18,120,1,pass
INS00000522,QI-20260619-00522,WO000131,P003,PR06,2026-06-19,200,9,fail
INS00000523,QI-20260620-00523,WO000131,P003,PR07,2026-06-20,80,3,fail
INS00000524,QI-20260620-00524,WO000131,P003,PR08,2026-06-20,80,0,pass
INS00000525,QI-20260618-00525,WO000132,P005,PR03,2026-06-18,100,2,pass
INS00000526,QI-20260619-00526,WO000132,P005,PR06,2026-06-19,200,9,fail
INS00000527,QI-20260620-00527,WO000132,P005,PR07,2026-06-20,120,6,fail
INS00000528,QI-20260620-00528,WO000132,P005,PR08,2026-06-20,150,1,pass
INS00000529,QI-20260618-00529,WO000133,P018,PR03,2026-06-18,80,1,pass
INS00000530,QI-20260619-00530,WO000133,P018,PR06,2026-06-19,100,7,fail
INS00000531,QI-20260620-00531,WO000133,P018,PR07,2026-06-20,200,7,pass
INS00000532,QI-20260620-00532,WO000133,P018,PR08,2026-06-20,80,1,pass
INS00000533,QI-20260618-00533,WO000134,P008,PR03,2026-06-18,200,4,pass
INS00000534,QI-20260619-00534,WO000134,P008,PR06,2026-06-19,80,6,fail
INS00000535,QI-20260620-00535,WO000134,P008,PR07,2026-06-20,150,10,fail
INS00000536,QI-20260620-00536,WO000134,P008,PR08,2026-06-20,80,1,pass
INS00000537,QI-20260618-00537,WO000135,P013,PR03,2026-06-18,150,1,pass
INS00000538,QI-20260619-00538,WO000135,P013,PR06,2026-06-19,100,5,fail
INS00000539,QI-20260620-00539,WO000135,P013,PR07,2026-06-20,80,5,fail
INS00000540,QI-20260620-00540,WO000135,P013,PR08,2026-06-20,150,2,pass
INS00000541,QI-20260618-00541,WO000136,P017,PR03,2026-06-18,150,2,pass
INS00000542,QI-20260619-00542,WO000136,P017,PR06,2026-06-19,80,4,fail
INS00000543,QI-20260620-00543,WO000136,P017,PR07,2026-06-20,200,9,fail
INS00000544,QI-20260620-00544,WO000136,P017,PR08,2026-06-20,150,3,pass
INS00000545,QI-20260619-00545,WO000137,P007,PR03,2026-06-19,120,1,pass
INS00000546,QI-20260620-00546,WO000137,P007,PR06,2026-06-20,200,14,fail
INS00000547,QI-20260621-00547,WO000137,P007,PR07,2026-06-21,150,9,fail
INS00000548,QI-20260621-00548,WO000137,P007,PR08,2026-06-21,150,2,pass
INS00000549,QI-20260619-00549,WO000138,P018,PR03,2026-06-19,150,1,pass
INS00000550,QI-20260620-00550,WO000138,P018,PR06,2026-06-20,200,12,fail
INS00000551,QI-20260621-00551,WO000138,P018,PR07,2026-06-21,120,6,fail
INS00000552,QI-20260621-00552,WO000138,P018,PR08,2026-06-21,120,0,pass
INS00000553,QI-20260619-00553,WO000139,P003,PR03,2026-06-19,200,1,pass
INS00000554,QI-20260620-00554,WO000139,P003,PR06,2026-06-20,200,9,fail
INS00000555,QI-20260621-00555,WO000139,P003,PR07,2026-06-21,150,7,fail
INS00000556,QI-20260621-00556,WO000139,P003,PR08,2026-06-21,200,1,pass
INS00000557,QI-20260619-00557,WO000140,P023,PR03,2026-06-19,150,1,pass
INS00000558,QI-20260620-00558,WO000140,P023,PR06,2026-06-20,200,9,fail
INS00000559,QI-20260621-00559,WO000140,P023,PR07,2026-06-21,120,3,pass
INS00000560,QI-20260621-00560,WO000140,P023,PR08,2026-06-21,200,1,pass
INS00000561,QI-20260619-00561,WO000141,P009,PR03,2026-06-19,80,1,pass
INS00000562,QI-20260620-00562,WO000141,P009,PR06,2026-06-20,80,5,fail
INS00000563,QI-20260621-00563,WO000141,P009,PR07,2026-06-21,150,7,fail
INS00000564,QI-20260621-00564,WO000141,P009,PR08,2026-06-21,150,1,pass
INS00000565,QI-20260619-00565,WO000142,P023,PR03,2026-06-19,120,1,pass
INS00000566,QI-20260620-00566,WO000142,P023,PR06,2026-06-20,150,7,fail
INS00000567,QI-20260621-00567,WO000142,P023,PR07,2026-06-21,100,4,fail
INS00000568,QI-20260621-00568,WO000142,P023,PR08,2026-06-21,80,0,pass
INS00000569,QI-20260619-00569,WO000143,P019,PR03,2026-06-19,80,1,pass
INS00000570,QI-20260620-00570,WO000143,P019,PR06,2026-06-20,120,7,fail
INS00000571,QI-20260621-00571,WO000143,P019,PR07,2026-06-21,80,4,fail
INS00000572,QI-20260621-00572,WO000143,P019,PR08,2026-06-21,120,1,pass
INS00000573,QI-20260620-00573,WO000144,P009,PR03,2026-06-20,150,1,pass
INS00000574,QI-20260621-00574,WO000144,P009,PR06,2026-06-21,120,4,pass
INS00000575,QI-20260622-00575,WO000144,P009,PR07,2026-06-22,120,7,fail
INS00000576,QI-20260622-00576,WO000144,P009,PR08,2026-06-22,150,1,pass
INS00000577,QI-20260620-00577,WO000145,P014,PR03,2026-06-20,120,1,pass
INS00000578,QI-20260621-00578,WO000145,P014,PR06,2026-06-21,120,5,fail
INS00000579,QI-20260622-00579,WO000145,P014,PR07,2026-06-22,80,4,fail
INS00000580,QI-20260622-00580,WO000145,P014,PR08,2026-06-22,200,1,pass
INS00000581,QI-20260620-00581,WO000146,P004,PR03,2026-06-20,120,1,pass
INS00000582,QI-20260621-00582,WO000146,P004,PR06,2026-06-21,120,6,fail
INS00000583,QI-20260622-00583,WO000146,P004,PR07,2026-06-22,100,5,fail
INS00000584,QI-20260622-00584,WO000146,P004,PR08,2026-06-22,80,0,pass
INS00000585,QI-20260620-00585,WO000147,P005,PR03,2026-06-20,80,0,pass
INS00000586,QI-20260621-00586,WO000147,P005,PR06,2026-06-21,120,5,fail
INS00000587,QI-20260622-00587,WO000147,P005,PR07,2026-06-22,100,5,fail
INS00000588,QI-20260622-00588,WO000147,P005,PR08,2026-06-22,120,1,pass
INS00000589,QI-20260620-00589,WO000148,P023,PR03,2026-06-20,150,1,pass
INS00000590,QI-20260621-00590,WO000148,P023,PR06,2026-06-21,150,6,fail
INS00000591,QI-20260622-00591,WO000148,P023,PR07,2026-06-22,200,8,fail
INS00000592,QI-20260622-00592,WO000148,P023,PR08,2026-06-22,80,1,pass
INS00000593,QI-20260620-00593,WO000149,P019,PR03,2026-06-20,150,1,pass
INS00000594,QI-20260621-00594,WO000149,P019,PR06,2026-06-21,100,6,fail
INS00000595,QI-20260622-00595,WO000149,P019,PR07,2026-06-22,150,7,fail
INS00000596,QI-20260622-00596,WO000149,P019,PR08,2026-06-22,120,0,pass
INS00000597,QI-20260621-00597,WO000150,P013,PR03,2026-06-21,120,2,pass
INS00000598,QI-20260622-00598,WO000150,P013,PR06,2026-06-22,100,6,fail
INS00000599,QI-20260623-00599,WO000150,P013,PR07,2026-06-23,80,3,fail
INS00000600,QI-20260623-00600,WO000150,P013,PR08,2026-06-23,150,3,pass
INS00000601,QI-20260621-00601,WO000151,P006,PR03,2026-06-21,200,2,pass
INS00000602,QI-20260622-00602,WO000151,P006,PR06,2026-06-22,200,10,fail
INS00000603,QI-20260623-00603,WO000151,P006,PR07,2026-06-23,100,5,fail
INS00000604,QI-20260623-00604,WO000151,P006,PR08,2026-06-23,150,2,pass
INS00000605,QI-20260621-00605,WO000152,P021,PR03,2026-06-21,150,1,pass
INS00000606,QI-20260622-00606,WO000152,P021,PR06,2026-06-22,150,7,fail
INS00000607,QI-20260623-00607,WO000152,P021,PR07,2026-06-23,80,3,fail
INS00000608,QI-20260623-00608,WO000152,P021,PR08,2026-06-23,120,1,pass
INS00000609,QI-20260621-00609,WO000153,P003,PR03,2026-06-21,150,1,pass
INS00000610,QI-20260622-00610,WO000153,P003,PR06,2026-06-22,120,7,fail
INS00000611,QI-20260623-00611,WO000153,P003,PR07,2026-06-23,200,7,pass
INS00000612,QI-20260623-00612,WO000153,P003,PR08,2026-06-23,80,1,pass
INS00000613,QI-20260621-00613,WO000154,P016,PR03,2026-06-21,100,1,pass
INS00000614,QI-20260622-00614,WO000154,P016,PR06,2026-06-22,200,12,fail
INS00000615,QI-20260623-00615,WO000154,P016,PR07,2026-06-23,150,7,fail
INS00000616,QI-20260623-00616,WO000154,P016,PR08,2026-06-23,120,0,pass
INS00000617,QI-20260621-00617,WO000155,P012,PR03,2026-06-21,120,1,pass
INS00000618,QI-20260622-00618,WO000155,P012,PR06,2026-06-22,200,11,fail
INS00000619,QI-20260623-00619,WO000155,P012,PR07,2026-06-23,120,5,fail
INS00000620,QI-20260623-00620,WO000155,P012,PR08,2026-06-23,100,1,pass
INS00000621,QI-20260622-00621,WO000156,P025,PR03,2026-06-22,120,1,pass
INS00000622,QI-20260623-00622,WO000156,P025,PR06,2026-06-23,100,5,fail
INS00000623,QI-20260624-00623,WO000156,P025,PR07,2026-06-24,200,6,pass
INS00000624,QI-20260624-00624,WO000156,P025,PR08,2026-06-24,200,1,pass
INS00000625,QI-20260622-00625,WO000157,P008,PR03,2026-06-22,100,1,pass
INS00000626,QI-20260623-00626,WO000157,P008,PR06,2026-06-23,200,11,fail
INS00000627,QI-20260624-00627,WO000157,P008,PR07,2026-06-24,150,8,fail
INS00000628,QI-20260624-00628,WO000157,P008,PR08,2026-06-24,120,1,pass
INS00000629,QI-20260622-00629,WO000158,P007,PR03,2026-06-22,120,1,pass
INS00000630,QI-20260623-00630,WO000158,P007,PR06,2026-06-23,120,8,fail
INS00000631,QI-20260624-00631,WO000158,P007,PR07,2026-06-24,150,7,fail
INS00000632,QI-20260624-00632,WO000158,P007,PR08,2026-06-24,120,1,pass
INS00000633,QI-20260622-00633,WO000159,P024,PR03,2026-06-22,150,2,pass
INS00000634,QI-20260623-00634,WO000159,P024,PR06,2026-06-23,150,6,fail
INS00000635,QI-20260624-00635,WO000159,P024,PR07,2026-06-24,80,4,fail
INS00000636,QI-20260624-00636,WO000159,P024,PR08,2026-06-24,100,1,pass
INS00000637,QI-20260622-00637,WO000160,P022,PR03,2026-06-22,200,2,pass
INS00000638,QI-20260623-00638,WO000160,P022,PR06,2026-06-23,200,8,fail
INS00000639,QI-20260624-00639,WO000160,P022,PR07,2026-06-24,100,4,fail
INS00000640,QI-20260624-00640,WO000160,P022,PR08,2026-06-24,80,1,pass
INS00000641,QI-20260622-00641,WO000161,P007,PR03,2026-06-22,200,4,pass
INS00000642,QI-20260623-00642,WO000161,P007,PR06,2026-06-23,150,10,fail
INS00000643,QI-20260624-00643,WO000161,P007,PR07,2026-06-24,120,8,fail
INS00000644,QI-20260624-00644,WO000161,P007,PR08,2026-06-24,100,2,pass
INS00000645,QI-20260622-00645,WO000162,P016,PR03,2026-06-22,80,1,pass
INS00000646,QI-20260623-00646,WO000162,P016,PR06,2026-06-23,120,5,fail
INS00000647,QI-20260624-00647,WO000162,P016,PR07,2026-06-24,120,5,fail
INS00000648,QI-20260624-00648,WO000162,P016,PR08,2026-06-24,150,0,pass
INS00000649,QI-20260623-00649,WO000163,P010,PR03,2026-06-23,200,1,pass
INS00000650,QI-20260624-00650,WO000163,P010,PR06,2026-06-24,100,4,fail
INS00000651,QI-20260625-00651,WO000163,P010,PR07,2026-06-25,80,3,fail
INS00000652,QI-20260625-00652,WO000163,P010,PR08,2026-06-25,120,1,pass
INS00000653,QI-20260623-00653,WO000164,P022,PR03,2026-06-23,200,3,pass
INS00000654,QI-20260624-00654,WO000164,P022,PR06,2026-06-24,150,9,fail
INS00000655,QI-20260625-00655,WO000164,P022,PR07,2026-06-25,80,4,fail
INS00000656,QI-20260625-00656,WO000164,P022,PR08,2026-06-25,100,1,pass
INS00000657,QI-20260623-00657,WO000165,P007,PR03,2026-06-23,150,1,pass
INS00000658,QI-20260624-00658,WO000165,P007,PR06,2026-06-24,200,8,fail
INS00000659,QI-20260625-00659,WO000165,P007,PR07,2026-06-25,100,4,fail
INS00000660,QI-20260625-00660,WO000165,P007,PR08,2026-06-25,100,0,pass
INS00000661,QI-20260623-00661,WO000166,P013,PR03,2026-06-23,200,1,pass
INS00000662,QI-20260624-00662,WO000166,P013,PR06,2026-06-24,150,6,fail
INS00000663,QI-20260625-00663,WO000166,P013,PR07,2026-06-25,200,10,fail
INS00000664,QI-20260625-00664,WO000166,P013,PR08,2026-06-25,120,0,pass
INS00000665,QI-20260623-00665,WO000167,P028,PR03,2026-06-23,80,1,pass
INS00000666,QI-20260624-00666,WO000167,P028,PR06,2026-06-24,120,5,fail
INS00000667,QI-20260625-00667,WO000167,P028,PR07,2026-06-25,100,4,fail
INS00000668,QI-20260625-00668,WO000167,P028,PR08,2026-06-25,120,1,pass
INS00000669,QI-20260623-00669,WO000168,P024,PR03,2026-06-23,200,2,pass
INS00000670,QI-20260624-00670,WO000168,P024,PR06,2026-06-24,100,7,fail
INS00000671,QI-20260625-00671,WO000168,P024,PR07,2026-06-25,150,8,fail
INS00000672,QI-20260625-00672,WO000168,P024,PR08,2026-06-25,200,2,pass
INS00000673,QI-20260624-00673,WO000169,P019,PR03,2026-06-24,150,1,pass
INS00000674,QI-20260625-00674,WO000169,P019,PR06,2026-06-25,80,5,fail
INS00000675,QI-20260626-00675,WO000169,P019,PR07,2026-06-26,200,9,fail
INS00000676,QI-20260626-00676,WO000169,P019,PR08,2026-06-26,150,1,pass
INS00000677,QI-20260624-00677,WO000170,P003,PR03,2026-06-24,120,1,pass
INS00000678,QI-20260625-00678,WO000170,P003,PR06,2026-06-25,80,4,fail
INS00000679,QI-20260626-00679,WO000170,P003,PR07,2026-06-26,80,3,fail
INS00000680,QI-20260626-00680,WO000170,P003,PR08,2026-06-26,200,1,pass
INS00000681,QI-20260624-00681,WO000171,P010,PR03,2026-06-24,200,3,pass
INS00000682,QI-20260625-00682,WO000171,P010,PR06,2026-06-25,100,6,fail
INS00000683,QI-20260626-00683,WO000171,P010,PR07,2026-06-26,150,6,fail
INS00000684,QI-20260626-00684,WO000171,P010,PR08,2026-06-26,200,2,pass
INS00000685,QI-20260624-00685,WO000172,P024,PR03,2026-06-24,80,0,pass
INS00000686,QI-20260625-00686,WO000172,P024,PR06,2026-06-25,100,6,fail
INS00000687,QI-20260626-00687,WO000172,P024,PR07,2026-06-26,200,10,fail
INS00000688,QI-20260626-00688,WO000172,P024,PR08,2026-06-26,120,1,pass
INS00000689,QI-20260624-00689,WO000173,P017,PR03,2026-06-24,80,1,pass
INS00000690,QI-20260625-00690,WO000173,P017,PR06,2026-06-25,100,4,fail
INS00000691,QI-20260626-00691,WO000173,P017,PR07,2026-06-26,100,6,fail
INS00000692,QI-20260626-00692,WO000173,P017,PR08,2026-06-26,120,1,pass
INS00000693,QI-20260624-00693,WO000174,P022,PR03,2026-06-24,120,1,pass
INS00000694,QI-20260625-00694,WO000174,P022,PR06,2026-06-25,120,6,fail
INS00000695,QI-20260626-00695,WO000174,P022,PR07,2026-06-26,200,11,fail
INS00000696,QI-20260626-00696,WO000174,P022,PR08,2026-06-26,120,1,pass
INS00000697,QI-20260624-00697,WO000175,P023,PR03,2026-06-24,80,0,pass
INS00000698,QI-20260625-00698,WO000175,P023,PR06,2026-06-25,150,8,fail
INS00000699,QI-20260626-00699,WO000175,P023,PR07,2026-06-26,120,6,fail
INS00000700,QI-20260626-00700,WO000175,P023,PR08,2026-06-26,120,1,pass
INS00000701,QI-20260624-00701,WO000176,P023,PR03,2026-06-24,150,2,pass
INS00000702,QI-20260625-00702,WO000176,P023,PR06,2026-06-25,120,5,fail
INS00000703,QI-20260626-00703,WO000176,P023,PR07,2026-06-26,150,6,fail
INS00000704,QI-20260626-00704,WO000176,P023,PR08,2026-06-26,150,1,pass
INS00000705,QI-20260624-00705,WO000177,P016,PR03,2026-06-24,120,1,pass
INS00000706,QI-20260625-00706,WO000177,P016,PR06,2026-06-25,80,4,fail
INS00000707,QI-20260626-00707,WO000177,P016,PR07,2026-06-26,150,7,fail
INS00000708,QI-20260626-00708,WO000177,P016,PR08,2026-06-26,80,1,pass
INS00000709,QI-20260625-00709,WO000178,P011,PR03,2026-06-25,200,3,pass
INS00000710,QI-20260626-00710,WO000178,P011,PR06,2026-06-26,150,8,fail
INS00000711,QI-20260627-00711,WO000178,P011,PR07,2026-06-27,100,4,fail
INS00000712,QI-20260627-00712,WO000178,P011,PR08,2026-06-27,150,2,pass
INS00000713,QI-20260625-00713,WO000179,P019,PR03,2026-06-25,80,0,pass
INS00000714,QI-20260626-00714,WO000179,P019,PR06,2026-06-26,100,5,fail
INS00000715,QI-20260627-00715,WO000179,P019,PR07,2026-06-27,100,5,fail
INS00000716,QI-20260627-00716,WO000179,P019,PR08,2026-06-27,100,1,pass
INS00000717,QI-20260625-00717,WO000180,P004,PR03,2026-06-25,120,2,pass
INS00000718,QI-20260626-00718,WO000180,P004,PR06,2026-06-26,150,6,fail
INS00000719,QI-20260627-00719,WO000180,P004,PR07,2026-06-27,200,13,fail
INS00000720,QI-20260627-00720,WO000180,P004,PR08,2026-06-27,200,4,pass
INS00000721,QI-20260625-00721,WO000181,P007,PR03,2026-06-25,80,1,pass
INS00000722,QI-20260626-00722,WO000181,P007,PR06,2026-06-26,120,6,fail
INS00000723,QI-20260627-00723,WO000181,P007,PR07,2026-06-27,120,6,fail
INS00000724,QI-20260627-00724,WO000181,P007,PR08,2026-06-27,200,2,pass
INS00000725,QI-20260625-00725,WO000182,P014,PR03,2026-06-25,120,2,pass
INS00000726,QI-20260626-00726,WO000182,P014,PR06,2026-06-26,120,7,fail
INS00000727,QI-20260627-00727,WO000182,P014,PR07,2026-06-27,80,4,fail
INS00000728,QI-20260627-00728,WO000182,P014,PR08,2026-06-27,200,1,pass
INS00000729,QI-20260625-00729,WO000183,P018,PR03,2026-06-25,100,2,pass
INS00000730,QI-20260626-00730,WO000183,P018,PR06,2026-06-26,200,13,fail
INS00000731,QI-20260627-00731,WO000183,P018,PR07,2026-06-27,80,4,fail
INS00000732,QI-20260627-00732,WO000183,P018,PR08,2026-06-27,150,2,pass
INS00000733,QI-20260625-00733,WO000184,P008,PR03,2026-06-25,150,2,pass
INS00000734,QI-20260626-00734,WO000184,P008,PR06,2026-06-26,120,9,fail
INS00000735,QI-20260627-00735,WO000184,P008,PR07,2026-06-27,100,4,fail
INS00000736,QI-20260627-00736,WO000184,P008,PR08,2026-06-27,150,2,pass
INS00000737,QI-20260626-00737,WO000185,P026,PR03,2026-06-26,200,3,pass
INS00000738,QI-20260627-00738,WO000185,P026,PR06,2026-06-27,200,11,fail
INS00000739,QI-20260628-00739,WO000185,P026,PR07,2026-06-28,200,7,pass
INS00000740,QI-20260628-00740,WO000185,P026,PR08,2026-06-28,200,1,pass
INS00000741,QI-20260626-00741,WO000186,P015,PR03,2026-06-26,100,1,pass
INS00000742,QI-20260627-00742,WO000186,P015,PR06,2026-06-27,150,9,fail
INS00000743,QI-20260628-00743,WO000186,P015,PR07,2026-06-28,100,5,fail
INS00000744,QI-20260628-00744,WO000186,P015,PR08,2026-06-28,80,1,pass
INS00000745,QI-20260626-00745,WO000187,P013,PR03,2026-06-26,200,4,pass
INS00000746,QI-20260627-00746,WO000187,P013,PR06,2026-06-27,100,5,fail
INS00000747,QI-20260628-00747,WO000187,P013,PR07,2026-06-28,150,8,fail
INS00000748,QI-20260628-00748,WO000187,P013,PR08,2026-06-28,80,1,pass
INS00000749,QI-20260626-00749,WO000188,P014,PR03,2026-06-26,120,1,pass
INS00000750,QI-20260627-00750,WO000188,P014,PR06,2026-06-27,120,6,fail
INS00000751,QI-20260628-00751,WO000188,P014,PR07,2026-06-28,150,8,fail
INS00000752,QI-20260628-00752,WO000188,P014,PR08,2026-06-28,80,1,pass
INS00000753,QI-20260626-00753,WO000189,P005,PR03,2026-06-26,100,2,pass
INS00000754,QI-20260627-00754,WO000189,P005,PR06,2026-06-27,100,6,fail
INS00000755,QI-20260628-00755,WO000189,P005,PR07,2026-06-28,150,7,fail
INS00000756,QI-20260628-00756,WO000189,P005,PR08,2026-06-28,200,4,pass
INS00000757,QI-20260626-00757,WO000190,P015,PR03,2026-06-26,200,1,pass
INS00000758,QI-20260627-00758,WO000190,P015,PR06,2026-06-27,120,5,fail
INS00000759,QI-20260628-00759,WO000190,P015,PR07,2026-06-28,100,4,fail
INS00000760,QI-20260628-00760,WO000190,P015,PR08,2026-06-28,150,1,pass
INS00000761,QI-20260626-00761,WO000191,P022,PR03,2026-06-26,150,2,pass
INS00000762,QI-20260627-00762,WO000191,P022,PR06,2026-06-27,120,7,fail
INS00000763,QI-20260628-00763,WO000191,P022,PR07,2026-06-28,80,4,fail
INS00000764,QI-20260628-00764,WO000191,P022,PR08,2026-06-28,200,3,pass
INS00000765,QI-20260627-00765,WO000192,P013,PR03,2026-06-27,100,1,pass
INS00000766,QI-20260628-00766,WO000192,P013,PR06,2026-06-28,120,7,fail
INS00000767,QI-20260629-00767,WO000192,P013,PR07,2026-06-29,150,9,fail
INS00000768,QI-20260629-00768,WO000192,P013,PR08,2026-06-29,100,2,pass
INS00000769,QI-20260627-00769,WO000193,P009,PR03,2026-06-27,100,1,pass
INS00000770,QI-20260628-00770,WO000193,P009,PR06,2026-06-28,120,8,fail
INS00000771,QI-20260629-00771,WO000193,P009,PR07,2026-06-29,100,5,fail
INS00000772,QI-20260629-00772,WO000193,P009,PR08,2026-06-29,150,2,pass
INS00000773,QI-20260627-00773,WO000194,P023,PR03,2026-06-27,200,3,pass
INS00000774,QI-20260628-00774,WO000194,P023,PR06,2026-06-28,100,6,fail
INS00000775,QI-20260629-00775,WO000194,P023,PR07,2026-06-29,150,6,fail
INS00000776,QI-20260629-00776,WO000194,P023,PR08,2026-06-29,200,3,pass
INS00000777,QI-20260627-00777,WO000195,P026,PR03,2026-06-27,80,2,pass
INS00000778,QI-20260628-00778,WO000195,P026,PR06,2026-06-28,200,9,fail
INS00000779,QI-20260629-00779,WO000195,P026,PR07,2026-06-29,100,5,fail
INS00000780,QI-20260629-00780,WO000195,P026,PR08,2026-06-29,150,2,pass
INS00000781,QI-20260627-00781,WO000196,P014,PR03,2026-06-27,200,1,pass
INS00000782,QI-20260628-00782,WO000196,P014,PR06,2026-06-28,200,10,fail
INS00000783,QI-20260629-00783,WO000196,P014,PR07,2026-06-29,150,6,fail
INS00000784,QI-20260629-00784,WO000196,P014,PR08,2026-06-29,80,0,pass
INS00000785,QI-20260627-00785,WO000197,P014,PR03,2026-06-27,80,1,pass
INS00000786,QI-20260628-00786,WO000197,P014,PR06,2026-06-28,120,5,fail
INS00000787,QI-20260629-00787,WO000197,P014,PR07,2026-06-29,150,6,fail
INS00000788,QI-20260629-00788,WO000197,P014,PR08,2026-06-29,80,1,pass
INS00000789,QI-20260628-00789,WO000198,P014,PR03,2026-06-28,150,2,pass
INS00000790,QI-20260629-00790,WO000198,P014,PR06,2026-06-29,100,5,fail
INS00000791,QI-20260630-00791,WO000198,P014,PR07,2026-06-30,120,4,pass
INS00000792,QI-20260630-00792,WO000198,P014,PR08,2026-06-30,200,1,pass
INS00000793,QI-20260628-00793,WO000199,P002,PR03,2026-06-28,80,0,pass
INS00000794,QI-20260629-00794,WO000199,P002,PR06,2026-06-29,150,8,fail
INS00000795,QI-20260630-00795,WO000199,P002,PR07,2026-06-30,80,4,fail
INS00000796,QI-20260630-00796,WO000199,P002,PR08,2026-06-30,100,0,pass
INS00000797,QI-20260628-00797,WO000200,P017,PR03,2026-06-28,150,3,pass
INS00000798,QI-20260629-00798,WO000200,P017,PR06,2026-06-29,150,10,fail
INS00000799,QI-20260630-00799,WO000200,P017,PR07,2026-06-30,100,5,fail
INS00000800,QI-20260630-00800,WO000200,P017,PR08,2026-06-30,100,1,pass
INS00000801,QI-20260628-00801,WO000201,P015,PR03,2026-06-28,100,1,pass
INS00000802,QI-20260629-00802,WO000201,P015,PR06,2026-06-29,150,10,fail
INS00000803,QI-20260630-00803,WO000201,P015,PR07,2026-06-30,120,5,fail
INS00000804,QI-20260630-00804,WO000201,P015,PR08,2026-06-30,100,1,pass
INS00000805,QI-20260628-00805,WO000202,P026,PR03,2026-06-28,200,3,pass
INS00000806,QI-20260629-00806,WO000202,P026,PR06,2026-06-29,80,4,fail
INS00000807,QI-20260630-00807,WO000202,P026,PR07,2026-06-30,120,7,fail
INS00000808,QI-20260630-00808,WO000202,P026,PR08,2026-06-30,80,1,pass
INS00000809,QI-20260628-00809,WO000203,P015,PR03,2026-06-28,100,0,pass
INS00000810,QI-20260629-00810,WO000203,P015,PR06,2026-06-29,100,5,fail
INS00000811,QI-20260630-00811,WO000203,P015,PR07,2026-06-30,100,5,fail
INS00000812,QI-20260630-00812,WO000203,P015,PR08,2026-06-30,100,2,pass
INS00000813,QI-20260628-00813,WO000204,P014,PR03,2026-06-28,200,1,pass
INS00000814,QI-20260629-00814,WO000204,P014,PR06,2026-06-29,120,8,fail
INS00000815,QI-20260630-00815,WO000204,P014,PR07,2026-06-30,100,5,fail
INS00000816,QI-20260630-00816,WO000204,P014,PR08,2026-06-30,120,1,pass
INS00000817,QI-20260628-00817,WO000205,P009,PR03,2026-06-28,120,0,pass
INS00000818,QI-20260629-00818,WO000205,P009,PR06,2026-06-29,200,7,pass
INS00000819,QI-20260630-00819,WO000205,P009,PR07,2026-06-30,200,8,fail
INS00000820,QI-20260630-00820,WO000205,P009,PR08,2026-06-30,120,1,pass
INS00000821,QI-20260629-00821,WO000206,P009,PR03,2026-06-29,120,2,pass
INS00000822,QI-20260630-00822,WO000206,P009,PR06,2026-06-30,150,8,fail
INS00000823,QI-20260701-00823,WO000206,P009,PR07,2026-07-01,100,5,fail
INS00000824,QI-20260701-00824,WO000206,P009,PR08,2026-07-01,100,2,pass
INS00000825,QI-20260629-00825,WO000207,P028,PR03,2026-06-29,200,2,pass
INS00000826,QI-20260630-00826,WO000207,P028,PR06,2026-06-30,200,10,fail
INS00000827,QI-20260701-00827,WO000207,P028,PR07,2026-07-01,80,5,fail
INS00000828,QI-20260701-00828,WO000207,P028,PR08,2026-07-01,100,1,pass
INS00000829,QI-20260629-00829,WO000208,P012,PR03,2026-06-29,200,1,pass
INS00000830,QI-20260630-00830,WO000208,P012,PR06,2026-06-30,80,4,fail
INS00000831,QI-20260701-00831,WO000208,P012,PR07,2026-07-01,80,3,fail
INS00000832,QI-20260701-00832,WO000208,P012,PR08,2026-07-01,120,1,pass
INS00000833,QI-20260629-00833,WO000209,P012,PR03,2026-06-29,80,1,pass
INS00000834,QI-20260630-00834,WO000209,P012,PR06,2026-06-30,150,8,fail
INS00000835,QI-20260701-00835,WO000209,P012,PR07,2026-07-01,120,5,fail
INS00000836,QI-20260701-00836,WO000209,P012,PR08,2026-07-01,200,1,pass
INS00000837,QI-20260629-00837,WO000210,P006,PR03,2026-06-29,80,1,pass
INS00000838,QI-20260630-00838,WO000210,P006,PR06,2026-06-30,120,7,fail
INS00000839,QI-20260701-00839,WO000210,P006,PR07,2026-07-01,200,9,fail
INS00000840,QI-20260701-00840,WO000210,P006,PR08,2026-07-01,150,1,pass
INS00000841,QI-20260629-00841,WO000211,P018,PR03,2026-06-29,80,1,pass
INS00000842,QI-20260630-00842,WO000211,P018,PR06,2026-06-30,120,8,fail
INS00000843,QI-20260701-00843,WO000211,P018,PR07,2026-07-01,100,4,fail
INS00000844,QI-20260701-00844,WO000211,P018,PR08,2026-07-01,120,1,pass
INS00000845,QI-20260629-00845,WO000212,P003,PR03,2026-06-29,120,1,pass
INS00000846,QI-20260630-00846,WO000212,P003,PR06,2026-06-30,120,6,fail
INS00000847,QI-20260701-00847,WO000212,P003,PR07,2026-07-01,80,4,fail
INS00000848,QI-20260701-00848,WO000212,P003,PR08,2026-07-01,100,2,pass
INS00000849,QI-20260630-00849,WO000213,P019,PR03,2026-06-30,120,2,pass
INS00000850,QI-20260701-00850,WO000213,P019,PR06,2026-07-01,120,6,fail
INS00000851,QI-20260702-00851,WO000213,P019,PR07,2026-07-02,120,5,fail
INS00000852,QI-20260702-00852,WO000213,P019,PR08,2026-07-02,200,1,pass
INS00000853,QI-20260630-00853,WO000214,P006,PR03,2026-06-30,150,2,pass
INS00000854,QI-20260701-00854,WO000214,P006,PR06,2026-07-01,100,5,fail
INS00000855,QI-20260702-00855,WO000214,P006,PR07,2026-07-02,80,4,fail
INS00000856,QI-20260702-00856,WO000214,P006,PR08,2026-07-02,100,1,pass
INS00000857,QI-20260630-00857,WO000215,P013,PR03,2026-06-30,100,1,pass
INS00000858,QI-20260701-00858,WO000215,P013,PR06,2026-07-01,80,4,fail
INS00000859,QI-20260702-00859,WO000215,P013,PR07,2026-07-02,120,5,fail
INS00000860,QI-20260702-00860,WO000215,P013,PR08,2026-07-02,150,2,pass
INS00000861,QI-20260630-00861,WO000216,P005,PR03,2026-06-30,150,1,pass
INS00000862,QI-20260701-00862,WO000216,P005,PR06,2026-07-01,150,8,fail
INS00000863,QI-20260702-00863,WO000216,P005,PR07,2026-07-02,80,3,fail
INS00000864,QI-20260702-00864,WO000216,P005,PR08,2026-07-02,120,1,pass
INS00000865,QI-20260630-00865,WO000217,P028,PR03,2026-06-30,120,2,pass
INS00000866,QI-20260701-00866,WO000217,P028,PR06,2026-07-01,100,6,fail
INS00000867,QI-20260702-00867,WO000217,P028,PR07,2026-07-02,200,8,fail
INS00000868,QI-20260702-00868,WO000217,P028,PR08,2026-07-02,100,1,pass
INS00000869,QI-20260630-00869,WO000218,P015,PR03,2026-06-30,100,1,pass
INS00000870,QI-20260701-00870,WO000218,P015,PR06,2026-07-01,200,9,fail
INS00000871,QI-20260702-00871,WO000218,P015,PR07,2026-07-02,80,5,fail
INS00000872,QI-20260702-00872,WO000218,P015,PR08,2026-07-02,80,0,pass
INS00000873,QI-20260630-00873,WO000219,P008,PR03,2026-06-30,80,1,pass
INS00000874,QI-20260701-00874,WO000219,P008,PR06,2026-07-01,150,8,fail
INS00000875,QI-20260702-00875,WO000219,P008,PR07,2026-07-02,120,6,fail
INS00000876,QI-20260702-00876,WO000219,P008,PR08,2026-07-02,120,1,pass
INS00000877,QI-20260630-00877,WO000220,P014,PR03,2026-06-30,100,1,pass
INS00000878,QI-20260701-00878,WO000220,P014,PR06,2026-07-01,150,7,fail
INS00000879,QI-20260702-00879,WO000220,P014,PR07,2026-07-02,80,3,fail
INS00000880,QI-20260702-00880,WO000220,P014,PR08,2026-07-02,150,1,pass
INS00000881,QI-20260701-00881,WO000221,P016,PR03,2026-07-01,150,1,pass
INS00000882,QI-20260702-00882,WO000221,P016,PR06,2026-07-02,80,5,fail
INS00000883,QI-20260703-00883,WO000221,P016,PR07,2026-07-03,120,6,fail
INS00000884,QI-20260703-00884,WO000221,P016,PR08,2026-07-03,100,1,pass
INS00000885,QI-20260701-00885,WO000222,P014,PR03,2026-07-01,80,1,pass
INS00000886,QI-20260702-00886,WO000222,P014,PR06,2026-07-02,200,11,fail
INS00000887,QI-20260703-00887,WO000222,P014,PR07,2026-07-03,100,5,fail
INS00000888,QI-20260703-00888,WO000222,P014,PR08,2026-07-03,120,1,pass
INS00000889,QI-20260701-00889,WO000223,P015,PR03,2026-07-01,100,1,pass
INS00000890,QI-20260702-00890,WO000223,P015,PR06,2026-07-02,80,4,fail
INS00000891,QI-20260703-00891,WO000223,P015,PR07,2026-07-03,200,7,pass
INS00000892,QI-20260703-00892,WO000223,P015,PR08,2026-07-03,200,1,pass
INS00000893,QI-20260701-00893,WO000224,P001,PR03,2026-07-01,200,1,pass
INS00000894,QI-20260702-00894,WO000224,P001,PR06,2026-07-02,80,5,fail
INS00000895,QI-20260703-00895,WO000224,P001,PR07,2026-07-03,120,7,fail
INS00000896,QI-20260703-00896,WO000224,P001,PR08,2026-07-03,120,1,pass
INS00000897,QI-20260701-00897,WO000225,P026,PR03,2026-07-01,80,1,pass
INS00000898,QI-20260702-00898,WO000225,P026,PR06,2026-07-02,200,10,fail
INS00000899,QI-20260703-00899,WO000225,P026,PR07,2026-07-03,80,4,fail
INS00000900,QI-20260703-00900,WO000225,P026,PR08,2026-07-03,80,1,pass
INS00000901,QI-20260701-00901,WO000226,P006,PR03,2026-07-01,120,1,pass
INS00000902,QI-20260702-00902,WO000226,P006,PR06,2026-07-02,80,4,fail
INS00000903,QI-20260703-00903,WO000226,P006,PR07,2026-07-03,150,8,fail
INS00000904,QI-20260703-00904,WO000226,P006,PR08,2026-07-03,120,1,pass
INS00000905,QI-20260701-00905,WO000227,P024,PR03,2026-07-01,120,1,pass
INS00000906,QI-20260702-00906,WO000227,P024,PR06,2026-07-02,100,4,fail
INS00000907,QI-20260703-00907,WO000227,P024,PR07,2026-07-03,120,5,fail
INS00000908,QI-20260703-00908,WO000227,P024,PR08,2026-07-03,80,0,pass
INS00000909,QI-20260701-00909,WO000228,P015,PR03,2026-07-01,80,0,pass
INS00000910,QI-20260702-00910,WO000228,P015,PR06,2026-07-02,100,6,fail
INS00000911,QI-20260703-00911,WO000228,P015,PR07,2026-07-03,100,5,fail
INS00000912,QI-20260703-00912,WO000228,P015,PR08,2026-07-03,80,1,pass
INS00000913,QI-20260701-00913,WO000229,P027,PR03,2026-07-01,200,2,pass
INS00000914,QI-20260702-00914,WO000229,P027,PR06,2026-07-02,80,4,fail
INS00000915,QI-20260703-00915,WO000229,P027,PR07,2026-07-03,200,8,fail
INS00000916,QI-20260703-00916,WO000229,P027,PR08,2026-07-03,120,2,pass
INS00000917,QI-20260702-00917,WO000230,P007,PR03,2026-07-02,150,1,pass
INS00000918,QI-20260703-00918,WO000230,P007,PR06,2026-07-03,100,6,fail
INS00000919,QI-20260704-00919,WO000230,P007,PR07,2026-07-04,200,12,fail
INS00000920,QI-20260704-00920,WO000230,P007,PR08,2026-07-04,80,1,pass
INS00000921,QI-20260702-00921,WO000231,P023,PR03,2026-07-02,120,2,pass
INS00000922,QI-20260703-00922,WO000231,P023,PR06,2026-07-03,150,9,fail
INS00000923,QI-20260704-00923,WO000231,P023,PR07,2026-07-04,200,11,fail
INS00000924,QI-20260704-00924,WO000231,P023,PR08,2026-07-04,200,3,pass
INS00000925,QI-20260702-00925,WO000232,P005,PR03,2026-07-02,80,0,pass
INS00000926,QI-20260703-00926,WO000232,P005,PR06,2026-07-03,80,4,fail
INS00000927,QI-20260704-00927,WO000232,P005,PR07,2026-07-04,100,4,fail
INS00000928,QI-20260704-00928,WO000232,P005,PR08,2026-07-04,120,0,pass
INS00000929,QI-20260702-00929,WO000233,P002,PR03,2026-07-02,100,1,pass
INS00000930,QI-20260703-00930,WO000233,P002,PR06,2026-07-03,80,4,fail
INS00000931,QI-20260704-00931,WO000233,P002,PR07,2026-07-04,120,6,fail
INS00000932,QI-20260704-00932,WO000233,P002,PR08,2026-07-04,80,0,pass
INS00000933,QI-20260702-00933,WO000234,P008,PR03,2026-07-02,150,1,pass
INS00000934,QI-20260703-00934,WO000234,P008,PR06,2026-07-03,100,4,fail
INS00000935,QI-20260704-00935,WO000234,P008,PR07,2026-07-04,200,9,fail
INS00000936,QI-20260704-00936,WO000234,P008,PR08,2026-07-04,100,1,pass
INS00000937,QI-20260702-00937,WO000235,P017,PR03,2026-07-02,150,1,pass
INS00000938,QI-20260703-00938,WO000235,P017,PR06,2026-07-03,100,5,fail
INS00000939,QI-20260704-00939,WO000235,P017,PR07,2026-07-04,80,4,fail
INS00000940,QI-20260704-00940,WO000235,P017,PR08,2026-07-04,100,1,pass
INS00000941,QI-20260703-00941,WO000236,P015,PR03,2026-07-03,100,0,pass
INS00000942,QI-20260704-00942,WO000236,P015,PR06,2026-07-04,100,4,fail
INS00000943,QI-20260705-00943,WO000236,P015,PR07,2026-07-05,200,10,fail
INS00000944,QI-20260705-00944,WO000236,P015,PR08,2026-07-05,200,1,pass
INS00000945,QI-20260703-00945,WO000237,P023,PR03,2026-07-03,200,1,pass
INS00000946,QI-20260704-00946,WO000237,P023,PR06,2026-07-04,200,13,fail
INS00000947,QI-20260705-00947,WO000237,P023,PR07,2026-07-05,100,5,fail
INS00000948,QI-20260705-00948,WO000237,P023,PR08,2026-07-05,150,1,pass
INS00000949,QI-20260703-00949,WO000238,P021,PR03,2026-07-03,80,0,pass
INS00000950,QI-20260704-00950,WO000238,P021,PR06,2026-07-04,100,6,fail
INS00000951,QI-20260705-00951,WO000238,P021,PR07,2026-07-05,200,7,pass
INS00000952,QI-20260705-00952,WO000238,P021,PR08,2026-07-05,80,1,pass
INS00000953,QI-20260703-00953,WO000239,P008,PR03,2026-07-03,200,1,pass
INS00000954,QI-20260704-00954,WO000239,P008,PR06,2026-07-04,80,4,fail
INS00000955,QI-20260705-00955,WO000239,P008,PR07,2026-07-05,150,5,pass
INS00000956,QI-20260705-00956,WO000239,P008,PR08,2026-07-05,120,0,pass
INS00000957,QI-20260703-00957,WO000240,P027,PR03,2026-07-03,120,2,pass
INS00000958,QI-20260704-00958,WO000240,P027,PR06,2026-07-04,100,4,fail
INS00000959,QI-20260705-00959,WO000240,P027,PR07,2026-07-05,150,9,fail
INS00000960,QI-20260705-00960,WO000240,P027,PR08,2026-07-05,80,1,pass
INS00000961,QI-20260703-00961,WO000241,P001,PR03,2026-07-03,100,0,pass
INS00000962,QI-20260704-00962,WO000241,P001,PR06,2026-07-04,200,7,pass
INS00000963,QI-20260705-00963,WO000241,P001,PR07,2026-07-05,100,5,fail
INS00000964,QI-20260705-00964,WO000241,P001,PR08,2026-07-05,80,0,pass
INS00000965,QI-20260704-00965,WO000242,P006,PR03,2026-07-04,200,1,pass
INS00000966,QI-20260705-00966,WO000242,P006,PR06,2026-07-05,100,4,fail
INS00000967,QI-20260706-00967,WO000242,P006,PR07,2026-07-06,150,6,fail
INS00000968,QI-20260706-00968,WO000242,P006,PR08,2026-07-06,200,1,pass
INS00000969,QI-20260704-00969,WO000243,P017,PR03,2026-07-04,200,3,pass
INS00000970,QI-20260705-00970,WO000243,P017,PR06,2026-07-05,100,6,fail
INS00000971,QI-20260706-00971,WO000243,P017,PR07,2026-07-06,200,8,fail
INS00000972,QI-20260706-00972,WO000243,P017,PR08,2026-07-06,80,1,pass
INS00000973,QI-20260704-00973,WO000244,P019,PR03,2026-07-04,200,4,pass
INS00000974,QI-20260705-00974,WO000244,P019,PR06,2026-07-05,80,5,fail
INS00000975,QI-20260706-00975,WO000244,P019,PR07,2026-07-06,120,5,fail
INS00000976,QI-20260706-00976,WO000244,P019,PR08,2026-07-06,120,2,pass
INS00000977,QI-20260704-00977,WO000245,P013,PR03,2026-07-04,80,1,pass
INS00000978,QI-20260705-00978,WO000245,P013,PR06,2026-07-05,150,8,fail
INS00000979,QI-20260706-00979,WO000245,P013,PR07,2026-07-06,80,5,fail
INS00000980,QI-20260706-00980,WO000245,P013,PR08,2026-07-06,200,2,pass
INS00000981,QI-20260704-00981,WO000246,P016,PR03,2026-07-04,100,1,pass
INS00000982,QI-20260705-00982,WO000246,P016,PR06,2026-07-05,150,9,fail
INS00000983,QI-20260706-00983,WO000246,P016,PR07,2026-07-06,200,9,fail
INS00000984,QI-20260706-00984,WO000246,P016,PR08,2026-07-06,120,2,pass
INS00000985,QI-20260704-00985,WO000247,P008,PR03,2026-07-04,100,1,pass
INS00000986,QI-20260705-00986,WO000247,P008,PR06,2026-07-05,150,9,fail
INS00000987,QI-20260706-00987,WO000247,P008,PR07,2026-07-06,150,8,fail
INS00000988,QI-20260706-00988,WO000247,P008,PR08,2026-07-06,200,3,pass
INS00000989,QI-20260704-00989,WO000248,P011,PR03,2026-07-04,120,0,pass
INS00000990,QI-20260705-00990,WO000248,P011,PR06,2026-07-05,80,5,fail
INS00000991,QI-20260706-00991,WO000248,P011,PR07,2026-07-06,120,4,pass
INS00000992,QI-20260706-00992,WO000248,P011,PR08,2026-07-06,120,1,pass
INS00000993,QI-20260704-00993,WO000249,P009,PR03,2026-07-04,200,4,pass
INS00000994,QI-20260705-00994,WO000249,P009,PR06,2026-07-05,80,6,fail
INS00000995,QI-20260706-00995,WO000249,P009,PR07,2026-07-06,100,5,fail
INS00000996,QI-20260706-00996,WO000249,P009,PR08,2026-07-06,150,2,pass
INS00000997,QI-20260704-00997,WO000250,P012,PR03,2026-07-04,150,1,pass
INS00000998,QI-20260705-00998,WO000250,P012,PR06,2026-07-05,150,7,fail
INS00000999,QI-20260706-00999,WO000250,P012,PR07,2026-07-06,100,5,fail
INS00001000,QI-20260706-01000,WO000250,P012,PR08,2026-07-06,150,1,pass
INS00001001,QI-20260704-01001,WO000251,P013,PR03,2026-07-04,100,1,pass
INS00001002,QI-20260705-01002,WO000251,P013,PR06,2026-07-05,150,6,fail
INS00001003,QI-20260706-01003,WO000251,P013,PR07,2026-07-06,200,6,pass
INS00001004,QI-20260706-01004,WO000251,P013,PR08,2026-07-06,120,0,pass
INS00001005,QI-20260705-01005,WO000252,P028,PR03,2026-07-05,80,1,pass
INS00001006,QI-20260706-01006,WO000252,P028,PR06,2026-07-06,150,11,fail
INS00001007,QI-20260707-01007,WO000252,P028,PR07,2026-07-07,100,5,fail
INS00001008,QI-20260707-01008,WO000252,P028,PR08,2026-07-07,150,2,pass
INS00001009,QI-20260705-01009,WO000253,P018,PR03,2026-07-05,80,0,pass
INS00001010,QI-20260706-01010,WO000253,P018,PR06,2026-07-06,120,8,fail
INS00001011,QI-20260707-01011,WO000253,P018,PR07,2026-07-07,120,5,fail
INS00001012,QI-20260707-01012,WO000253,P018,PR08,2026-07-07,200,1,pass
INS00001013,QI-20260705-01013,WO000254,P013,PR03,2026-07-05,200,3,pass
INS00001014,QI-20260706-01014,WO000254,P013,PR06,2026-07-06,200,8,fail
INS00001015,QI-20260707-01015,WO000254,P013,PR07,2026-07-07,80,3,fail
INS00001016,QI-20260707-01016,WO000254,P013,PR08,2026-07-07,150,2,pass
INS00001017,QI-20260705-01017,WO000255,P012,PR03,2026-07-05,200,1,pass
INS00001018,QI-20260706-01018,WO000255,P012,PR06,2026-07-06,150,6,fail
INS00001019,QI-20260707-01019,WO000255,P012,PR07,2026-07-07,150,6,fail
INS00001020,QI-20260707-01020,WO000255,P012,PR08,2026-07-07,100,0,pass
INS00001021,QI-20260705-01021,WO000256,P023,PR03,2026-07-05,100,1,pass
INS00001022,QI-20260706-01022,WO000256,P023,PR06,2026-07-06,200,8,fail
INS00001023,QI-20260707-01023,WO000256,P023,PR07,2026-07-07,150,7,fail
INS00001024,QI-20260707-01024,WO000256,P023,PR08,2026-07-07,80,0,pass
INS00001025,QI-20260705-01025,WO000257,P017,PR03,2026-07-05,80,1,pass
INS00001026,QI-20260706-01026,WO000257,P017,PR06,2026-07-06,100,5,fail
INS00001027,QI-20260707-01027,WO000257,P017,PR07,2026-07-07,150,8,fail
INS00001028,QI-20260707-01028,WO000257,P017,PR08,2026-07-07,100,1,pass
INS00001029,QI-20260705-01029,WO000258,P024,PR03,2026-07-05,200,3,pass
INS00001030,QI-20260706-01030,WO000258,P024,PR06,2026-07-06,200,8,fail
INS00001031,QI-20260707-01031,WO000258,P024,PR07,2026-07-07,100,5,fail
INS00001032,QI-20260707-01032,WO000258,P024,PR08,2026-07-07,80,1,pass
INS00001033,QI-20260705-01033,WO000259,P017,PR03,2026-07-05,150,1,pass
INS00001034,QI-20260706-01034,WO000259,P017,PR06,2026-07-06,80,4,fail
INS00001035,QI-20260707-01035,WO000259,P017,PR07,2026-07-07,200,10,fail
INS00001036,QI-20260707-01036,WO000259,P017,PR08,2026-07-07,80,1,pass
INS00001037,QI-20260706-01037,WO000260,P019,PR03,2026-07-06,100,1,pass
INS00001038,QI-20260707-01038,WO000260,P019,PR06,2026-07-07,150,7,fail
INS00001039,QI-20260708-01039,WO000260,P019,PR07,2026-07-08,200,7,pass
INS00001040,QI-20260708-01040,WO000260,P019,PR08,2026-07-08,150,1,pass
INS00001041,QI-20260706-01041,WO000261,P012,PR03,2026-07-06,80,1,pass
INS00001042,QI-20260707-01042,WO000261,P012,PR06,2026-07-07,120,7,fail
INS00001043,QI-20260708-01043,WO000261,P012,PR07,2026-07-08,120,7,fail
INS00001044,QI-20260708-01044,WO000261,P012,PR08,2026-07-08,150,1,pass
INS00001045,QI-20260706-01045,WO000262,P010,PR03,2026-07-06,200,2,pass
INS00001046,QI-20260707-01046,WO000262,P010,PR06,2026-07-07,200,10,fail
INS00001047,QI-20260708-01047,WO000262,P010,PR07,2026-07-08,120,5,fail
INS00001048,QI-20260708-01048,WO000262,P010,PR08,2026-07-08,150,1,pass
INS00001049,QI-20260706-01049,WO000263,P007,PR03,2026-07-06,80,1,pass
INS00001050,QI-20260707-01050,WO000263,P007,PR06,2026-07-07,200,14,fail
INS00001051,QI-20260708-01051,WO000263,P007,PR07,2026-07-08,150,7,fail
INS00001052,QI-20260708-01052,WO000263,P007,PR08,2026-07-08,80,1,pass
INS00001053,QI-20260706-01053,WO000264,P013,PR03,2026-07-06,100,1,pass
INS00001054,QI-20260707-01054,WO000264,P013,PR06,2026-07-07,150,6,fail
INS00001055,QI-20260708-01055,WO000264,P013,PR07,2026-07-08,150,8,fail
INS00001056,QI-20260708-01056,WO000264,P013,PR08,2026-07-08,120,1,pass
INS00001057,QI-20260706-01057,WO000265,P012,PR03,2026-07-06,200,1,pass
INS00001058,QI-20260707-01058,WO000265,P012,PR06,2026-07-07,80,4,fail
INS00001059,QI-20260708-01059,WO000265,P012,PR07,2026-07-08,200,6,pass
INS00001060,QI-20260708-01060,WO000265,P012,PR08,2026-07-08,100,0,pass
INS00001061,QI-20260706-01061,WO000266,P018,PR03,2026-07-06,120,1,pass
INS00001062,QI-20260707-01062,WO000266,P018,PR06,2026-07-07,150,8,fail
INS00001063,QI-20260708-01063,WO000266,P018,PR07,2026-07-08,150,6,fail
INS00001064,QI-20260708-01064,WO000266,P018,PR08,2026-07-08,150,1,pass
INS00001065,QI-20260706-01065,WO000267,P019,PR03,2026-07-06,200,1,pass
INS00001066,QI-20260707-01066,WO000267,P019,PR06,2026-07-07,80,4,fail
INS00001067,QI-20260708-01067,WO000267,P019,PR07,2026-07-08,120,6,fail
INS00001068,QI-20260708-01068,WO000267,P019,PR08,2026-07-08,120,1,pass
INS00001069,QI-20260706-01069,WO000268,P011,PR03,2026-07-06,100,2,pass
INS00001070,QI-20260707-01070,WO000268,P011,PR06,2026-07-07,80,6,fail
INS00001071,QI-20260708-01071,WO000268,P011,PR07,2026-07-08,80,4,fail
INS00001072,QI-20260708-01072,WO000268,P011,PR08,2026-07-08,150,3,pass
INS00001073,QI-20260706-01073,WO000269,P009,PR03,2026-07-06,100,0,pass
INS00001074,QI-20260707-01074,WO000269,P009,PR06,2026-07-07,80,5,fail
INS00001075,QI-20260708-01075,WO000269,P009,PR07,2026-07-08,80,3,fail
INS00001076,QI-20260708-01076,WO000269,P009,PR08,2026-07-08,120,0,pass
INS00001077,QI-20260707-01077,WO000270,P005,PR03,2026-07-07,100,1,pass
INS00001078,QI-20260708-01078,WO000270,P005,PR06,2026-07-08,100,6,fail
INS00001079,QI-20260709-01079,WO000270,P005,PR07,2026-07-09,80,4,fail
INS00001080,QI-20260709-01080,WO000270,P005,PR08,2026-07-09,120,2,pass
INS00001081,QI-20260707-01081,WO000271,P024,PR03,2026-07-07,150,2,pass
INS00001082,QI-20260708-01082,WO000271,P024,PR06,2026-07-08,100,5,fail
INS00001083,QI-20260709-01083,WO000271,P024,PR07,2026-07-09,150,8,fail
INS00001084,QI-20260709-01084,WO000271,P024,PR08,2026-07-09,100,2,pass
INS00001085,QI-20260707-01085,WO000272,P012,PR03,2026-07-07,120,1,pass
INS00001086,QI-20260708-01086,WO000272,P012,PR06,2026-07-08,100,5,fail
INS00001087,QI-20260709-01087,WO000272,P012,PR07,2026-07-09,150,5,pass
INS00001088,QI-20260709-01088,WO000272,P012,PR08,2026-07-09,80,0,pass
INS00001089,QI-20260707-01089,WO000273,P006,PR03,2026-07-07,100,1,pass
INS00001090,QI-20260708-01090,WO000273,P006,PR06,2026-07-08,200,14,fail
INS00001091,QI-20260709-01091,WO000273,P006,PR07,2026-07-09,80,4,fail
INS00001092,QI-20260709-01092,WO000273,P006,PR08,2026-07-09,100,1,pass
INS00001093,QI-20260707-01093,WO000274,P022,PR03,2026-07-07,80,1,pass
INS00001094,QI-20260708-01094,WO000274,P022,PR06,2026-07-08,150,8,fail
INS00001095,QI-20260709-01095,WO000274,P022,PR07,2026-07-09,200,8,fail
INS00001096,QI-20260709-01096,WO000274,P022,PR08,2026-07-09,200,1,pass
INS00001097,QI-20260707-01097,WO000275,P003,PR03,2026-07-07,120,1,pass
INS00001098,QI-20260708-01098,WO000275,P003,PR06,2026-07-08,80,5,fail
INS00001099,QI-20260709-01099,WO000275,P003,PR07,2026-07-09,120,6,fail
INS00001100,QI-20260709-01100,WO000275,P003,PR08,2026-07-09,100,1,pass
INS00001101,QI-20260707-01101,WO000276,P016,PR03,2026-07-07,200,2,pass
INS00001102,QI-20260708-01102,WO000276,P016,PR06,2026-07-08,150,8,fail
INS00001103,QI-20260709-01103,WO000276,P016,PR07,2026-07-09,120,4,pass
INS00001104,QI-20260709-01104,WO000276,P016,PR08,2026-07-09,200,1,pass
INS00001105,QI-20260707-01105,WO000277,P027,PR03,2026-07-07,150,3,pass
INS00001106,QI-20260708-01106,WO000277,P027,PR06,2026-07-08,120,9,fail
INS00001107,QI-20260709-01107,WO000277,P027,PR07,2026-07-09,100,5,fail
INS00001108,QI-20260709-01108,WO000277,P027,PR08,2026-07-09,150,2,pass
INS00001109,QI-20260707-01109,WO000278,P007,PR03,2026-07-07,150,1,pass
INS00001110,QI-20260708-01110,WO000278,P007,PR06,2026-07-08,80,5,fail
INS00001111,QI-20260709-01111,WO000278,P007,PR07,2026-07-09,120,5,fail
INS00001112,QI-20260709-01112,WO000278,P007,PR08,2026-07-09,120,1,pass
INS00001113,QI-20260708-01113,WO000279,P014,PR03,2026-07-08,100,2,pass
INS00001114,QI-20260709-01114,WO000279,P014,PR06,2026-07-09,150,9,fail
INS00001115,QI-20260710-01115,WO000279,P014,PR07,2026-07-10,120,7,fail
INS00001116,QI-20260710-01116,WO000279,P014,PR08,2026-07-10,200,4,pass
INS00001117,QI-20260708-01117,WO000280,P026,PR03,2026-07-08,100,1,pass
INS00001118,QI-20260709-01118,WO000280,P026,PR06,2026-07-09,150,8,fail
INS00001119,QI-20260710-01119,WO000280,P026,PR07,2026-07-10,150,6,fail
INS00001120,QI-20260710-01120,WO000280,P026,PR08,2026-07-10,150,1,pass
INS00001121,QI-20260708-01121,WO000281,P018,PR03,2026-07-08,120,1,pass
INS00001122,QI-20260709-01122,WO000281,P018,PR06,2026-07-09,200,9,fail
INS00001123,QI-20260710-01123,WO000281,P018,PR07,2026-07-10,150,7,fail
INS00001124,QI-20260710-01124,WO000281,P018,PR08,2026-07-10,200,1,pass
INS00001125,QI-20260708-01125,WO000282,P010,PR03,2026-07-08,100,1,pass
INS00001126,QI-20260709-01126,WO000282,P010,PR06,2026-07-09,200,9,fail
INS00001127,QI-20260710-01127,WO000282,P010,PR07,2026-07-10,200,9,fail
INS00001128,QI-20260710-01128,WO000282,P010,PR08,2026-07-10,100,1,pass
INS00001129,QI-20260708-01129,WO000283,P028,PR03,2026-07-08,120,2,pass
INS00001130,QI-20260709-01130,WO000283,P028,PR06,2026-07-09,120,8,fail
INS00001131,QI-20260710-01131,WO000283,P028,PR07,2026-07-10,80,5,fail
INS00001132,QI-20260710-01132,WO000283,P028,PR08,2026-07-10,200,5,pass
INS00001133,QI-20260708-01133,WO000284,P026,PR03,2026-07-08,100,0,pass
INS00001134,QI-20260709-01134,WO000284,P026,PR06,2026-07-09,200,11,fail
INS00001135,QI-20260710-01135,WO000284,P026,PR07,2026-07-10,80,3,fail
INS00001136,QI-20260710-01136,WO000284,P026,PR08,2026-07-10,120,0,pass
INS00001137,QI-20260708-01137,WO000285,P006,PR03,2026-07-08,100,1,pass
INS00001138,QI-20260709-01138,WO000285,P006,PR06,2026-07-09,120,6,fail
INS00001139,QI-20260710-01139,WO000285,P006,PR07,2026-07-10,200,10,fail
INS00001140,QI-20260710-01140,WO000285,P006,PR08,2026-07-10,80,1,pass
INS00001141,QI-20260708-01141,WO000286,P004,PR03,2026-07-08,80,1,pass
INS00001142,QI-20260709-01142,WO000286,P004,PR06,2026-07-09,100,5,fail
INS00001143,QI-20260710-01143,WO000286,P004,PR07,2026-07-10,150,6,fail
INS00001144,QI-20260710-01144,WO000286,P004,PR08,2026-07-10,150,2,pass
INS00001145,QI-20260708-01145,WO000287,P020,PR03,2026-07-08,150,3,pass
INS00001146,QI-20260709-01146,WO000287,P020,PR06,2026-07-09,120,7,fail
INS00001147,QI-20260710-01147,WO000287,P020,PR07,2026-07-10,200,9,fail
INS00001148,QI-20260710-01148,WO000287,P020,PR08,2026-07-10,200,2,pass
INS00001149,QI-20260709-01149,WO000288,P028,PR03,2026-07-09,120,1,pass
INS00001150,QI-20260710-01150,WO000288,P028,PR06,2026-07-10,80,4,fail
INS00001151,QI-20260711-01151,WO000288,P028,PR07,2026-07-11,80,4,fail
INS00001152,QI-20260711-01152,WO000288,P028,PR08,2026-07-11,120,0,pass
INS00001153,QI-20260709-01153,WO000289,P010,PR03,2026-07-09,200,1,pass
INS00001154,QI-20260710-01154,WO000289,P010,PR06,2026-07-10,100,5,fail
INS00001155,QI-20260711-01155,WO000289,P010,PR07,2026-07-11,150,6,fail
INS00001156,QI-20260711-01156,WO000289,P010,PR08,2026-07-11,100,0,pass
INS00001157,QI-20260709-01157,WO000290,P014,PR03,2026-07-09,200,1,pass
INS00001158,QI-20260710-01158,WO000290,P014,PR06,2026-07-10,150,9,fail
INS00001159,QI-20260711-01159,WO000290,P014,PR07,2026-07-11,150,7,fail
INS00001160,QI-20260711-01160,WO000290,P014,PR08,2026-07-11,200,1,pass
INS00001161,QI-20260709-01161,WO000291,P023,PR03,2026-07-09,100,0,pass
INS00001162,QI-20260710-01162,WO000291,P023,PR06,2026-07-10,150,8,fail
INS00001163,QI-20260711-01163,WO000291,P023,PR07,2026-07-11,150,7,fail
INS00001164,QI-20260711-01164,WO000291,P023,PR08,2026-07-11,150,1,pass
INS00001165,QI-20260709-01165,WO000292,P014,PR03,2026-07-09,100,1,pass
INS00001166,QI-20260710-01166,WO000292,P014,PR06,2026-07-10,100,6,fail
INS00001167,QI-20260711-01167,WO000292,P014,PR07,2026-07-11,100,4,fail
INS00001168,QI-20260711-01168,WO000292,P014,PR08,2026-07-11,80,1,pass
INS00001169,QI-20260709-01169,WO000293,P019,PR03,2026-07-09,200,1,pass
INS00001170,QI-20260710-01170,WO000293,P019,PR06,2026-07-10,200,9,fail
INS00001171,QI-20260711-01171,WO000293,P019,PR07,2026-07-11,80,3,fail
INS00001172,QI-20260711-01172,WO000293,P019,PR08,2026-07-11,200,1,pass
INS00001173,QI-20260709-01173,WO000294,P024,PR03,2026-07-09,80,0,pass
INS00001174,QI-20260710-01174,WO000294,P024,PR06,2026-07-10,200,11,fail
INS00001175,QI-20260711-01175,WO000294,P024,PR07,2026-07-11,150,6,fail
INS00001176,QI-20260711-01176,WO000294,P024,PR08,2026-07-11,120,1,pass
INS00001177,QI-20260709-01177,WO000295,P017,PR03,2026-07-09,80,1,pass
INS00001178,QI-20260710-01178,WO000295,P017,PR06,2026-07-10,150,7,fail
INS00001179,QI-20260711-01179,WO000295,P017,PR07,2026-07-11,100,6,fail
INS00001180,QI-20260711-01180,WO000295,P017,PR08,2026-07-11,100,1,pass
INS00001181,QI-20260709-01181,WO000296,P014,PR03,2026-07-09,80,1,pass
INS00001182,QI-20260710-01182,WO000296,P014,PR06,2026-07-10,120,6,fail
INS00001183,QI-20260711-01183,WO000296,P014,PR07,2026-07-11,80,4,fail
INS00001184,QI-20260711-01184,WO000296,P014,PR08,2026-07-11,80,1,pass
INS00001185,QI-20260710-01185,WO000297,P023,PR03,2026-07-10,200,2,pass
INS00001186,QI-20260711-01186,WO000297,P023,PR06,2026-07-11,100,5,fail
INS00001187,QI-20260712-01187,WO000297,P023,PR07,2026-07-12,150,5,pass
INS00001188,QI-20260712-01188,WO000297,P023,PR08,2026-07-12,100,0,pass
INS00001189,QI-20260710-01189,WO000298,P026,PR03,2026-07-10,80,1,pass
INS00001190,QI-20260711-01190,WO000298,P026,PR06,2026-07-11,120,7,fail
INS00001191,QI-20260712-01191,WO000298,P026,PR07,2026-07-12,200,14,fail
INS00001192,QI-20260712-01192,WO000298,P026,PR08,2026-07-12,80,1,pass
INS00001193,QI-20260710-01193,WO000299,P027,PR03,2026-07-10,100,1,pass
INS00001194,QI-20260711-01194,WO000299,P027,PR06,2026-07-11,120,5,fail
INS00001195,QI-20260712-01195,WO000299,P027,PR07,2026-07-12,120,6,fail
INS00001196,QI-20260712-01196,WO000299,P027,PR08,2026-07-12,200,1,pass
INS00001197,QI-20260710-01197,WO000300,P011,PR03,2026-07-10,80,1,pass
INS00001198,QI-20260711-01198,WO000300,P011,PR06,2026-07-11,80,4,fail
INS00001199,QI-20260712-01199,WO000300,P011,PR07,2026-07-12,200,12,fail
INS00001200,QI-20260712-01200,WO000300,P011,PR08,2026-07-12,120,2,pass
INS00001201,QI-20260710-01201,WO000301,P016,PR03,2026-07-10,120,2,pass
INS00001202,QI-20260711-01202,WO000301,P016,PR06,2026-07-11,80,4,fail
INS00001203,QI-20260712-01203,WO000301,P016,PR07,2026-07-12,200,10,fail
INS00001204,QI-20260712-01204,WO000301,P016,PR08,2026-07-12,120,1,pass
INS00001205,QI-20260710-01205,WO000302,P021,PR03,2026-07-10,120,2,pass
INS00001206,QI-20260711-01206,WO000302,P021,PR06,2026-07-11,80,4,fail
INS00001207,QI-20260712-01207,WO000302,P021,PR07,2026-07-12,200,13,fail
INS00001208,QI-20260712-01208,WO000302,P021,PR08,2026-07-12,120,2,pass
INS00001209,QI-20260711-01209,WO000303,P018,PR03,2026-07-11,200,1,pass
INS00001210,QI-20260712-01210,WO000303,P018,PR06,2026-07-12,200,10,fail
INS00001211,QI-20260713-01211,WO000303,P018,PR07,2026-07-13,200,8,fail
INS00001212,QI-20260713-01212,WO000303,P018,PR08,2026-07-13,200,1,pass
INS00001213,QI-20260711-01213,WO000304,P027,PR03,2026-07-11,120,0,pass
INS00001214,QI-20260712-01214,WO000304,P027,PR06,2026-07-12,200,9,fail
INS00001215,QI-20260713-01215,WO000304,P027,PR07,2026-07-13,200,9,fail
INS00001216,QI-20260713-01216,WO000304,P027,PR08,2026-07-13,100,1,pass
INS00001217,QI-20260711-01217,WO000305,P018,PR03,2026-07-11,80,1,pass
INS00001218,QI-20260712-01218,WO000305,P018,PR06,2026-07-12,200,10,fail
INS00001219,QI-20260713-01219,WO000305,P018,PR07,2026-07-13,150,6,fail
INS00001220,QI-20260713-01220,WO000305,P018,PR08,2026-07-13,200,1,pass
INS00001221,QI-20260711-01221,WO000306,P019,PR03,2026-07-11,80,2,pass
INS00001222,QI-20260712-01222,WO000306,P019,PR06,2026-07-12,200,9,fail
INS00001223,QI-20260713-01223,WO000306,P019,PR07,2026-07-13,80,5,fail
INS00001224,QI-20260713-01224,WO000306,P019,PR08,2026-07-13,80,2,pass
INS00001225,QI-20260711-01225,WO000307,P025,PR03,2026-07-11,80,0,pass
INS00001226,QI-20260712-01226,WO000307,P025,PR06,2026-07-12,80,3,fail
INS00001227,QI-20260713-01227,WO000307,P025,PR07,2026-07-13,200,9,fail
INS00001228,QI-20260713-01228,WO000307,P025,PR08,2026-07-13,200,1,pass
INS00001229,QI-20260711-01229,WO000308,P002,PR03,2026-07-11,200,1,pass
INS00001230,QI-20260712-01230,WO000308,P002,PR06,2026-07-12,120,7,fail
INS00001231,QI-20260713-01231,WO000308,P002,PR07,2026-07-13,80,3,fail
INS00001232,QI-20260713-01232,WO000308,P002,PR08,2026-07-13,100,0,pass
INS00001233,QI-20260711-01233,WO000309,P008,PR03,2026-07-11,120,1,pass
INS00001234,QI-20260712-01234,WO000309,P008,PR06,2026-07-12,80,4,fail
INS00001235,QI-20260713-01235,WO000309,P008,PR07,2026-07-13,100,4,fail
INS00001236,QI-20260713-01236,WO000309,P008,PR08,2026-07-13,150,1,pass
INS00001237,QI-20260711-01237,WO000310,P014,PR03,2026-07-11,100,2,pass
INS00001238,QI-20260712-01238,WO000310,P014,PR06,2026-07-12,200,11,fail
INS00001239,QI-20260713-01239,WO000310,P014,PR07,2026-07-13,150,8,fail
INS00001240,QI-20260713-01240,WO000310,P014,PR08,2026-07-13,120,3,pass
INS00001241,QI-20260711-01241,WO000311,P012,PR03,2026-07-11,200,1,pass
INS00001242,QI-20260712-01242,WO000311,P012,PR06,2026-07-12,150,10,fail
INS00001243,QI-20260713-01243,WO000311,P012,PR07,2026-07-13,200,11,fail
INS00001244,QI-20260713-01244,WO000311,P012,PR08,2026-07-13,80,1,pass
INS00001245,QI-20260711-01245,WO000312,P017,PR03,2026-07-11,200,2,pass
INS00001246,QI-20260712-01246,WO000312,P017,PR06,2026-07-12,200,12,fail
INS00001247,QI-20260713-01247,WO000312,P017,PR07,2026-07-13,120,5,fail
INS00001248,QI-20260713-01248,WO000312,P017,PR08,2026-07-13,150,1,pass
INS00001249,QI-20260712-01249,WO000313,P011,PR03,2026-07-12,100,0,pass
INS00001250,QI-20260713-01250,WO000313,P011,PR06,2026-07-13,120,5,fail
INS00001251,QI-20260714-01251,WO000313,P011,PR07,2026-07-14,200,6,pass
INS00001252,QI-20260714-01252,WO000313,P011,PR08,2026-07-14,150,1,pass
INS00001253,QI-20260712-01253,WO000314,P020,PR03,2026-07-12,100,1,pass
INS00001254,QI-20260713-01254,WO000314,P020,PR06,2026-07-13,150,8,fail
INS00001255,QI-20260714-01255,WO000314,P020,PR07,2026-07-14,120,7,fail
INS00001256,QI-20260714-01256,WO000314,P020,PR08,2026-07-14,200,3,pass
INS00001257,QI-20260712-01257,WO000315,P019,PR03,2026-07-12,200,2,pass
INS00001258,QI-20260713-01258,WO000315,P019,PR06,2026-07-13,80,4,fail
INS00001259,QI-20260714-01259,WO000315,P019,PR07,2026-07-14,150,8,fail
INS00001260,QI-20260714-01260,WO000315,P019,PR08,2026-07-14,200,1,pass
INS00001261,QI-20260712-01261,WO000316,P004,PR03,2026-07-12,100,1,pass
INS00001262,QI-20260713-01262,WO000316,P004,PR06,2026-07-13,120,7,fail
INS00001263,QI-20260714-01263,WO000316,P004,PR07,2026-07-14,200,11,fail
INS00001264,QI-20260714-01264,WO000316,P004,PR08,2026-07-14,200,3,pass
INS00001265,QI-20260712-01265,WO000317,P025,PR03,2026-07-12,150,1,pass
INS00001266,QI-20260713-01266,WO000317,P025,PR06,2026-07-13,100,5,fail
INS00001267,QI-20260714-01267,WO000317,P025,PR07,2026-07-14,150,7,fail
INS00001268,QI-20260714-01268,WO000317,P025,PR08,2026-07-14,120,0,pass
INS00001269,QI-20260712-01269,WO000318,P001,PR03,2026-07-12,150,1,pass
INS00001270,QI-20260713-01270,WO000318,P001,PR06,2026-07-13,150,8,fail
INS00001271,QI-20260714-01271,WO000318,P001,PR07,2026-07-14,120,6,fail
INS00001272,QI-20260714-01272,WO000318,P001,PR08,2026-07-14,100,0,pass
INS00001273,QI-20260712-01273,WO000319,P024,PR03,2026-07-12,80,0,pass
INS00001274,QI-20260713-01274,WO000319,P024,PR06,2026-07-13,100,5,fail
INS00001275,QI-20260714-01275,WO000319,P024,PR07,2026-07-14,150,7,fail
INS00001276,QI-20260714-01276,WO000319,P024,PR08,2026-07-14,120,1,pass
INS00001277,QI-20260712-01277,WO000320,P020,PR03,2026-07-12,100,1,pass
INS00001278,QI-20260713-01278,WO000320,P020,PR06,2026-07-13,200,15,fail
INS00001279,QI-20260714-01279,WO000320,P020,PR07,2026-07-14,150,8,fail
INS00001280,QI-20260714-01280,WO000320,P020,PR08,2026-07-14,150,2,pass
INS00001281,QI-20260713-01281,WO000321,P016,PR03,2026-07-13,100,1,pass
INS00001282,QI-20260714-01282,WO000321,P016,PR06,2026-07-14,200,9,fail
INS00001283,QI-20260715-01283,WO000321,P016,PR07,2026-07-15,80,4,fail
INS00001284,QI-20260715-01284,WO000321,P016,PR08,2026-07-15,150,1,pass
INS00001285,QI-20260713-01285,WO000322,P027,PR03,2026-07-13,120,1,pass
INS00001286,QI-20260714-01286,WO000322,P027,PR06,2026-07-14,150,8,fail
INS00001287,QI-20260715-01287,WO000322,P027,PR07,2026-07-15,120,7,fail
INS00001288,QI-20260715-01288,WO000322,P027,PR08,2026-07-15,80,2,pass
INS00001289,QI-20260713-01289,WO000323,P014,PR03,2026-07-13,100,1,pass
INS00001290,QI-20260714-01290,WO000323,P014,PR06,2026-07-14,80,4,fail
INS00001291,QI-20260715-01291,WO000323,P014,PR07,2026-07-15,150,6,fail
INS00001292,QI-20260715-01292,WO000323,P014,PR08,2026-07-15,120,0,pass
INS00001293,QI-20260713-01293,WO000324,P005,PR03,2026-07-13,100,2,pass
INS00001294,QI-20260714-01294,WO000324,P005,PR06,2026-07-14,100,5,fail
INS00001295,QI-20260715-01295,WO000324,P005,PR07,2026-07-15,80,6,fail
INS00001296,QI-20260715-01296,WO000324,P005,PR08,2026-07-15,100,2,pass
INS00001297,QI-20260713-01297,WO000325,P027,PR03,2026-07-13,120,1,pass
INS00001298,QI-20260714-01298,WO000325,P027,PR06,2026-07-14,150,8,fail
INS00001299,QI-20260715-01299,WO000325,P027,PR07,2026-07-15,200,11,fail
INS00001300,QI-20260715-01300,WO000325,P027,PR08,2026-07-15,120,0,pass
INS00001301,QI-20260713-01301,WO000326,P003,PR03,2026-07-13,80,1,pass
INS00001302,QI-20260714-01302,WO000326,P003,PR06,2026-07-14,80,4,fail
INS00001303,QI-20260715-01303,WO000326,P003,PR07,2026-07-15,100,5,fail
INS00001304,QI-20260715-01304,WO000326,P003,PR08,2026-07-15,200,2,pass
INS00001305,QI-20260713-01305,WO000327,P009,PR03,2026-07-13,120,1,pass
INS00001306,QI-20260714-01306,WO000327,P009,PR06,2026-07-14,150,8,fail
INS00001307,QI-20260715-01307,WO000327,P009,PR07,2026-07-15,150,9,fail
INS00001308,QI-20260715-01308,WO000327,P009,PR08,2026-07-15,120,1,pass
INS00001309,QI-20260713-01309,WO000328,P015,PR03,2026-07-13,150,1,pass
INS00001310,QI-20260714-01310,WO000328,P015,PR06,2026-07-14,100,4,fail
INS00001311,QI-20260715-01311,WO000328,P015,PR07,2026-07-15,100,5,fail
INS00001312,QI-20260715-01312,WO000328,P015,PR08,2026-07-15,150,1,pass
INS00001313,QI-20260714-01313,WO000329,P021,PR03,2026-07-14,120,2,pass
INS00001314,QI-20260715-01314,WO000329,P021,PR06,2026-07-15,80,5,fail
INS00001315,QI-20260715-01315,WO000329,P021,PR07,2026-07-15,120,6,fail
INS00001316,QI-20260715-01316,WO000329,P021,PR08,2026-07-15,100,2,pass
INS00001317,QI-20260714-01317,WO000330,P028,PR03,2026-07-14,100,0,pass
INS00001318,QI-20260715-01318,WO000330,P028,PR06,2026-07-15,200,11,fail
INS00001319,QI-20260715-01319,WO000330,P028,PR07,2026-07-15,100,5,fail
INS00001320,QI-20260715-01320,WO000330,P028,PR08,2026-07-15,80,1,pass
INS00001321,QI-20260714-01321,WO000331,P025,PR03,2026-07-14,120,1,pass
INS00001322,QI-20260715-01322,WO000331,P025,PR06,2026-07-15,80,4,fail
INS00001323,QI-20260715-01323,WO000331,P025,PR07,2026-07-15,80,4,fail
INS00001324,QI-20260715-01324,WO000331,P025,PR08,2026-07-15,100,0,pass
INS00001325,QI-20260714-01325,WO000332,P006,PR03,2026-07-14,80,1,pass
INS00001326,QI-20260715-01326,WO000332,P006,PR06,2026-07-15,120,7,fail
INS00001327,QI-20260715-01327,WO000332,P006,PR07,2026-07-15,150,8,fail
INS00001328,QI-20260715-01328,WO000332,P006,PR08,2026-07-15,80,1,pass
INS00001329,QI-20260714-01329,WO000333,P024,PR03,2026-07-14,200,2,pass
INS00001330,QI-20260715-01330,WO000333,P024,PR06,2026-07-15,120,6,fail
INS00001331,QI-20260715-01331,WO000333,P024,PR07,2026-07-15,80,3,fail
INS00001332,QI-20260715-01332,WO000333,P024,PR08,2026-07-15,200,2,pass
INS00001333,QI-20260714-01333,WO000334,P001,PR03,2026-07-14,80,1,pass
INS00001334,QI-20260715-01334,WO000334,P001,PR06,2026-07-15,120,6,fail
INS00001335,QI-20260715-01335,WO000334,P001,PR07,2026-07-15,80,4,fail
INS00001336,QI-20260715-01336,WO000334,P001,PR08,2026-07-15,100,1,pass
INS00001337,QI-20260714-01337,WO000335,P005,PR03,2026-07-14,120,1,pass
INS00001338,QI-20260715-01338,WO000335,P005,PR06,2026-07-15,120,8,fail
INS00001339,QI-20260715-01339,WO000335,P005,PR07,2026-07-15,150,7,fail
INS00001340,QI-20260715-01340,WO000335,P005,PR08,2026-07-15,200,1,pass
INS00001341,QI-20260714-01341,WO000336,P024,PR03,2026-07-14,120,1,pass
INS00001342,QI-20260715-01342,WO000336,P024,PR06,2026-07-15,100,6,fail
INS00001343,QI-20260715-01343,WO000336,P024,PR07,2026-07-15,150,6,fail
INS00001344,QI-20260715-01344,WO000336,P024,PR08,2026-07-15,80,1,pass
INS00001345,QI-20260715-01345,WO000337,P003,PR03,2026-07-15,100,1,pass
INS00001346,QI-20260715-01346,WO000337,P003,PR06,2026-07-15,150,9,fail
INS00001347,QI-20260715-01347,WO000337,P003,PR07,2026-07-15,100,5,fail
INS00001348,QI-20260715-01348,WO000337,P003,PR08,2026-07-15,80,1,pass
INS00001349,QI-20260715-01349,WO000338,P016,PR03,2026-07-15,80,0,pass
INS00001350,QI-20260715-01350,WO000338,P016,PR06,2026-07-15,100,5,fail
INS00001351,QI-20260715-01351,WO000338,P016,PR07,2026-07-15,120,6,fail
INS00001352,QI-20260715-01352,WO000338,P016,PR08,2026-07-15,120,1,pass
INS00001353,QI-20260715-01353,WO000339,P007,PR03,2026-07-15,200,1,pass
INS00001354,QI-20260715-01354,WO000339,P007,PR06,2026-07-15,80,5,fail
INS00001355,QI-20260715-01355,WO000339,P007,PR07,2026-07-15,80,5,fail
INS00001356,QI-20260715-01356,WO000339,P007,PR08,2026-07-15,120,2,pass
INS00001357,QI-20260715-01357,WO000340,P008,PR03,2026-07-15,100,0,pass
INS00001358,QI-20260715-01358,WO000340,P008,PR06,2026-07-15,120,6,fail
INS00001359,QI-20260715-01359,WO000340,P008,PR07,2026-07-15,100,4,fail
INS00001360,QI-20260715-01360,WO000340,P008,PR08,2026-07-15,150,1,pass
INS00001361,QI-20260715-01361,WO000341,P011,PR03,2026-07-15,120,2,pass
INS00001362,QI-20260715-01362,WO000341,P011,PR06,2026-07-15,120,7,fail
INS00001363,QI-20260715-01363,WO000341,P011,PR07,2026-07-15,100,5,fail
INS00001364,QI-20260715-01364,WO000341,P011,PR08,2026-07-15,100,2,pass
INS00001365,QI-20260715-01365,WO000342,P010,PR03,2026-07-15,100,2,pass
INS00001366,QI-20260715-01366,WO000342,P010,PR06,2026-07-15,80,4,fail
INS00001367,QI-20260715-01367,WO000342,P010,PR07,2026-07-15,100,5,fail
INS00001368,QI-20260715-01368,WO000342,P010,PR08,2026-07-15,150,3,pass
INS00001369,QI-20260715-01369,WO000343,P016,PR03,2026-07-15,80,1,pass
INS00001370,QI-20260715-01370,WO000343,P016,PR06,2026-07-15,150,7,fail
INS00001371,QI-20260715-01371,WO000343,P016,PR07,2026-07-15,120,5,fail
INS00001372,QI-20260715-01372,WO000343,P016,PR08,2026-07-15,150,1,pass
INS00001373,QI-20260715-01373,WO000344,P007,PR03,2026-07-15,200,1,pass
INS00001374,QI-20260715-01374,WO000344,P007,PR06,2026-07-15,200,11,fail
INS00001375,QI-20260715-01375,WO000344,P007,PR07,2026-07-15,100,5,fail
INS00001376,QI-20260715-01376,WO000344,P007,PR08,2026-07-15,100,1,pass
