defect_id,inspection_id,defect_type,defect_code,defect_qty,severity_level,responsible_process_id
DEF00000001,INS00000001,老化异常,D07,1,major,PR03
DEF00000002,INS00000002,焊点虚焊,D01,1,major,PR06
DEF00000003,INS00000002,偏位,D03,6,major,PR06
DEF00000004,INS00000003,少件,D02,1,critical,PR07
DEF00000005,INS00000003,老化异常,D07,2,major,PR07
DEF00000006,INS00000003,焊点虚焊,D01,1,major,PR07
DEF00000007,INS00000004,焊点虚焊,D01,1,major,PR08
DEF00000008,INS00000005,老化异常,D07,1,major,PR03
DEF00000009,INS00000006,焊点虚焊,D01,6,major,PR06
DEF00000010,INS00000006,少件,D02,2,critical,PR06
DEF00000011,INS00000006,老化异常,D07,1,major,PR06
DEF00000012,INS00000007,偏位,D03,3,major,PR07
DEF00000013,INS00000007,包装破损,D08,1,minor,PR07
DEF00000014,INS00000007,焊点虚焊,D01,2,major,PR07
DEF00000015,INS00000009,标签错误,D06,1,minor,PR03
DEF00000016,INS00000010,标签错误,D06,7,minor,PR06
DEF00000017,INS00000011,标签错误,D06,2,minor,PR07
DEF00000018,INS00000011,老化异常,D07,5,major,PR07
DEF00000019,INS00000011,功能失效,D05,1,critical,PR07
DEF00000020,INS00000012,包装破损,D08,1,minor,PR08
DEF00000021,INS00000013,焊点虚焊,D01,2,major,PR03
DEF00000022,INS00000014,标签错误,D06,7,minor,PR06
DEF00000023,INS00000015,少件,D02,2,critical,PR07
DEF00000024,INS00000015,外观划伤,D04,4,minor,PR07
DEF00000025,INS00000016,少件,D02,1,critical,PR08
DEF00000026,INS00000017,外观划伤,D04,1,minor,PR03
DEF00000027,INS00000018,标签错误,D06,4,minor,PR06
DEF00000028,INS00000019,标签错误,D06,3,minor,PR07
DEF00000029,INS00000019,外观划伤,D04,3,minor,PR07
DEF00000030,INS00000021,老化异常,D07,2,major,PR03
DEF00000031,INS00000022,包装破损,D08,12,minor,PR06
DEF00000032,INS00000023,标签错误,D06,2,minor,PR07
DEF00000033,INS00000023,功能失效,D05,2,critical,PR07
DEF00000034,INS00000023,偏位,D03,1,major,PR07
DEF00000035,INS00000024,焊点虚焊,D01,1,major,PR08
DEF00000036,INS00000025,偏位,D03,1,major,PR03
DEF00000037,INS00000026,偏位,D03,5,major,PR06
DEF00000038,INS00000026,焊点虚焊,D01,5,major,PR06
DEF00000039,INS00000027,功能失效,D05,1,critical,PR07
DEF00000040,INS00000027,少件,D02,3,critical,PR07
DEF00000041,INS00000027,老化异常,D07,1,major,PR07
DEF00000042,INS00000028,少件,D02,1,critical,PR08
DEF00000043,INS00000029,焊点虚焊,D01,1,major,PR03
DEF00000044,INS00000030,老化异常,D07,1,major,PR06
DEF00000045,INS00000030,少件,D02,5,critical,PR06
DEF00000046,INS00000031,老化异常,D07,4,major,PR07
DEF00000047,INS00000032,功能失效,D05,1,critical,PR08
DEF00000048,INS00000034,外观划伤,D04,2,minor,PR06
DEF00000049,INS00000034,老化异常,D07,1,major,PR06
DEF00000050,INS00000034,包装破损,D08,1,minor,PR06
DEF00000051,INS00000035,标签错误,D06,1,minor,PR07
DEF00000052,INS00000035,功能失效,D05,2,critical,PR07
DEF00000053,INS00000038,老化异常,D07,4,major,PR06
DEF00000054,INS00000038,功能失效,D05,1,critical,PR06
DEF00000055,INS00000039,包装破损,D08,4,minor,PR07
DEF00000056,INS00000039,焊点虚焊,D01,1,major,PR07
DEF00000057,INS00000039,老化异常,D07,1,major,PR07
DEF00000058,INS00000040,老化异常,D07,1,major,PR08
DEF00000059,INS00000040,少件,D02,1,critical,PR08
DEF00000060,INS00000041,包装破损,D08,1,minor,PR03
DEF00000061,INS00000042,少件,D02,3,critical,PR06
DEF00000062,INS00000042,标签错误,D06,4,minor,PR06
DEF00000063,INS00000042,偏位,D03,1,major,PR06
DEF00000064,INS00000043,外观划伤,D04,5,minor,PR07
DEF00000065,INS00000044,焊点虚焊,D01,1,major,PR08
DEF00000066,INS00000045,少件,D02,1,critical,PR03
DEF00000067,INS00000046,老化异常,D07,5,major,PR06
DEF00000068,INS00000046,焊点虚焊,D01,2,major,PR06
DEF00000069,INS00000047,外观划伤,D04,2,minor,PR07
DEF00000070,INS00000047,焊点虚焊,D01,1,major,PR07
DEF00000071,INS00000047,包装破损,D08,1,minor,PR07
DEF00000072,INS00000048,焊点虚焊,D01,1,major,PR08
DEF00000073,INS00000049,偏位,D03,2,major,PR03
DEF00000074,INS00000050,功能失效,D05,5,critical,PR06
DEF00000075,INS00000051,偏位,D03,11,major,PR07
DEF00000076,INS00000052,老化异常,D07,2,major,PR08
DEF00000077,INS00000053,老化异常,D07,1,major,PR03
DEF00000078,INS00000053,焊点虚焊,D01,1,major,PR03
DEF00000079,INS00000054,焊点虚焊,D01,2,major,PR06
DEF00000080,INS00000054,标签错误,D06,4,minor,PR06
DEF00000081,INS00000054,少件,D02,1,critical,PR06
DEF00000082,INS00000055,老化异常,D07,1,major,PR07
DEF00000083,INS00000055,偏位,D03,2,major,PR07
DEF00000084,INS00000056,偏位,D03,1,major,PR08
DEF00000085,INS00000056,少件,D02,1,critical,PR08
DEF00000086,INS00000057,少件,D02,1,critical,PR03
DEF00000087,INS00000058,少件,D02,5,critical,PR06
DEF00000088,INS00000059,标签错误,D06,2,minor,PR07
DEF00000089,INS00000059,焊点虚焊,D01,1,major,PR07
DEF00000090,INS00000060,包装破损,D08,1,minor,PR08
DEF00000091,INS00000061,偏位,D03,1,major,PR03
DEF00000092,INS00000062,包装破损,D08,5,minor,PR06
DEF00000093,INS00000063,外观划伤,D04,6,minor,PR07
DEF00000094,INS00000063,老化异常,D07,2,major,PR07
DEF00000095,INS00000063,少件,D02,2,critical,PR07
DEF00000096,INS00000064,偏位,D03,1,major,PR08
DEF00000097,INS00000065,老化异常,D07,1,major,PR03
DEF00000098,INS00000065,焊点虚焊,D01,1,major,PR03
DEF00000099,INS00000066,外观划伤,D04,1,minor,PR06
DEF00000100,INS00000066,标签错误,D06,3,minor,PR06
DEF00000101,INS00000066,焊点虚焊,D01,1,major,PR06
DEF00000102,INS00000067,外观划伤,D04,6,minor,PR07
DEF00000103,INS00000069,功能失效,D05,1,critical,PR03
DEF00000104,INS00000069,偏位,D03,1,major,PR03
DEF00000105,INS00000069,老化异常,D07,1,major,PR03
DEF00000106,INS00000070,焊点虚焊,D01,6,major,PR06
DEF00000107,INS00000071,偏位,D03,5,major,PR07
DEF00000108,INS00000072,焊点虚焊,D01,1,major,PR08
DEF00000109,INS00000073,标签错误,D06,1,minor,PR03
DEF00000110,INS00000074,外观划伤,D04,7,minor,PR06
DEF00000111,INS00000075,包装破损,D08,6,minor,PR07
DEF00000112,INS00000076,包装破损,D08,1,minor,PR08
DEF00000113,INS00000078,包装破损,D08,2,minor,PR06
DEF00000114,INS00000078,标签错误,D06,2,minor,PR06
DEF00000115,INS00000079,老化异常,D07,6,major,PR07
DEF00000116,INS00000080,功能失效,D05,1,critical,PR08
DEF00000117,INS00000081,偏位,D03,1,major,PR03
DEF00000118,INS00000082,包装破损,D08,7,minor,PR06
DEF00000119,INS00000082,少件,D02,1,critical,PR06
DEF00000120,INS00000082,偏位,D03,1,major,PR06
DEF00000121,INS00000083,偏位,D03,1,major,PR07
DEF00000122,INS00000083,老化异常,D07,3,major,PR07
DEF00000123,INS00000083,标签错误,D06,1,minor,PR07
DEF00000124,INS00000084,焊点虚焊,D01,1,major,PR08
DEF00000125,INS00000085,包装破损,D08,1,minor,PR03
DEF00000126,INS00000086,焊点虚焊,D01,4,major,PR06
DEF00000127,INS00000087,包装破损,D08,6,minor,PR07
DEF00000128,INS00000088,包装破损,D08,1,minor,PR08
DEF00000129,INS00000089,老化异常,D07,1,major,PR03
DEF00000130,INS00000089,标签错误,D06,1,minor,PR03
DEF00000131,INS00000089,功能失效,D05,1,critical,PR03
DEF00000132,INS00000090,老化异常,D07,4,major,PR06
DEF00000133,INS00000090,偏位,D03,1,major,PR06
DEF00000134,INS00000090,功能失效,D05,2,critical,PR06
DEF00000135,INS00000091,焊点虚焊,D01,1,major,PR07
DEF00000136,INS00000091,老化异常,D07,4,major,PR07
DEF00000137,INS00000092,标签错误,D06,1,minor,PR08
DEF00000138,INS00000092,焊点虚焊,D01,1,major,PR08
DEF00000139,INS00000092,少件,D02,1,critical,PR08
DEF00000140,INS00000093,外观划伤,D04,1,minor,PR03
DEF00000141,INS00000094,标签错误,D06,1,minor,PR06
DEF00000142,INS00000094,老化异常,D07,5,major,PR06
DEF00000143,INS00000095,包装破损,D08,7,minor,PR07
DEF00000144,INS00000096,偏位,D03,1,major,PR08
DEF00000145,INS00000098,少件,D02,2,critical,PR06
DEF00000146,INS00000098,老化异常,D07,1,major,PR06
DEF00000147,INS00000098,功能失效,D05,1,critical,PR06
DEF00000148,INS00000099,少件,D02,4,critical,PR07
DEF00000149,INS00000100,偏位,D03,1,major,PR08
DEF00000150,INS00000101,功能失效,D05,2,critical,PR03
DEF00000151,INS00000102,焊点虚焊,D01,7,major,PR06
DEF00000152,INS00000102,外观划伤,D04,3,minor,PR06
DEF00000153,INS00000103,标签错误,D06,10,minor,PR07
DEF00000154,INS00000104,标签错误,D06,1,minor,PR08
DEF00000155,INS00000105,包装破损,D08,2,minor,PR03
DEF00000156,INS00000106,少件,D02,2,critical,PR06
DEF00000157,INS00000106,标签错误,D06,5,minor,PR06
DEF00000158,INS00000107,标签错误,D06,4,minor,PR07
DEF00000159,INS00000108,偏位,D03,1,major,PR08
DEF00000160,INS00000110,少件,D02,7,critical,PR06
DEF00000161,INS00000111,外观划伤,D04,2,minor,PR07
DEF00000162,INS00000111,包装破损,D08,1,minor,PR07
DEF00000163,INS00000112,少件,D02,1,critical,PR08
DEF00000164,INS00000113,外观划伤,D04,1,minor,PR03
DEF00000165,INS00000114,功能失效,D05,3,critical,PR06
DEF00000166,INS00000114,老化异常,D07,3,major,PR06
DEF00000167,INS00000115,功能失效,D05,2,critical,PR07
DEF00000168,INS00000115,标签错误,D06,1,minor,PR07
DEF00000169,INS00000115,老化异常,D07,2,major,PR07
DEF00000170,INS00000116,标签错误,D06,1,minor,PR08
DEF00000171,INS00000117,少件,D02,1,critical,PR03
DEF00000172,INS00000118,老化异常,D07,7,major,PR06
DEF00000173,INS00000118,焊点虚焊,D01,2,major,PR06
DEF00000174,INS00000119,偏位,D03,7,major,PR07
DEF00000175,INS00000120,包装破损,D08,1,minor,PR08
DEF00000176,INS00000121,少件,D02,2,critical,PR03
DEF00000177,INS00000122,包装破损,D08,6,minor,PR06
DEF00000178,INS00000122,功能失效,D05,5,critical,PR06
DEF00000179,INS00000123,偏位,D03,7,major,PR07
DEF00000180,INS00000124,少件,D02,1,critical,PR08
DEF00000181,INS00000125,标签错误,D06,2,minor,PR03
DEF00000182,INS00000126,标签错误,D06,7,minor,PR06
DEF00000183,INS00000126,焊点虚焊,D01,1,major,PR06
DEF00000184,INS00000127,偏位,D03,3,major,PR07
DEF00000185,INS00000127,少件,D02,4,critical,PR07
DEF00000186,INS00000127,外观划伤,D04,2,minor,PR07
DEF00000187,INS00000129,少件,D02,1,critical,PR03
DEF00000188,INS00000130,外观划伤,D04,2,minor,PR06
DEF00000189,INS00000130,少件,D02,6,critical,PR06
DEF00000190,INS00000131,焊点虚焊,D01,4,major,PR07
DEF00000191,INS00000133,外观划伤,D04,2,minor,PR03
DEF00000192,INS00000134,焊点虚焊,D01,5,major,PR06
DEF00000193,INS00000135,偏位,D03,2,major,PR07
DEF00000194,INS00000135,少件,D02,2,critical,PR07
DEF00000195,INS00000135,包装破损,D08,1,minor,PR07
DEF00000196,INS00000136,老化异常,D07,1,major,PR08
DEF00000197,INS00000137,功能失效,D05,1,critical,PR03
DEF00000198,INS00000138,功能失效,D05,8,critical,PR06
DEF00000199,INS00000139,外观划伤,D04,4,minor,PR07
DEF00000200,INS00000139,标签错误,D06,2,minor,PR07
DEF00000201,INS00000139,老化异常,D07,1,major,PR07
DEF00000202,INS00000140,偏位,D03,2,major,PR08
DEF00000203,INS00000141,老化异常,D07,1,major,PR03
DEF00000204,INS00000142,包装破损,D08,5,minor,PR06
DEF00000205,INS00000143,功能失效,D05,3,critical,PR07
DEF00000206,INS00000143,少件,D02,1,critical,PR07
DEF00000207,INS00000143,老化异常,D07,1,major,PR07
DEF00000208,INS00000144,偏位,D03,1,major,PR08
DEF00000209,INS00000145,功能失效,D05,1,critical,PR03
DEF00000210,INS00000145,少件,D02,1,critical,PR03
DEF00000211,INS00000146,少件,D02,4,critical,PR06
DEF00000212,INS00000147,包装破损,D08,8,minor,PR07
DEF00000213,INS00000148,外观划伤,D04,1,minor,PR08
DEF00000214,INS00000149,焊点虚焊,D01,2,major,PR03
DEF00000215,INS00000150,外观划伤,D04,4,minor,PR06
DEF00000216,INS00000150,偏位,D03,10,major,PR06
DEF00000217,INS00000151,包装破损,D08,5,minor,PR07
DEF00000218,INS00000151,老化异常,D07,1,major,PR07
DEF00000219,INS00000151,焊点虚焊,D01,6,major,PR07
DEF00000220,INS00000152,偏位,D03,1,major,PR08
DEF00000221,INS00000153,老化异常,D07,1,major,PR03
DEF00000222,INS00000153,少件,D02,1,critical,PR03
DEF00000223,INS00000154,老化异常,D07,3,major,PR06
DEF00000224,INS00000154,偏位,D03,3,major,PR06
DEF00000225,INS00000155,焊点虚焊,D01,5,major,PR07
DEF00000226,INS00000156,偏位,D03,2,major,PR08
DEF00000227,INS00000157,标签错误,D06,1,minor,PR03
DEF00000228,INS00000157,焊点虚焊,D01,1,major,PR03
DEF00000229,INS00000158,标签错误,D06,1,minor,PR06
DEF00000230,INS00000158,偏位,D03,3,major,PR06
DEF00000231,INS00000158,包装破损,D08,1,minor,PR06
DEF00000232,INS00000159,焊点虚焊,D01,2,major,PR07
DEF00000233,INS00000159,标签错误,D06,2,minor,PR07
DEF00000234,INS00000159,偏位,D03,3,major,PR07
DEF00000235,INS00000160,功能失效,D05,1,critical,PR08
DEF00000236,INS00000161,焊点虚焊,D01,2,major,PR03
DEF00000237,INS00000162,少件,D02,9,critical,PR06
DEF00000238,INS00000162,外观划伤,D04,1,minor,PR06
DEF00000239,INS00000162,焊点虚焊,D01,2,major,PR06
DEF00000240,INS00000163,少件,D02,8,critical,PR07
DEF00000241,INS00000164,外观划伤,D04,1,minor,PR08
DEF00000242,INS00000164,包装破损,D08,1,minor,PR08
DEF00000243,INS00000165,标签错误,D06,1,minor,PR03
DEF00000244,INS00000166,焊点虚焊,D01,8,major,PR06
DEF00000245,INS00000167,焊点虚焊,D01,1,major,PR07
DEF00000246,INS00000167,包装破损,D08,3,minor,PR07
DEF00000247,INS00000168,标签错误,D06,1,minor,PR08
DEF00000248,INS00000169,包装破损,D08,1,minor,PR03
DEF00000249,INS00000170,老化异常,D07,6,major,PR06
DEF00000250,INS00000171,功能失效,D05,1,critical,PR07
DEF00000251,INS00000171,包装破损,D08,7,minor,PR07
DEF00000252,INS00000171,偏位,D03,2,major,PR07
DEF00000253,INS00000172,偏位,D03,2,major,PR08
DEF00000254,INS00000173,外观划伤,D04,1,minor,PR03
DEF00000255,INS00000173,焊点虚焊,D01,1,major,PR03
DEF00000256,INS00000173,老化异常,D07,1,major,PR03
DEF00000257,INS00000174,标签错误,D06,4,minor,PR06
DEF00000258,INS00000174,老化异常,D07,5,major,PR06
DEF00000259,INS00000175,外观划伤,D04,7,minor,PR07
DEF00000260,INS00000176,焊点虚焊,D01,2,major,PR08
DEF00000261,INS00000177,标签错误,D06,2,minor,PR03
DEF00000262,INS00000178,包装破损,D08,2,minor,PR06
DEF00000263,INS00000178,外观划伤,D04,1,minor,PR06
DEF00000264,INS00000178,老化异常,D07,3,major,PR06
DEF00000265,INS00000179,焊点虚焊,D01,1,major,PR07
DEF00000266,INS00000179,外观划伤,D04,3,minor,PR07
DEF00000267,INS00000180,偏位,D03,1,major,PR08
DEF00000268,INS00000180,标签错误,D06,1,minor,PR08
DEF00000269,INS00000181,老化异常,D07,1,major,PR03
DEF00000270,INS00000182,标签错误,D06,3,minor,PR06
DEF00000271,INS00000183,少件,D02,1,critical,PR07
DEF00000272,INS00000183,老化异常,D07,5,major,PR07
DEF00000273,INS00000183,偏位,D03,2,major,PR07
DEF00000274,INS00000184,标签错误,D06,1,minor,PR08
DEF00000275,INS00000185,外观划伤,D04,1,minor,PR03
DEF00000276,INS00000186,老化异常,D07,1,major,PR06
DEF00000277,INS00000186,焊点虚焊,D01,2,major,PR06
DEF00000278,INS00000187,少件,D02,1,critical,PR07
DEF00000279,INS00000187,外观划伤,D04,3,minor,PR07
DEF00000280,INS00000188,少件,D02,1,critical,PR08
DEF00000281,INS00000189,少件,D02,1,critical,PR03
DEF00000282,INS00000190,焊点虚焊,D01,3,major,PR06
DEF00000283,INS00000190,包装破损,D08,1,minor,PR06
DEF00000284,INS00000190,少件,D02,3,critical,PR06
DEF00000285,INS00000191,功能失效,D05,3,critical,PR07
DEF00000286,INS00000192,外观划伤,D04,1,minor,PR08
DEF00000287,INS00000192,偏位,D03,1,major,PR08
DEF00000288,INS00000193,老化异常,D07,1,major,PR03
DEF00000289,INS00000193,标签错误,D06,1,minor,PR03
DEF00000290,INS00000194,标签错误,D06,4,minor,PR06
DEF00000291,INS00000194,包装破损,D08,1,minor,PR06
DEF00000292,INS00000194,外观划伤,D04,1,minor,PR06
DEF00000293,INS00000195,焊点虚焊,D01,1,major,PR07
DEF00000294,INS00000195,偏位,D03,1,major,PR07
DEF00000295,INS00000195,功能失效,D05,1,critical,PR07
DEF00000296,INS00000196,标签错误,D06,3,minor,PR08
DEF00000297,INS00000198,外观划伤,D04,2,minor,PR06
DEF00000298,INS00000198,包装破损,D08,1,minor,PR06
DEF00000299,INS00000198,焊点虚焊,D01,3,major,PR06
DEF00000300,INS00000199,老化异常,D07,1,major,PR07
DEF00000301,INS00000199,包装破损,D08,2,minor,PR07
DEF00000302,INS00000200,偏位,D03,1,major,PR08
DEF00000303,INS00000202,少件,D02,1,critical,PR06
DEF00000304,INS00000202,外观划伤,D04,2,minor,PR06
DEF00000305,INS00000203,焊点虚焊,D01,1,major,PR07
DEF00000306,INS00000203,标签错误,D06,4,minor,PR07
DEF00000307,INS00000204,偏位,D03,1,major,PR08
DEF00000308,INS00000205,老化异常,D07,1,major,PR03
DEF00000309,INS00000206,焊点虚焊,D01,3,major,PR06
DEF00000310,INS00000206,偏位,D03,9,major,PR06
DEF00000311,INS00000207,老化异常,D07,1,major,PR07
DEF00000312,INS00000207,少件,D02,3,critical,PR07
DEF00000313,INS00000208,包装破损,D08,3,minor,PR08
DEF00000314,INS00000208,少件,D02,1,critical,PR08
DEF00000315,INS00000209,老化异常,D07,1,major,PR03
DEF00000316,INS00000210,老化异常,D07,2,major,PR06
DEF00000317,INS00000210,标签错误,D06,1,minor,PR06
DEF00000318,INS00000210,外观划伤,D04,2,minor,PR06
DEF00000319,INS00000211,包装破损,D08,3,minor,PR07
DEF00000320,INS00000211,外观划伤,D04,1,minor,PR07
DEF00000321,INS00000211,标签错误,D06,1,minor,PR07
DEF00000322,INS00000212,老化异常,D07,1,major,PR08
DEF00000323,INS00000213,包装破损,D08,1,minor,PR03
DEF00000324,INS00000213,少件,D02,1,critical,PR03
DEF00000325,INS00000214,标签错误,D06,3,minor,PR06
DEF00000326,INS00000214,少件,D02,2,critical,PR06
DEF00000327,INS00000215,包装破损,D08,10,minor,PR07
DEF00000328,INS00000216,偏位,D03,1,major,PR08
DEF00000329,INS00000216,功能失效,D05,1,critical,PR08
DEF00000330,INS00000217,老化异常,D07,1,major,PR03
DEF00000331,INS00000217,焊点虚焊,D01,1,major,PR03
DEF00000332,INS00000218,少件,D02,4,critical,PR06
DEF00000333,INS00000219,焊点虚焊,D01,2,major,PR07
DEF00000334,INS00000219,少件,D02,2,critical,PR07
DEF00000335,INS00000219,标签错误,D06,9,minor,PR07
DEF00000336,INS00000220,功能失效,D05,1,critical,PR08
DEF00000337,INS00000220,老化异常,D07,1,major,PR08
DEF00000338,INS00000221,老化异常,D07,3,major,PR03
DEF00000339,INS00000222,焊点虚焊,D01,1,major,PR06
DEF00000340,INS00000222,偏位,D03,1,major,PR06
DEF00000341,INS00000222,少件,D02,3,critical,PR06
DEF00000342,INS00000223,标签错误,D06,1,minor,PR07
DEF00000343,INS00000223,偏位,D03,4,major,PR07
DEF00000344,INS00000224,标签错误,D06,2,minor,PR08
DEF00000345,INS00000225,偏位,D03,1,major,PR03
DEF00000346,INS00000226,少件,D02,1,critical,PR06
DEF00000347,INS00000226,包装破损,D08,4,minor,PR06
DEF00000348,INS00000227,偏位,D03,3,major,PR07
DEF00000349,INS00000227,老化异常,D07,2,major,PR07
DEF00000350,INS00000229,功能失效,D05,1,critical,PR03
DEF00000351,INS00000230,标签错误,D06,3,minor,PR06
DEF00000352,INS00000230,焊点虚焊,D01,1,major,PR06
DEF00000353,INS00000230,少件,D02,1,critical,PR06
DEF00000354,INS00000231,焊点虚焊,D01,6,major,PR07
DEF00000355,INS00000232,少件,D02,1,critical,PR08
DEF00000356,INS00000233,包装破损,D08,1,minor,PR03
DEF00000357,INS00000233,少件,D02,1,critical,PR03
DEF00000358,INS00000234,包装破损,D08,2,minor,PR06
DEF00000359,INS00000234,老化异常,D07,1,major,PR06
DEF00000360,INS00000234,功能失效,D05,1,critical,PR06
DEF00000361,INS00000235,老化异常,D07,5,major,PR07
DEF00000362,INS00000235,标签错误,D06,1,minor,PR07
DEF00000363,INS00000236,包装破损,D08,1,minor,PR08
DEF00000364,INS00000237,标签错误,D06,1,minor,PR03
DEF00000365,INS00000238,老化异常,D07,8,major,PR06
DEF00000366,INS00000239,功能失效,D05,5,critical,PR07
DEF00000367,INS00000239,少件,D02,2,critical,PR07
DEF00000368,INS00000240,标签错误,D06,1,minor,PR08
DEF00000369,INS00000242,功能失效,D05,6,critical,PR06
DEF00000370,INS00000243,偏位,D03,2,major,PR07
DEF00000371,INS00000243,标签错误,D06,3,minor,PR07
DEF00000372,INS00000244,外观划伤,D04,1,minor,PR08
DEF00000373,INS00000246,包装破损,D08,3,minor,PR06
DEF00000374,INS00000247,功能失效,D05,4,critical,PR07
DEF00000375,INS00000249,包装破损,D08,1,minor,PR03
DEF00000376,INS00000250,少件,D02,8,critical,PR06
DEF00000377,INS00000251,外观划伤,D04,4,minor,PR07
DEF00000378,INS00000251,功能失效,D05,3,critical,PR07
DEF00000379,INS00000251,少件,D02,1,critical,PR07
DEF00000380,INS00000252,老化异常,D07,1,major,PR08
DEF00000381,INS00000253,外观划伤,D04,1,minor,PR03
DEF00000382,INS00000254,老化异常,D07,1,major,PR06
DEF00000383,INS00000254,焊点虚焊,D01,9,major,PR06
DEF00000384,INS00000255,少件,D02,5,critical,PR07
DEF00000385,INS00000256,标签错误,D06,2,minor,PR08
DEF00000386,INS00000257,老化异常,D07,1,major,PR03
DEF00000387,INS00000258,包装破损,D08,1,minor,PR06
DEF00000388,INS00000258,少件,D02,9,critical,PR06
DEF00000389,INS00000259,包装破损,D08,2,minor,PR07
DEF00000390,INS00000259,老化异常,D07,3,major,PR07
DEF00000391,INS00000261,功能失效,D05,1,critical,PR03
DEF00000392,INS00000261,标签错误,D06,1,minor,PR03
DEF00000393,INS00000262,包装破损,D08,5,minor,PR06
DEF00000394,INS00000262,外观划伤,D04,2,minor,PR06
DEF00000395,INS00000263,偏位,D03,4,major,PR07
DEF00000396,INS00000263,标签错误,D06,5,minor,PR07
DEF00000397,INS00000263,焊点虚焊,D01,2,major,PR07
DEF00000398,INS00000264,外观划伤,D04,1,minor,PR08
DEF00000399,INS00000264,包装破损,D08,1,minor,PR08
DEF00000400,INS00000265,少件,D02,3,critical,PR03
DEF00000401,INS00000266,偏位,D03,4,major,PR06
DEF00000402,INS00000266,老化异常,D07,3,major,PR06
DEF00000403,INS00000267,包装破损,D08,5,minor,PR07
DEF00000404,INS00000268,焊点虚焊,D01,2,major,PR08
DEF00000405,INS00000269,包装破损,D08,2,minor,PR03
DEF00000406,INS00000270,外观划伤,D04,1,minor,PR06
DEF00000407,INS00000270,焊点虚焊,D01,3,major,PR06
DEF00000408,INS00000271,标签错误,D06,3,minor,PR07
DEF00000409,INS00000271,功能失效,D05,1,critical,PR07
DEF00000410,INS00000272,外观划伤,D04,1,minor,PR08
DEF00000411,INS00000272,老化异常,D07,2,major,PR08
DEF00000412,INS00000273,偏位,D03,2,major,PR03
DEF00000413,INS00000273,包装破损,D08,1,minor,PR03
DEF00000414,INS00000274,标签错误,D06,1,minor,PR06
DEF00000415,INS00000274,外观划伤,D04,1,minor,PR06
DEF00000416,INS00000274,包装破损,D08,5,minor,PR06
DEF00000417,INS00000275,焊点虚焊,D01,4,major,PR07
DEF00000418,INS00000276,焊点虚焊,D01,1,major,PR08
DEF00000419,INS00000276,包装破损,D08,1,minor,PR08
DEF00000420,INS00000277,少件,D02,1,critical,PR03
DEF00000421,INS00000278,焊点虚焊,D01,1,major,PR06
DEF00000422,INS00000278,偏位,D03,1,major,PR06
DEF00000423,INS00000278,老化异常,D07,1,major,PR06
DEF00000424,INS00000279,老化异常,D07,4,major,PR07
DEF00000425,INS00000280,焊点虚焊,D01,1,major,PR08
DEF00000426,INS00000281,功能失效,D05,2,critical,PR03
DEF00000427,INS00000282,老化异常,D07,5,major,PR06
DEF00000428,INS00000282,标签错误,D06,2,minor,PR06
DEF00000429,INS00000283,少件,D02,4,critical,PR07
DEF00000430,INS00000283,功能失效,D05,2,critical,PR07
DEF00000431,INS00000283,偏位,D03,6,major,PR07
DEF00000432,INS00000284,功能失效,D05,1,critical,PR08
DEF00000433,INS00000284,标签错误,D06,1,minor,PR08
DEF00000434,INS00000285,少件,D02,1,critical,PR03
DEF00000435,INS00000286,外观划伤,D04,6,minor,PR06
DEF00000436,INS00000287,少件,D02,4,critical,PR07
DEF00000437,INS00000287,偏位,D03,2,major,PR07
DEF00000438,INS00000288,外观划伤,D04,1,minor,PR08
DEF00000439,INS00000288,包装破损,D08,1,minor,PR08
DEF00000440,INS00000288,偏位,D03,1,major,PR08
DEF00000441,INS00000289,老化异常,D07,1,major,PR03
DEF00000442,INS00000289,标签错误,D06,1,minor,PR03
DEF00000443,INS00000290,包装破损,D08,3,minor,PR06
DEF00000444,INS00000290,老化异常,D07,1,major,PR06
DEF00000445,INS00000291,老化异常,D07,5,major,PR07
DEF00000446,INS00000291,包装破损,D08,1,minor,PR07
DEF00000447,INS00000291,外观划伤,D04,1,minor,PR07
DEF00000448,INS00000292,偏位,D03,1,major,PR08
DEF00000449,INS00000293,外观划伤,D04,1,minor,PR03
DEF00000450,INS00000294,包装破损,D08,6,minor,PR06
DEF00000451,INS00000295,外观划伤,D04,2,minor,PR07
DEF00000452,INS00000295,老化异常,D07,2,major,PR07
DEF00000453,INS00000295,包装破损,D08,1,minor,PR07
DEF00000454,INS00000297,功能失效,D05,1,critical,PR03
DEF00000455,INS00000298,少件,D02,6,critical,PR06
DEF00000456,INS00000298,外观划伤,D04,1,minor,PR06
DEF00000457,INS00000299,偏位,D03,1,major,PR07
DEF00000458,INS00000299,外观划伤,D04,5,minor,PR07
DEF00000459,INS00000300,老化异常,D07,1,major,PR08
DEF00000460,INS00000302,包装破损,D08,3,minor,PR06
DEF00000461,INS00000302,外观划伤,D04,3,minor,PR06
DEF00000462,INS00000303,焊点虚焊,D01,2,major,PR07
DEF00000463,INS00000303,偏位,D03,2,major,PR07
DEF00000464,INS00000303,标签错误,D06,1,minor,PR07
DEF00000465,INS00000305,偏位,D03,2,major,PR03
DEF00000466,INS00000306,偏位,D03,6,major,PR06
DEF00000467,INS00000306,老化异常,D07,1,major,PR06
DEF00000468,INS00000307,外观划伤,D04,8,minor,PR07
DEF00000469,INS00000308,包装破损,D08,1,minor,PR08
DEF00000470,INS00000308,标签错误,D06,1,minor,PR08
DEF00000471,INS00000309,偏位,D03,1,major,PR03
DEF00000472,INS00000310,老化异常,D07,2,major,PR06
DEF00000473,INS00000310,功能失效,D05,4,critical,PR06
DEF00000474,INS00000310,焊点虚焊,D01,2,major,PR06
DEF00000475,INS00000311,老化异常,D07,1,major,PR07
DEF00000476,INS00000311,少件,D02,2,critical,PR07
DEF00000477,INS00000311,外观划伤,D04,3,minor,PR07
DEF00000478,INS00000312,少件,D02,2,critical,PR08
DEF00000479,INS00000314,老化异常,D07,3,major,PR06
DEF00000480,INS00000314,外观划伤,D04,3,minor,PR06
DEF00000481,INS00000315,老化异常,D07,8,major,PR07
DEF00000482,INS00000317,外观划伤,D04,1,minor,PR03
DEF00000483,INS00000318,标签错误,D06,2,minor,PR06
DEF00000484,INS00000318,老化异常,D07,1,major,PR06
DEF00000485,INS00000318,包装破损,D08,1,minor,PR06
DEF00000486,INS00000319,外观划伤,D04,5,minor,PR07
DEF00000487,INS00000321,外观划伤,D04,1,minor,PR03
DEF00000488,INS00000322,标签错误,D06,1,minor,PR06
DEF00000489,INS00000322,焊点虚焊,D01,2,major,PR06
DEF00000490,INS00000322,少件,D02,3,critical,PR06
DEF00000491,INS00000323,标签错误,D06,3,minor,PR07
DEF00000492,INS00000323,焊点虚焊,D01,1,major,PR07
DEF00000493,INS00000324,少件,D02,1,critical,PR08
DEF00000494,INS00000325,标签错误,D06,1,minor,PR03
DEF00000495,INS00000326,老化异常,D07,6,major,PR06
DEF00000496,INS00000327,老化异常,D07,1,major,PR07
DEF00000497,INS00000327,少件,D02,5,critical,PR07
DEF00000498,INS00000329,焊点虚焊,D01,1,major,PR03
DEF00000499,INS00000330,外观划伤,D04,6,minor,PR06
DEF00000500,INS00000331,焊点虚焊,D01,6,major,PR07
DEF00000501,INS00000332,老化异常,D07,1,major,PR08
DEF00000502,INS00000333,标签错误,D06,1,minor,PR03
DEF00000503,INS00000334,功能失效,D05,5,critical,PR06
DEF00000504,INS00000335,焊点虚焊,D01,1,major,PR07
DEF00000505,INS00000335,少件,D02,2,critical,PR07
DEF00000506,INS00000337,偏位,D03,1,major,PR03
DEF00000507,INS00000338,包装破损,D08,2,minor,PR06
DEF00000508,INS00000338,标签错误,D06,1,minor,PR06
DEF00000509,INS00000339,功能失效,D05,2,critical,PR07
DEF00000510,INS00000339,标签错误,D06,3,minor,PR07
DEF00000511,INS00000340,焊点虚焊,D01,1,major,PR08
DEF00000512,INS00000341,功能失效,D05,1,critical,PR03
DEF00000513,INS00000342,功能失效,D05,6,critical,PR06
DEF00000514,INS00000342,焊点虚焊,D01,2,major,PR06
DEF00000515,INS00000343,标签错误,D06,2,minor,PR07
DEF00000516,INS00000343,外观划伤,D04,1,minor,PR07
DEF00000517,INS00000343,焊点虚焊,D01,4,major,PR07
DEF00000518,INS00000344,包装破损,D08,1,minor,PR08
DEF00000519,INS00000345,少件,D02,3,critical,PR03
DEF00000520,INS00000346,标签错误,D06,2,minor,PR06
DEF00000521,INS00000346,焊点虚焊,D01,3,major,PR06
DEF00000522,INS00000347,少件,D02,13,critical,PR07
DEF00000523,INS00000348,外观划伤,D04,1,minor,PR08
DEF00000524,INS00000349,标签错误,D06,1,minor,PR03
DEF00000525,INS00000350,焊点虚焊,D01,1,major,PR06
DEF00000526,INS00000350,老化异常,D07,1,major,PR06
DEF00000527,INS00000350,包装破损,D08,1,minor,PR06
DEF00000528,INS00000351,焊点虚焊,D01,1,major,PR07
DEF00000529,INS00000351,老化异常,D07,1,major,PR07
DEF00000530,INS00000351,少件,D02,1,critical,PR07
DEF00000531,INS00000352,外观划伤,D04,1,minor,PR08
DEF00000532,INS00000354,焊点虚焊,D01,1,major,PR06
DEF00000533,INS00000354,外观划伤,D04,4,minor,PR06
DEF00000534,INS00000354,包装破损,D08,1,minor,PR06
DEF00000535,INS00000355,标签错误,D06,5,minor,PR07
DEF00000536,INS00000356,老化异常,D07,1,major,PR08
DEF00000537,INS00000357,老化异常,D07,1,major,PR03
DEF00000538,INS00000357,焊点虚焊,D01,1,major,PR03
DEF00000539,INS00000358,焊点虚焊,D01,4,major,PR06
DEF00000540,INS00000359,焊点虚焊,D01,5,major,PR07
DEF00000541,INS00000360,外观划伤,D04,1,minor,PR08
DEF00000542,INS00000360,少件,D02,1,critical,PR08
DEF00000543,INS00000361,包装破损,D08,1,minor,PR03
DEF00000544,INS00000362,老化异常,D07,13,major,PR06
DEF00000545,INS00000363,包装破损,D08,7,minor,PR07
DEF00000546,INS00000364,功能失效,D05,2,critical,PR08
DEF00000547,INS00000365,外观划伤,D04,1,minor,PR03
DEF00000548,INS00000365,偏位,D03,1,major,PR03
DEF00000549,INS00000366,功能失效,D05,7,critical,PR06
DEF00000550,INS00000367,老化异常,D07,2,major,PR07
DEF00000551,INS00000367,标签错误,D06,1,minor,PR07
DEF00000552,INS00000367,功能失效,D05,2,critical,PR07
DEF00000553,INS00000368,少件,D02,1,critical,PR08
DEF00000554,INS00000369,标签错误,D06,1,minor,PR03
DEF00000555,INS00000369,少件,D02,1,critical,PR03
DEF00000556,INS00000370,包装破损,D08,5,minor,PR06
DEF00000557,INS00000371,少件,D02,4,critical,PR07
DEF00000558,INS00000371,功能失效,D05,1,critical,PR07
DEF00000559,INS00000373,老化异常,D07,1,major,PR03
DEF00000560,INS00000374,焊点虚焊,D01,1,major,PR06
DEF00000561,INS00000374,偏位,D03,2,major,PR06
DEF00000562,INS00000375,功能失效,D05,2,critical,PR07
DEF00000563,INS00000375,外观划伤,D04,1,minor,PR07
DEF00000564,INS00000375,焊点虚焊,D01,3,major,PR07
DEF00000565,INS00000376,功能失效,D05,1,critical,PR08
DEF00000566,INS00000377,外观划伤,D04,1,minor,PR03
DEF00000567,INS00000378,功能失效,D05,7,critical,PR06
DEF00000568,INS00000379,偏位,D03,1,major,PR07
DEF00000569,INS00000379,老化异常,D07,1,major,PR07
DEF00000570,INS00000379,少件,D02,1,critical,PR07
DEF00000571,INS00000380,焊点虚焊,D01,1,major,PR08
DEF00000572,INS00000381,包装破损,D08,1,minor,PR03
DEF00000573,INS00000382,偏位,D03,9,major,PR06
DEF00000574,INS00000383,外观划伤,D04,6,minor,PR07
DEF00000575,INS00000383,偏位,D03,2,major,PR07
DEF00000576,INS00000383,包装破损,D08,2,minor,PR07
DEF00000577,INS00000384,老化异常,D07,1,major,PR08
DEF00000578,INS00000385,功能失效,D05,1,critical,PR03
DEF00000579,INS00000386,标签错误,D06,3,minor,PR06
DEF00000580,INS00000386,包装破损,D08,4,minor,PR06
DEF00000581,INS00000387,老化异常,D07,4,major,PR07
DEF00000582,INS00000387,标签错误,D06,2,minor,PR07
DEF00000583,INS00000389,包装破损,D08,1,minor,PR03
DEF00000584,INS00000390,包装破损,D08,1,minor,PR06
DEF00000585,INS00000390,焊点虚焊,D01,3,major,PR06
DEF00000586,INS00000390,偏位,D03,1,major,PR06
DEF00000587,INS00000391,偏位,D03,5,major,PR07
DEF00000588,INS00000392,少件,D02,1,critical,PR08
DEF00000589,INS00000392,老化异常,D07,1,major,PR08
DEF00000590,INS00000393,少件,D02,2,critical,PR03
DEF00000591,INS00000394,偏位,D03,6,major,PR06
DEF00000592,INS00000395,老化异常,D07,4,major,PR07
DEF00000593,INS00000396,老化异常,D07,1,major,PR08
DEF00000594,INS00000397,包装破损,D08,1,minor,PR03
DEF00000595,INS00000398,焊点虚焊,D01,1,major,PR06
DEF00000596,INS00000398,少件,D02,4,critical,PR06
DEF00000597,INS00000399,标签错误,D06,1,minor,PR07
DEF00000598,INS00000399,少件,D02,1,critical,PR07
DEF00000599,INS00000399,偏位,D03,1,major,PR07
DEF00000600,INS00000401,偏位,D03,1,major,PR03
DEF00000601,INS00000402,包装破损,D08,7,minor,PR06
DEF00000602,INS00000403,偏位,D03,4,major,PR07
DEF00000603,INS00000403,外观划伤,D04,3,minor,PR07
DEF00000604,INS00000403,包装破损,D08,1,minor,PR07
DEF00000605,INS00000405,外观划伤,D04,1,minor,PR03
DEF00000606,INS00000406,焊点虚焊,D01,8,major,PR06
DEF00000607,INS00000406,功能失效,D05,3,critical,PR06
DEF00000608,INS00000407,包装破损,D08,3,minor,PR07
DEF00000609,INS00000409,焊点虚焊,D01,1,major,PR03
DEF00000610,INS00000410,功能失效,D05,4,critical,PR06
DEF00000611,INS00000410,标签错误,D06,3,minor,PR06
DEF00000612,INS00000410,老化异常,D07,3,major,PR06
DEF00000613,INS00000411,功能失效,D05,1,critical,PR07
DEF00000614,INS00000411,标签错误,D06,1,minor,PR07
DEF00000615,INS00000411,少件,D02,2,critical,PR07
DEF00000616,INS00000412,焊点虚焊,D01,1,major,PR08
DEF00000617,INS00000413,包装破损,D08,1,minor,PR03
DEF00000618,INS00000414,少件,D02,1,critical,PR06
DEF00000619,INS00000414,包装破损,D08,3,minor,PR06
DEF00000620,INS00000415,标签错误,D06,3,minor,PR07
DEF00000621,INS00000415,焊点虚焊,D01,2,major,PR07
DEF00000622,INS00000417,功能失效,D05,1,critical,PR03
DEF00000623,INS00000418,包装破损,D08,4,minor,PR06
DEF00000624,INS00000418,少件,D02,3,critical,PR06
DEF00000625,INS00000419,功能失效,D05,3,critical,PR07
DEF00000626,INS00000419,老化异常,D07,1,major,PR07
DEF00000627,INS00000420,偏位,D03,2,major,PR08
DEF00000628,INS00000421,偏位,D03,3,major,PR03
DEF00000629,INS00000421,包装破损,D08,1,minor,PR03
DEF00000630,INS00000422,标签错误,D06,6,minor,PR06
DEF00000631,INS00000423,包装破损,D08,8,minor,PR07
DEF00000632,INS00000424,老化异常,D07,1,major,PR08
DEF00000633,INS00000424,焊点虚焊,D01,1,major,PR08
DEF00000634,INS00000424,偏位,D03,1,major,PR08
DEF00000635,INS00000426,少件,D02,2,critical,PR06
DEF00000636,INS00000426,焊点虚焊,D01,6,major,PR06
DEF00000637,INS00000426,老化异常,D07,1,major,PR06
DEF00000638,INS00000427,焊点虚焊,D01,6,major,PR07
DEF00000639,INS00000427,标签错误,D06,1,minor,PR07
DEF00000640,INS00000427,外观划伤,D04,3,minor,PR07
DEF00000641,INS00000428,偏位,D03,1,major,PR08
DEF00000642,INS00000430,少件,D02,9,critical,PR06
DEF00000643,INS00000431,外观划伤,D04,2,minor,PR07
DEF00000644,INS00000431,少件,D02,2,critical,PR07
DEF00000645,INS00000431,焊点虚焊,D01,1,major,PR07
DEF00000646,INS00000433,功能失效,D05,1,critical,PR03
DEF00000647,INS00000433,少件,D02,2,critical,PR03
DEF00000648,INS00000433,老化异常,D07,1,major,PR03
DEF00000649,INS00000434,功能失效,D05,2,critical,PR06
DEF00000650,INS00000434,外观划伤,D04,2,minor,PR06
DEF00000651,INS00000434,偏位,D03,1,major,PR06
DEF00000652,INS00000435,老化异常,D07,4,major,PR07
DEF00000653,INS00000436,少件,D02,1,critical,PR08
DEF00000654,INS00000437,少件,D02,1,critical,PR03
DEF00000655,INS00000438,标签错误,D06,5,minor,PR06
DEF00000656,INS00000438,少件,D02,1,critical,PR06
DEF00000657,INS00000439,外观划伤,D04,1,minor,PR07
DEF00000658,INS00000439,功能失效,D05,1,critical,PR07
DEF00000659,INS00000439,偏位,D03,1,major,PR07
DEF00000660,INS00000440,老化异常,D07,1,major,PR08
DEF00000661,INS00000442,包装破损,D08,2,minor,PR06
DEF00000662,INS00000442,老化异常,D07,1,major,PR06
DEF00000663,INS00000442,偏位,D03,1,major,PR06
DEF00000664,INS00000443,焊点虚焊,D01,1,major,PR07
DEF00000665,INS00000443,偏位,D03,1,major,PR07
DEF00000666,INS00000443,包装破损,D08,1,minor,PR07
DEF00000667,INS00000444,包装破损,D08,1,minor,PR08
DEF00000668,INS00000445,偏位,D03,1,major,PR03
DEF00000669,INS00000446,老化异常,D07,8,major,PR06
DEF00000670,INS00000447,标签错误,D06,8,minor,PR07
DEF00000671,INS00000448,包装破损,D08,1,minor,PR08
DEF00000672,INS00000450,标签错误,D06,3,minor,PR06
DEF00000673,INS00000450,外观划伤,D04,1,minor,PR06
DEF00000674,INS00000451,偏位,D03,2,major,PR07
DEF00000675,INS00000451,焊点虚焊,D01,3,major,PR07
DEF00000676,INS00000452,包装破损,D08,1,minor,PR08
DEF00000677,INS00000452,外观划伤,D04,1,minor,PR08
DEF00000678,INS00000453,外观划伤,D04,1,minor,PR03
DEF00000679,INS00000454,少件,D02,3,critical,PR06
DEF00000680,INS00000454,外观划伤,D04,5,minor,PR06
DEF00000681,INS00000454,包装破损,D08,2,minor,PR06
DEF00000682,INS00000455,焊点虚焊,D01,5,major,PR07
DEF00000683,INS00000456,少件,D02,2,critical,PR08
DEF00000684,INS00000457,功能失效,D05,4,critical,PR03
DEF00000685,INS00000458,偏位,D03,10,major,PR06
DEF00000686,INS00000459,少件,D02,7,critical,PR07
DEF00000687,INS00000460,老化异常,D07,2,major,PR08
DEF00000688,INS00000461,包装破损,D08,1,minor,PR03
DEF00000689,INS00000461,老化异常,D07,1,major,PR03
DEF00000690,INS00000462,少件,D02,5,critical,PR06
DEF00000691,INS00000463,老化异常,D07,5,major,PR07
DEF00000692,INS00000463,偏位,D03,6,major,PR07
DEF00000693,INS00000464,焊点虚焊,D01,2,major,PR08
DEF00000694,INS00000464,包装破损,D08,1,minor,PR08
DEF00000695,INS00000465,偏位,D03,1,major,PR03
DEF00000696,INS00000466,少件,D02,9,critical,PR06
DEF00000697,INS00000466,焊点虚焊,D01,1,major,PR06
DEF00000698,INS00000467,标签错误,D06,3,minor,PR07
DEF00000699,INS00000467,少件,D02,1,critical,PR07
DEF00000700,INS00000469,标签错误,D06,1,minor,PR03
DEF00000701,INS00000470,焊点虚焊,D01,2,major,PR06
DEF00000702,INS00000470,老化异常,D07,2,major,PR06
DEF00000703,INS00000470,偏位,D03,2,major,PR06
DEF00000704,INS00000471,焊点虚焊,D01,1,major,PR07
DEF00000705,INS00000471,老化异常,D07,7,major,PR07
DEF00000706,INS00000472,外观划伤,D04,1,minor,PR08
DEF00000707,INS00000473,偏位,D03,2,major,PR03
DEF00000708,INS00000474,老化异常,D07,11,major,PR06
DEF00000709,INS00000475,老化异常,D07,3,major,PR07
DEF00000710,INS00000476,少件,D02,1,critical,PR08
DEF00000711,INS00000477,外观划伤,D04,1,minor,PR03
DEF00000712,INS00000478,功能失效,D05,2,critical,PR06
DEF00000713,INS00000478,包装破损,D08,1,minor,PR06
DEF00000714,INS00000478,老化异常,D07,1,major,PR06
DEF00000715,INS00000479,标签错误,D06,2,minor,PR07
DEF00000716,INS00000479,功能失效,D05,3,critical,PR07
DEF00000717,INS00000480,少件,D02,1,critical,PR08
DEF00000718,INS00000481,功能失效,D05,1,critical,PR03
DEF00000719,INS00000481,标签错误,D06,1,minor,PR03
DEF00000720,INS00000481,老化异常,D07,3,major,PR03
DEF00000721,INS00000482,标签错误,D06,8,minor,PR06
DEF00000722,INS00000482,少件,D02,6,critical,PR06
DEF00000723,INS00000483,标签错误,D06,1,minor,PR07
DEF00000724,INS00000483,外观划伤,D04,6,minor,PR07
DEF00000725,INS00000483,包装破损,D08,1,minor,PR07
DEF00000726,INS00000484,标签错误,D06,1,minor,PR08
DEF00000727,INS00000486,标签错误,D06,4,minor,PR06
DEF00000728,INS00000486,包装破损,D08,1,minor,PR06
DEF00000729,INS00000486,偏位,D03,1,major,PR06
DEF00000730,INS00000487,包装破损,D08,6,minor,PR07
DEF00000731,INS00000488,包装破损,D08,1,minor,PR08
DEF00000732,INS00000489,包装破损,D08,1,minor,PR03
DEF00000733,INS00000490,焊点虚焊,D01,4,major,PR06
DEF00000734,INS00000490,包装破损,D08,3,minor,PR06
DEF00000735,INS00000490,功能失效,D05,2,critical,PR06
DEF00000736,INS00000491,少件,D02,5,critical,PR07
DEF00000737,INS00000491,包装破损,D08,1,minor,PR07
DEF00000738,INS00000491,外观划伤,D04,1,minor,PR07
DEF00000739,INS00000492,焊点虚焊,D01,1,major,PR08
DEF00000740,INS00000494,功能失效,D05,4,critical,PR06
DEF00000741,INS00000494,包装破损,D08,1,minor,PR06
DEF00000742,INS00000494,标签错误,D06,1,minor,PR06
DEF00000743,INS00000495,包装破损,D08,3,minor,PR07
DEF00000744,INS00000495,外观划伤,D04,1,minor,PR07
DEF00000745,INS00000495,焊点虚焊,D01,5,major,PR07
DEF00000746,INS00000496,包装破损,D08,1,minor,PR08
DEF00000747,INS00000496,功能失效,D05,1,critical,PR08
DEF00000748,INS00000497,焊点虚焊,D01,1,major,PR03
DEF00000749,INS00000497,外观划伤,D04,1,minor,PR03
DEF00000750,INS00000497,老化异常,D07,1,major,PR03
DEF00000751,INS00000498,老化异常,D07,2,major,PR06
DEF00000752,INS00000498,偏位,D03,3,major,PR06
DEF00000753,INS00000499,老化异常,D07,6,major,PR07
DEF00000754,INS00000499,包装破损,D08,2,minor,PR07
DEF00000755,INS00000499,功能失效,D05,5,critical,PR07
DEF00000756,INS00000500,焊点虚焊,D01,2,major,PR08
DEF00000757,INS00000501,功能失效,D05,1,critical,PR03
DEF00000758,INS00000502,少件,D02,7,critical,PR06
DEF00000759,INS00000502,焊点虚焊,D01,3,major,PR06
DEF00000760,INS00000503,少件,D02,5,critical,PR07
DEF00000761,INS00000504,老化异常,D07,2,major,PR08
DEF00000762,INS00000505,外观划伤,D04,1,minor,PR03
DEF00000763,INS00000506,偏位,D03,1,major,PR06
DEF00000764,INS00000506,老化异常,D07,4,major,PR06
DEF00000765,INS00000507,老化异常,D07,3,major,PR07
DEF00000766,INS00000507,外观划伤,D04,2,minor,PR07
DEF00000767,INS00000508,功能失效,D05,2,critical,PR08
DEF00000768,INS00000509,标签错误,D06,1,minor,PR03
DEF00000769,INS00000510,老化异常,D07,3,major,PR06
DEF00000770,INS00000510,标签错误,D06,1,minor,PR06
DEF00000771,INS00000510,外观划伤,D04,2,minor,PR06
DEF00000772,INS00000511,包装破损,D08,3,minor,PR07
DEF00000773,INS00000511,少件,D02,1,critical,PR07
DEF00000774,INS00000511,外观划伤,D04,2,minor,PR07
DEF00000775,INS00000513,功能失效,D05,1,critical,PR03
DEF00000776,INS00000514,包装破损,D08,5,minor,PR06
DEF00000777,INS00000515,包装破损,D08,2,minor,PR07
DEF00000778,INS00000515,少件,D02,1,critical,PR07
DEF00000779,INS00000516,标签错误,D06,1,minor,PR08
DEF00000780,INS00000517,标签错误,D06,1,minor,PR03
DEF00000781,INS00000518,偏位,D03,1,major,PR06
DEF00000782,INS00000518,焊点虚焊,D01,3,major,PR06
DEF00000783,INS00000519,包装破损,D08,1,minor,PR07
DEF00000784,INS00000519,焊点虚焊,D01,2,major,PR07
DEF00000785,INS00000521,功能失效,D05,1,critical,PR03
DEF00000786,INS00000522,标签错误,D06,3,minor,PR06
DEF00000787,INS00000522,焊点虚焊,D01,1,major,PR06
DEF00000788,INS00000522,少件,D02,5,critical,PR06
DEF00000789,INS00000523,焊点虚焊,D01,1,major,PR07
DEF00000790,INS00000523,功能失效,D05,2,critical,PR07
DEF00000791,INS00000525,功能失效,D05,2,critical,PR03
DEF00000792,INS00000526,包装破损,D08,9,minor,PR06
DEF00000793,INS00000527,标签错误,D06,4,minor,PR07
DEF00000794,INS00000527,包装破损,D08,2,minor,PR07
DEF00000795,INS00000528,外观划伤,D04,1,minor,PR08
DEF00000796,INS00000529,焊点虚焊,D01,1,major,PR03
DEF00000797,INS00000530,焊点虚焊,D01,1,major,PR06
DEF00000798,INS00000530,老化异常,D07,6,major,PR06
DEF00000799,INS00000531,包装破损,D08,4,minor,PR07
DEF00000800,INS00000531,标签错误,D06,3,minor,PR07
DEF00000801,INS00000532,少件,D02,1,critical,PR08
DEF00000802,INS00000533,焊点虚焊,D01,1,major,PR03
DEF00000803,INS00000533,包装破损,D08,1,minor,PR03
DEF00000804,INS00000533,偏位,D03,2,major,PR03
DEF00000805,INS00000534,包装破损,D08,1,minor,PR06
DEF00000806,INS00000534,老化异常,D07,5,major,PR06
DEF00000807,INS00000535,老化异常,D07,10,major,PR07
DEF00000808,INS00000536,外观划伤,D04,1,minor,PR08
DEF00000809,INS00000537,功能失效,D05,1,critical,PR03
DEF00000810,INS00000538,焊点虚焊,D01,3,major,PR06
DEF00000811,INS00000538,偏位,D03,1,major,PR06
DEF00000812,INS00000538,功能失效,D05,1,critical,PR06
DEF00000813,INS00000539,偏位,D03,2,major,PR07
DEF00000814,INS00000539,少件,D02,2,critical,PR07
DEF00000815,INS00000539,包装破损,D08,1,minor,PR07
DEF00000816,INS00000540,少件,D02,1,critical,PR08
DEF00000817,INS00000540,标签错误,D06,1,minor,PR08
DEF00000818,INS00000541,偏位,D03,1,major,PR03
DEF00000819,INS00000541,焊点虚焊,D01,1,major,PR03
DEF00000820,INS00000542,老化异常,D07,1,major,PR06
DEF00000821,INS00000542,少件,D02,3,critical,PR06
DEF00000822,INS00000543,包装破损,D08,9,minor,PR07
DEF00000823,INS00000544,偏位,D03,1,major,PR08
DEF00000824,INS00000544,功能失效,D05,1,critical,PR08
DEF00000825,INS00000544,老化异常,D07,1,major,PR08
DEF00000826,INS00000545,外观划伤,D04,1,minor,PR03
DEF00000827,INS00000546,标签错误,D06,6,minor,PR06
DEF00000828,INS00000546,外观划伤,D04,6,minor,PR06
DEF00000829,INS00000546,焊点虚焊,D01,2,major,PR06
DEF00000830,INS00000547,外观划伤,D04,3,minor,PR07
DEF00000831,INS00000547,偏位,D03,6,major,PR07
DEF00000832,INS00000548,外观划伤,D04,1,minor,PR08
DEF00000833,INS00000548,偏位,D03,1,major,PR08
DEF00000834,INS00000549,焊点虚焊,D01,1,major,PR03
DEF00000835,INS00000550,包装破损,D08,8,minor,PR06
DEF00000836,INS00000550,标签错误,D06,3,minor,PR06
DEF00000837,INS00000550,功能失效,D05,1,critical,PR06
DEF00000838,INS00000551,老化异常,D07,6,major,PR07
DEF00000839,INS00000553,外观划伤,D04,1,minor,PR03
DEF00000840,INS00000554,标签错误,D06,6,minor,PR06
DEF00000841,INS00000554,焊点虚焊,D01,3,major,PR06
DEF00000842,INS00000555,少件,D02,5,critical,PR07
DEF00000843,INS00000555,偏位,D03,1,major,PR07
DEF00000844,INS00000555,标签错误,D06,1,minor,PR07
DEF00000845,INS00000556,老化异常,D07,1,major,PR08
DEF00000846,INS00000557,焊点虚焊,D01,1,major,PR03
DEF00000847,INS00000558,标签错误,D06,1,minor,PR06
DEF00000848,INS00000558,焊点虚焊,D01,5,major,PR06
DEF00000849,INS00000558,偏位,D03,3,major,PR06
DEF00000850,INS00000559,标签错误,D06,3,minor,PR07
DEF00000851,INS00000560,焊点虚焊,D01,1,major,PR08
DEF00000852,INS00000561,偏位,D03,1,major,PR03
DEF00000853,INS00000562,包装破损,D08,3,minor,PR06
DEF00000854,INS00000562,标签错误,D06,2,minor,PR06
DEF00000855,INS00000563,少件,D02,6,critical,PR07
DEF00000856,INS00000563,功能失效,D05,1,critical,PR07
DEF00000857,INS00000564,标签错误,D06,1,minor,PR08
DEF00000858,INS00000565,包装破损,D08,1,minor,PR03
DEF00000859,INS00000566,包装破损,D08,1,minor,PR06
DEF00000860,INS00000566,少件,D02,6,critical,PR06
DEF00000861,INS00000567,偏位,D03,2,major,PR07
DEF00000862,INS00000567,标签错误,D06,2,minor,PR07
DEF00000863,INS00000569,功能失效,D05,1,critical,PR03
DEF00000864,INS00000570,焊点虚焊,D01,4,major,PR06
DEF00000865,INS00000570,少件,D02,3,critical,PR06
DEF00000866,INS00000571,标签错误,D06,4,minor,PR07
DEF00000867,INS00000572,老化异常,D07,1,major,PR08
DEF00000868,INS00000573,外观划伤,D04,1,minor,PR03
DEF00000869,INS00000574,功能失效,D05,3,critical,PR06
DEF00000870,INS00000574,包装破损,D08,1,minor,PR06
DEF00000871,INS00000575,焊点虚焊,D01,5,major,PR07
DEF00000872,INS00000575,包装破损,D08,2,minor,PR07
DEF00000873,INS00000576,老化异常,D07,1,major,PR08
DEF00000874,INS00000577,老化异常,D07,1,major,PR03
DEF00000875,INS00000578,功能失效,D05,1,critical,PR06
DEF00000876,INS00000578,少件,D02,1,critical,PR06
DEF00000877,INS00000578,外观划伤,D04,3,minor,PR06
DEF00000878,INS00000579,偏位,D03,3,major,PR07
DEF00000879,INS00000579,标签错误,D06,1,minor,PR07
DEF00000880,INS00000580,少件,D02,1,critical,PR08
DEF00000881,INS00000581,外观划伤,D04,1,minor,PR03
DEF00000882,INS00000582,少件,D02,1,critical,PR06
DEF00000883,INS00000582,功能失效,D05,1,critical,PR06
DEF00000884,INS00000582,老化异常,D07,4,major,PR06
DEF00000885,INS00000583,功能失效,D05,4,critical,PR07
DEF00000886,INS00000583,焊点虚焊,D01,1,major,PR07
DEF00000887,INS00000586,焊点虚焊,D01,1,major,PR06
DEF00000888,INS00000586,外观划伤,D04,4,minor,PR06
DEF00000889,INS00000587,功能失效,D05,2,critical,PR07
DEF00000890,INS00000587,标签错误,D06,2,minor,PR07
DEF00000891,INS00000587,外观划伤,D04,1,minor,PR07
DEF00000892,INS00000588,老化异常,D07,1,major,PR08
DEF00000893,INS00000589,外观划伤,D04,1,minor,PR03
DEF00000894,INS00000590,功能失效,D05,6,critical,PR06
DEF00000895,INS00000591,外观划伤,D04,6,minor,PR07
DEF00000896,INS00000591,老化异常,D07,2,major,PR07
DEF00000897,INS00000592,少件,D02,1,critical,PR08
DEF00000898,INS00000593,外观划伤,D04,1,minor,PR03
DEF00000899,INS00000594,偏位,D03,1,major,PR06
DEF00000900,INS00000594,标签错误,D06,5,minor,PR06
DEF00000901,INS00000595,外观划伤,D04,7,minor,PR07
DEF00000902,INS00000597,少件,D02,1,critical,PR03
DEF00000903,INS00000597,包装破损,D08,1,minor,PR03
DEF00000904,INS00000598,老化异常,D07,6,major,PR06
DEF00000905,INS00000599,焊点虚焊,D01,1,major,PR07
DEF00000906,INS00000599,少件,D02,1,critical,PR07
DEF00000907,INS00000599,老化异常,D07,1,major,PR07
DEF00000908,INS00000600,老化异常,D07,1,major,PR08
DEF00000909,INS00000600,偏位,D03,2,major,PR08
DEF00000910,INS00000601,老化异常,D07,1,major,PR03
DEF00000911,INS00000601,外观划伤,D04,1,minor,PR03
DEF00000912,INS00000602,老化异常,D07,10,major,PR06
DEF00000913,INS00000603,外观划伤,D04,2,minor,PR07
DEF00000914,INS00000603,焊点虚焊,D01,3,major,PR07
DEF00000915,INS00000604,老化异常,D07,2,major,PR08
DEF00000916,INS00000605,少件,D02,1,critical,PR03
DEF00000917,INS00000606,功能失效,D05,7,critical,PR06
DEF00000918,INS00000607,少件,D02,2,critical,PR07
DEF00000919,INS00000607,外观划伤,D04,1,minor,PR07
DEF00000920,INS00000608,偏位,D03,1,major,PR08
DEF00000921,INS00000609,少件,D02,1,critical,PR03
DEF00000922,INS00000610,外观划伤,D04,7,minor,PR06
DEF00000923,INS00000611,老化异常,D07,3,major,PR07
DEF00000924,INS00000611,包装破损,D08,4,minor,PR07
DEF00000925,INS00000612,偏位,D03,1,major,PR08
DEF00000926,INS00000613,包装破损,D08,1,minor,PR03
DEF00000927,INS00000614,外观划伤,D04,9,minor,PR06
DEF00000928,INS00000614,功能失效,D05,2,critical,PR06
DEF00000929,INS00000614,老化异常,D07,1,major,PR06
DEF00000930,INS00000615,偏位,D03,4,major,PR07
DEF00000931,INS00000615,老化异常,D07,3,major,PR07
DEF00000932,INS00000617,外观划伤,D04,1,minor,PR03
DEF00000933,INS00000618,外观划伤,D04,5,minor,PR06
DEF00000934,INS00000618,包装破损,D08,4,minor,PR06
DEF00000935,INS00000618,偏位,D03,2,major,PR06
DEF00000936,INS00000619,外观划伤,D04,1,minor,PR07
DEF00000937,INS00000619,少件,D02,4,critical,PR07
DEF00000938,INS00000620,偏位,D03,1,major,PR08
DEF00000939,INS00000621,包装破损,D08,1,minor,PR03
DEF00000940,INS00000622,偏位,D03,1,major,PR06
DEF00000941,INS00000622,标签错误,D06,4,minor,PR06
DEF00000942,INS00000623,功能失效,D05,1,critical,PR07
DEF00000943,INS00000623,焊点虚焊,D01,1,major,PR07
DEF00000944,INS00000623,偏位,D03,4,major,PR07
DEF00000945,INS00000624,少件,D02,1,critical,PR08
DEF00000946,INS00000625,外观划伤,D04,1,minor,PR03
DEF00000947,INS00000626,功能失效,D05,11,critical,PR06
DEF00000948,INS00000627,外观划伤,D04,8,minor,PR07
DEF00000949,INS00000628,少件,D02,1,critical,PR08
DEF00000950,INS00000629,少件,D02,1,critical,PR03
DEF00000951,INS00000630,外观划伤,D04,2,minor,PR06
DEF00000952,INS00000630,偏位,D03,3,major,PR06
DEF00000953,INS00000630,老化异常,D07,3,major,PR06
DEF00000954,INS00000631,外观划伤,D04,6,minor,PR07
DEF00000955,INS00000631,偏位,D03,1,major,PR07
DEF00000956,INS00000632,功能失效,D05,1,critical,PR08
DEF00000957,INS00000633,老化异常,D07,2,major,PR03
DEF00000958,INS00000634,焊点虚焊,D01,5,major,PR06
DEF00000959,INS00000634,包装破损,D08,1,minor,PR06
DEF00000960,INS00000635,功能失效,D05,1,critical,PR07
DEF00000961,INS00000635,老化异常,D07,1,major,PR07
DEF00000962,INS00000635,外观划伤,D04,2,minor,PR07
DEF00000963,INS00000636,偏位,D03,1,major,PR08
DEF00000964,INS00000637,标签错误,D06,2,minor,PR03
DEF00000965,INS00000638,偏位,D03,6,major,PR06
DEF00000966,INS00000638,焊点虚焊,D01,2,major,PR06
DEF00000967,INS00000639,功能失效,D05,2,critical,PR07
DEF00000968,INS00000639,老化异常,D07,1,major,PR07
DEF00000969,INS00000639,标签错误,D06,1,minor,PR07
DEF00000970,INS00000640,偏位,D03,1,major,PR08
DEF00000971,INS00000641,标签错误,D06,1,minor,PR03
DEF00000972,INS00000641,偏位,D03,3,major,PR03
DEF00000973,INS00000642,功能失效,D05,2,critical,PR06
DEF00000974,INS00000642,焊点虚焊,D01,1,major,PR06
DEF00000975,INS00000642,标签错误,D06,7,minor,PR06
DEF00000976,INS00000643,标签错误,D06,8,minor,PR07
DEF00000977,INS00000644,功能失效,D05,1,critical,PR08
DEF00000978,INS00000644,标签错误,D06,1,minor,PR08
DEF00000979,INS00000645,包装破损,D08,1,minor,PR03
DEF00000980,INS00000646,包装破损,D08,3,minor,PR06
DEF00000981,INS00000646,偏位,D03,2,major,PR06
DEF00000982,INS00000647,焊点虚焊,D01,1,major,PR07
DEF00000983,INS00000647,少件,D02,3,critical,PR07
DEF00000984,INS00000647,包装破损,D08,1,minor,PR07
DEF00000985,INS00000649,包装破损,D08,1,minor,PR03
DEF00000986,INS00000650,外观划伤,D04,3,minor,PR06
DEF00000987,INS00000650,包装破损,D08,1,minor,PR06
DEF00000988,INS00000651,标签错误,D06,1,minor,PR07
DEF00000989,INS00000651,少件,D02,2,critical,PR07
DEF00000990,INS00000652,偏位,D03,1,major,PR08
DEF00000991,INS00000653,老化异常,D07,1,major,PR03
DEF00000992,INS00000653,外观划伤,D04,2,minor,PR03
DEF00000993,INS00000654,少件,D02,9,critical,PR06
DEF00000994,INS00000655,少件,D02,2,critical,PR07
DEF00000995,INS00000655,焊点虚焊,D01,1,major,PR07
DEF00000996,INS00000655,包装破损,D08,1,minor,PR07
DEF00000997,INS00000656,外观划伤,D04,1,minor,PR08
DEF00000998,INS00000657,标签错误,D06,1,minor,PR03
DEF00000999,INS00000658,焊点虚焊,D01,8,major,PR06
DEF00001000,INS00000659,老化异常,D07,1,major,PR07
DEF00001001,INS00000659,功能失效,D05,2,critical,PR07
DEF00001002,INS00000659,标签错误,D06,1,minor,PR07
DEF00001003,INS00000661,标签错误,D06,1,minor,PR03
DEF00001004,INS00000662,老化异常,D07,6,major,PR06
DEF00001005,INS00000663,功能失效,D05,4,critical,PR07
DEF00001006,INS00000663,焊点虚焊,D01,2,major,PR07
DEF00001007,INS00000663,包装破损,D08,4,minor,PR07
DEF00001008,INS00000665,偏位,D03,1,major,PR03
DEF00001009,INS00000666,包装破损,D08,5,minor,PR06
DEF00001010,INS00000667,焊点虚焊,D01,3,major,PR07
DEF00001011,INS00000667,外观划伤,D04,1,minor,PR07
DEF00001012,INS00000668,焊点虚焊,D01,1,major,PR08
DEF00001013,INS00000669,偏位,D03,1,major,PR03
DEF00001014,INS00000669,外观划伤,D04,1,minor,PR03
DEF00001015,INS00000670,偏位,D03,7,major,PR06
DEF00001016,INS00000671,包装破损,D08,2,minor,PR07
DEF00001017,INS00000671,偏位,D03,2,major,PR07
DEF00001018,INS00000671,焊点虚焊,D01,4,major,PR07
DEF00001019,INS00000672,外观划伤,D04,2,minor,PR08
DEF00001020,INS00000673,功能失效,D05,1,critical,PR03
DEF00001021,INS00000674,外观划伤,D04,5,minor,PR06
DEF00001022,INS00000675,少件,D02,9,critical,PR07
DEF00001023,INS00000676,焊点虚焊,D01,1,major,PR08
DEF00001024,INS00000677,标签错误,D06,1,minor,PR03
DEF00001025,INS00000678,偏位,D03,4,major,PR06
DEF00001026,INS00000679,功能失效,D05,3,critical,PR07
DEF00001027,INS00000680,标签错误,D06,1,minor,PR08
DEF00001028,INS00000681,标签错误,D06,1,minor,PR03
DEF00001029,INS00000681,偏位,D03,1,major,PR03
DEF00001030,INS00000681,外观划伤,D04,1,minor,PR03
DEF00001031,INS00000682,偏位,D03,4,major,PR06
DEF00001032,INS00000682,少件,D02,1,critical,PR06
DEF00001033,INS00000682,包装破损,D08,1,minor,PR06
DEF00001034,INS00000683,包装破损,D08,1,minor,PR07
DEF00001035,INS00000683,焊点虚焊,D01,2,major,PR07
DEF00001036,INS00000683,少件,D02,3,critical,PR07
DEF00001037,INS00000684,外观划伤,D04,1,minor,PR08
DEF00001038,INS00000684,标签错误,D06,1,minor,PR08
DEF00001039,INS00000686,焊点虚焊,D01,6,major,PR06
DEF00001040,INS00000687,焊点虚焊,D01,10,major,PR07
DEF00001041,INS00000688,老化异常,D07,1,major,PR08
DEF00001042,INS00000689,焊点虚焊,D01,1,major,PR03
DEF00001043,INS00000690,老化异常,D07,4,major,PR06
DEF00001044,INS00000691,偏位,D03,5,major,PR07
DEF00001045,INS00000691,老化异常,D07,1,major,PR07
DEF00001046,INS00000692,焊点虚焊,D01,1,major,PR08
DEF00001047,INS00000693,包装破损,D08,1,minor,PR03
DEF00001048,INS00000694,焊点虚焊,D01,6,major,PR06
DEF00001049,INS00000695,老化异常,D07,10,major,PR07
DEF00001050,INS00000695,少件,D02,1,critical,PR07
DEF00001051,INS00000696,老化异常,D07,1,major,PR08
DEF00001052,INS00000698,功能失效,D05,6,critical,PR06
DEF00001053,INS00000698,焊点虚焊,D01,2,major,PR06
DEF00001054,INS00000699,外观划伤,D04,6,minor,PR07
DEF00001055,INS00000700,老化异常,D07,1,major,PR08
DEF00001056,INS00000701,功能失效,D05,2,critical,PR03
DEF00001057,INS00000702,功能失效,D05,3,critical,PR06
DEF00001058,INS00000702,老化异常,D07,1,major,PR06
DEF00001059,INS00000702,标签错误,D06,1,minor,PR06
DEF00001060,INS00000703,包装破损,D08,2,minor,PR07
DEF00001061,INS00000703,少件,D02,2,critical,PR07
DEF00001062,INS00000703,老化异常,D07,2,major,PR07
DEF00001063,INS00000704,包装破损,D08,1,minor,PR08
DEF00001064,INS00000705,外观划伤,D04,1,minor,PR03
DEF00001065,INS00000706,偏位,D03,2,major,PR06
DEF00001066,INS00000706,外观划伤,D04,2,minor,PR06
DEF00001067,INS00000707,焊点虚焊,D01,2,major,PR07
DEF00001068,INS00000707,标签错误,D06,4,minor,PR07
DEF00001069,INS00000707,功能失效,D05,1,critical,PR07
DEF00001070,INS00000708,标签错误,D06,1,minor,PR08
DEF00001071,INS00000709,老化异常,D07,3,major,PR03
DEF00001072,INS00000710,标签错误,D06,5,minor,PR06
DEF00001073,INS00000710,少件,D02,3,critical,PR06
DEF00001074,INS00000711,老化异常,D07,2,major,PR07
DEF00001075,INS00000711,偏位,D03,1,major,PR07
DEF00001076,INS00000711,功能失效,D05,1,critical,PR07
DEF00001077,INS00000712,功能失效,D05,1,critical,PR08
DEF00001078,INS00000712,焊点虚焊,D01,1,major,PR08
DEF00001079,INS00000714,外观划伤,D04,1,minor,PR06
DEF00001080,INS00000714,标签错误,D06,4,minor,PR06
DEF00001081,INS00000715,包装破损,D08,1,minor,PR07
DEF00001082,INS00000715,外观划伤,D04,2,minor,PR07
DEF00001083,INS00000715,老化异常,D07,2,major,PR07
DEF00001084,INS00000716,偏位,D03,1,major,PR08
DEF00001085,INS00000717,少件,D02,1,critical,PR03
DEF00001086,INS00000717,老化异常,D07,1,major,PR03
DEF00001087,INS00000718,焊点虚焊,D01,3,major,PR06
DEF00001088,INS00000718,偏位,D03,1,major,PR06
DEF00001089,INS00000718,少件,D02,2,critical,PR06
DEF00001090,INS00000719,包装破损,D08,2,minor,PR07
DEF00001091,INS00000719,老化异常,D07,11,major,PR07
DEF00001092,INS00000720,焊点虚焊,D01,3,major,PR08
DEF00001093,INS00000720,功能失效,D05,1,critical,PR08
DEF00001094,INS00000721,标签错误,D06,1,minor,PR03
DEF00001095,INS00000722,外观划伤,D04,1,minor,PR06
DEF00001096,INS00000722,少件,D02,5,critical,PR06
DEF00001097,INS00000723,偏位,D03,3,major,PR07
DEF00001098,INS00000723,功能失效,D05,3,critical,PR07
DEF00001099,INS00000724,标签错误,D06,1,minor,PR08
DEF00001100,INS00000724,偏位,D03,1,major,PR08
DEF00001101,INS00000725,包装破损,D08,2,minor,PR03
DEF00001102,INS00000726,焊点虚焊,D01,7,major,PR06
DEF00001103,INS00000727,标签错误,D06,2,minor,PR07
DEF00001104,INS00000727,老化异常,D07,1,major,PR07
DEF00001105,INS00000727,偏位,D03,1,major,PR07
DEF00001106,INS00000728,包装破损,D08,1,minor,PR08
DEF00001107,INS00000729,老化异常,D07,1,major,PR03
DEF00001108,INS00000729,功能失效,D05,1,critical,PR03
DEF00001109,INS00000730,老化异常,D07,13,major,PR06
DEF00001110,INS00000731,标签错误,D06,1,minor,PR07
DEF00001111,INS00000731,包装破损,D08,2,minor,PR07
DEF00001112,INS00000731,焊点虚焊,D01,1,major,PR07
DEF00001113,INS00000732,偏位,D03,1,major,PR08
DEF00001114,INS00000732,老化异常,D07,1,major,PR08
DEF00001115,INS00000733,功能失效,D05,1,critical,PR03
DEF00001116,INS00000733,标签错误,D06,1,minor,PR03
DEF00001117,INS00000734,老化异常,D07,4,major,PR06
DEF00001118,INS00000734,少件,D02,3,critical,PR06
DEF00001119,INS00000734,标签错误,D06,2,minor,PR06
DEF00001120,INS00000735,焊点虚焊,D01,3,major,PR07
DEF00001121,INS00000735,外观划伤,D04,1,minor,PR07
DEF00001122,INS00000736,外观划伤,D04,1,minor,PR08
DEF00001123,INS00000736,包装破损,D08,1,minor,PR08
DEF00001124,INS00000737,偏位,D03,1,major,PR03
DEF00001125,INS00000737,少件,D02,1,critical,PR03
DEF00001126,INS00000737,功能失效,D05,1,critical,PR03
DEF00001127,INS00000738,标签错误,D06,11,minor,PR06
DEF00001128,INS00000739,包装破损,D08,6,minor,PR07
DEF00001129,INS00000739,功能失效,D05,1,critical,PR07
DEF00001130,INS00000740,外观划伤,D04,1,minor,PR08
DEF00001131,INS00000741,外观划伤,D04,1,minor,PR03
DEF00001132,INS00000742,偏位,D03,4,major,PR06
DEF00001133,INS00000742,标签错误,D06,5,minor,PR06
DEF00001134,INS00000743,外观划伤,D04,3,minor,PR07
DEF00001135,INS00000743,老化异常,D07,2,major,PR07
DEF00001136,INS00000744,功能失效,D05,1,critical,PR08
DEF00001137,INS00000745,少件,D02,1,critical,PR03
DEF00001138,INS00000745,焊点虚焊,D01,2,major,PR03
DEF00001139,INS00000745,外观划伤,D04,1,minor,PR03
DEF00001140,INS00000746,少件,D02,2,critical,PR06
DEF00001141,INS00000746,老化异常,D07,3,major,PR06
DEF00001142,INS00000747,外观划伤,D04,4,minor,PR07
DEF00001143,INS00000747,老化异常,D07,3,major,PR07
DEF00001144,INS00000747,少件,D02,1,critical,PR07
DEF00001145,INS00000748,功能失效,D05,1,critical,PR08
DEF00001146,INS00000749,标签错误,D06,1,minor,PR03
DEF00001147,INS00000750,偏位,D03,4,major,PR06
DEF00001148,INS00000750,功能失效,D05,1,critical,PR06
DEF00001149,INS00000750,老化异常,D07,1,major,PR06
DEF00001150,INS00000751,焊点虚焊,D01,4,major,PR07
DEF00001151,INS00000751,外观划伤,D04,3,minor,PR07
DEF00001152,INS00000751,少件,D02,1,critical,PR07
DEF00001153,INS00000752,老化异常,D07,1,major,PR08
DEF00001154,INS00000753,功能失效,D05,1,critical,PR03
DEF00001155,INS00000753,包装破损,D08,1,minor,PR03
DEF00001156,INS00000754,外观划伤,D04,2,minor,PR06
DEF00001157,INS00000754,功能失效,D05,3,critical,PR06
DEF00001158,INS00000754,少件,D02,1,critical,PR06
DEF00001159,INS00000755,焊点虚焊,D01,6,major,PR07
DEF00001160,INS00000755,外观划伤,D04,1,minor,PR07
DEF00001161,INS00000756,功能失效,D05,1,critical,PR08
DEF00001162,INS00000756,标签错误,D06,3,minor,PR08
DEF00001163,INS00000757,外观划伤,D04,1,minor,PR03
DEF00001164,INS00000758,少件,D02,1,critical,PR06
DEF00001165,INS00000758,老化异常,D07,4,major,PR06
DEF00001166,INS00000759,少件,D02,1,critical,PR07
DEF00001167,INS00000759,外观划伤,D04,3,minor,PR07
DEF00001168,INS00000760,老化异常,D07,1,major,PR08
DEF00001169,INS00000761,功能失效,D05,1,critical,PR03
DEF00001170,INS00000761,少件,D02,1,critical,PR03
DEF00001171,INS00000762,焊点虚焊,D01,6,major,PR06
DEF00001172,INS00000762,包装破损,D08,1,minor,PR06
DEF00001173,INS00000763,少件,D02,4,critical,PR07
DEF00001174,INS00000764,偏位,D03,1,major,PR08
DEF00001175,INS00000764,功能失效,D05,2,critical,PR08
DEF00001176,INS00000765,焊点虚焊,D01,1,major,PR03
DEF00001177,INS00000766,偏位,D03,1,major,PR06
DEF00001178,INS00000766,功能失效,D05,6,critical,PR06
DEF00001179,INS00000767,焊点虚焊,D01,3,major,PR07
DEF00001180,INS00000767,偏位,D03,4,major,PR07
DEF00001181,INS00000767,标签错误,D06,2,minor,PR07
DEF00001182,INS00000768,老化异常,D07,2,major,PR08
DEF00001183,INS00000769,外观划伤,D04,1,minor,PR03
DEF00001184,INS00000770,标签错误,D06,4,minor,PR06
DEF00001185,INS00000770,偏位,D03,4,major,PR06
DEF00001186,INS00000771,包装破损,D08,5,minor,PR07
DEF00001187,INS00000772,老化异常,D07,2,major,PR08
DEF00001188,INS00000773,偏位,D03,1,major,PR03
DEF00001189,INS00000773,标签错误,D06,2,minor,PR03
DEF00001190,INS00000774,功能失效,D05,4,critical,PR06
DEF00001191,INS00000774,偏位,D03,1,major,PR06
DEF00001192,INS00000774,老化异常,D07,1,major,PR06
DEF00001193,INS00000775,焊点虚焊,D01,1,major,PR07
DEF00001194,INS00000775,功能失效,D05,4,critical,PR07
DEF00001195,INS00000775,包装破损,D08,1,minor,PR07
DEF00001196,INS00000776,包装破损,D08,2,minor,PR08
DEF00001197,INS00000776,老化异常,D07,1,major,PR08
DEF00001198,INS00000777,标签错误,D06,1,minor,PR03
DEF00001199,INS00000777,外观划伤,D04,1,minor,PR03
DEF00001200,INS00000778,功能失效,D05,5,critical,PR06
DEF00001201,INS00000778,外观划伤,D04,3,minor,PR06
DEF00001202,INS00000778,老化异常,D07,1,major,PR06
DEF00001203,INS00000779,功能失效,D05,3,critical,PR07
DEF00001204,INS00000779,外观划伤,D04,1,minor,PR07
DEF00001205,INS00000779,偏位,D03,1,major,PR07
DEF00001206,INS00000780,功能失效,D05,1,critical,PR08
DEF00001207,INS00000780,偏位,D03,1,major,PR08
DEF00001208,INS00000781,外观划伤,D04,1,minor,PR03
DEF00001209,INS00000782,包装破损,D08,10,minor,PR06
DEF00001210,INS00000783,少件,D02,6,critical,PR07
DEF00001211,INS00000785,包装破损,D08,1,minor,PR03
DEF00001212,INS00000786,功能失效,D05,4,critical,PR06
DEF00001213,INS00000786,少件,D02,1,critical,PR06
DEF00001214,INS00000787,外观划伤,D04,6,minor,PR07
DEF00001215,INS00000788,功能失效,D05,1,critical,PR08
DEF00001216,INS00000789,包装破损,D08,2,minor,PR03
DEF00001217,INS00000790,老化异常,D07,1,major,PR06
DEF00001218,INS00000790,偏位,D03,4,major,PR06
DEF00001219,INS00000791,功能失效,D05,2,critical,PR07
DEF00001220,INS00000791,包装破损,D08,2,minor,PR07
DEF00001221,INS00000792,少件,D02,1,critical,PR08
DEF00001222,INS00000794,少件,D02,6,critical,PR06
DEF00001223,INS00000794,功能失效,D05,1,critical,PR06
DEF00001224,INS00000794,老化异常,D07,1,major,PR06
DEF00001225,INS00000795,老化异常,D07,2,major,PR07
DEF00001226,INS00000795,少件,D02,2,critical,PR07
DEF00001227,INS00000797,焊点虚焊,D01,3,major,PR03
DEF00001228,INS00000798,偏位,D03,10,major,PR06
DEF00001229,INS00000799,偏位,D03,1,major,PR07
DEF00001230,INS00000799,少件,D02,2,critical,PR07
DEF00001231,INS00000799,标签错误,D06,2,minor,PR07
DEF00001232,INS00000800,偏位,D03,1,major,PR08
DEF00001233,INS00000801,偏位,D03,1,major,PR03
DEF00001234,INS00000802,包装破损,D08,7,minor,PR06
DEF00001235,INS00000802,外观划伤,D04,2,minor,PR06
DEF00001236,INS00000802,少件,D02,1,critical,PR06
DEF00001237,INS00000803,偏位,D03,2,major,PR07
DEF00001238,INS00000803,包装破损,D08,2,minor,PR07
DEF00001239,INS00000803,外观划伤,D04,1,minor,PR07
DEF00001240,INS00000804,标签错误,D06,1,minor,PR08
DEF00001241,INS00000805,偏位,D03,2,major,PR03
DEF00001242,INS00000805,外观划伤,D04,1,minor,PR03
DEF00001243,INS00000806,功能失效,D05,2,critical,PR06
DEF00001244,INS00000806,标签错误,D06,1,minor,PR06
DEF00001245,INS00000806,老化异常,D07,1,major,PR06
DEF00001246,INS00000807,少件,D02,4,critical,PR07
DEF00001247,INS00000807,包装破损,D08,2,minor,PR07
DEF00001248,INS00000807,焊点虚焊,D01,1,major,PR07
DEF00001249,INS00000808,偏位,D03,1,major,PR08
DEF00001250,INS00000810,少件,D02,3,critical,PR06
DEF00001251,INS00000810,焊点虚焊,D01,1,major,PR06
DEF00001252,INS00000810,偏位,D03,1,major,PR06
DEF00001253,INS00000811,偏位,D03,3,major,PR07
DEF00001254,INS00000811,功能失效,D05,1,critical,PR07
DEF00001255,INS00000811,老化异常,D07,1,major,PR07
DEF00001256,INS00000812,功能失效,D05,1,critical,PR08
DEF00001257,INS00000812,少件,D02,1,critical,PR08
DEF00001258,INS00000813,包装破损,D08,1,minor,PR03
DEF00001259,INS00000814,焊点虚焊,D01,1,major,PR06
DEF00001260,INS00000814,标签错误,D06,5,minor,PR06
DEF00001261,INS00000814,外观划伤,D04,2,minor,PR06
DEF00001262,INS00000815,焊点虚焊,D01,1,major,PR07
DEF00001263,INS00000815,包装破损,D08,2,minor,PR07
DEF00001264,INS00000815,外观划伤,D04,2,minor,PR07
DEF00001265,INS00000816,偏位,D03,1,major,PR08
DEF00001266,INS00000818,标签错误,D06,4,minor,PR06
DEF00001267,INS00000818,外观划伤,D04,3,minor,PR06
DEF00001268,INS00000819,偏位,D03,3,major,PR07
DEF00001269,INS00000819,少件,D02,5,critical,PR07
DEF00001270,INS00000820,外观划伤,D04,1,minor,PR08
DEF00001271,INS00000821,少件,D02,1,critical,PR03
DEF00001272,INS00000821,功能失效,D05,1,critical,PR03
DEF00001273,INS00000822,功能失效,D05,5,critical,PR06
DEF00001274,INS00000822,标签错误,D06,2,minor,PR06
DEF00001275,INS00000822,偏位,D03,1,major,PR06
DEF00001276,INS00000823,外观划伤,D04,3,minor,PR07
DEF00001277,INS00000823,包装破损,D08,1,minor,PR07
DEF00001278,INS00000823,少件,D02,1,critical,PR07
DEF00001279,INS00000824,老化异常,D07,1,major,PR08
DEF00001280,INS00000824,功能失效,D05,1,critical,PR08
DEF00001281,INS00000825,包装破损,D08,1,minor,PR03
DEF00001282,INS00000825,标签错误,D06,1,minor,PR03
DEF00001283,INS00000826,焊点虚焊,D01,7,major,PR06
DEF00001284,INS00000826,外观划伤,D04,3,minor,PR06
DEF00001285,INS00000827,老化异常,D07,2,major,PR07
DEF00001286,INS00000827,偏位,D03,1,major,PR07
DEF00001287,INS00000827,外观划伤,D04,2,minor,PR07
DEF00001288,INS00000828,外观划伤,D04,1,minor,PR08
DEF00001289,INS00000829,标签错误,D06,1,minor,PR03
DEF00001290,INS00000830,焊点虚焊,D01,4,major,PR06
DEF00001291,INS00000831,焊点虚焊,D01,1,major,PR07
DEF00001292,INS00000831,包装破损,D08,2,minor,PR07
DEF00001293,INS00000832,老化异常,D07,1,major,PR08
DEF00001294,INS00000833,偏位,D03,1,major,PR03
DEF00001295,INS00000834,焊点虚焊,D01,8,major,PR06
DEF00001296,INS00000835,外观划伤,D04,1,minor,PR07
DEF00001297,INS00000835,偏位,D03,2,major,PR07
DEF00001298,INS00000835,包装破损,D08,2,minor,PR07
DEF00001299,INS00000836,老化异常,D07,1,major,PR08
DEF00001300,INS00000837,标签错误,D06,1,minor,PR03
DEF00001301,INS00000838,外观划伤,D04,7,minor,PR06
DEF00001302,INS00000839,功能失效,D05,1,critical,PR07
DEF00001303,INS00000839,标签错误,D06,8,minor,PR07
DEF00001304,INS00000840,功能失效,D05,1,critical,PR08
DEF00001305,INS00000841,少件,D02,1,critical,PR03
DEF00001306,INS00000842,偏位,D03,5,major,PR06
DEF00001307,INS00000842,包装破损,D08,2,minor,PR06
DEF00001308,INS00000842,外观划伤,D04,1,minor,PR06
DEF00001309,INS00000843,标签错误,D06,2,minor,PR07
DEF00001310,INS00000843,焊点虚焊,D01,2,major,PR07
DEF00001311,INS00000844,功能失效,D05,1,critical,PR08
DEF00001312,INS00000845,焊点虚焊,D01,1,major,PR03
DEF00001313,INS00000846,包装破损,D08,4,minor,PR06
DEF00001314,INS00000846,少件,D02,1,critical,PR06
DEF00001315,INS00000846,偏位,D03,1,major,PR06
DEF00001316,INS00000847,包装破损,D08,1,minor,PR07
DEF00001317,INS00000847,少件,D02,2,critical,PR07
DEF00001318,INS00000847,功能失效,D05,1,critical,PR07
DEF00001319,INS00000848,功能失效,D05,1,critical,PR08
DEF00001320,INS00000848,外观划伤,D04,1,minor,PR08
DEF00001321,INS00000849,焊点虚焊,D01,2,major,PR03
DEF00001322,INS00000850,外观划伤,D04,4,minor,PR06
DEF00001323,INS00000850,功能失效,D05,1,critical,PR06
DEF00001324,INS00000850,焊点虚焊,D01,1,major,PR06
DEF00001325,INS00000851,包装破损,D08,1,minor,PR07
DEF00001326,INS00000851,少件,D02,4,critical,PR07
DEF00001327,INS00000852,少件,D02,1,critical,PR08
DEF00001328,INS00000853,标签错误,D06,2,minor,PR03
DEF00001329,INS00000854,老化异常,D07,3,major,PR06
DEF00001330,INS00000854,标签错误,D06,2,minor,PR06
DEF00001331,INS00000855,偏位,D03,3,major,PR07
DEF00001332,INS00000855,功能失效,D05,1,critical,PR07
DEF00001333,INS00000856,老化异常,D07,1,major,PR08
DEF00001334,INS00000857,偏位,D03,1,major,PR03
DEF00001335,INS00000858,标签错误,D06,1,minor,PR06
DEF00001336,INS00000858,少件,D02,3,critical,PR06
DEF00001337,INS00000859,焊点虚焊,D01,5,major,PR07
DEF00001338,INS00000860,标签错误,D06,1,minor,PR08
DEF00001339,INS00000860,功能失效,D05,1,critical,PR08
DEF00001340,INS00000861,少件,D02,1,critical,PR03
DEF00001341,INS00000862,少件,D02,5,critical,PR06
DEF00001342,INS00000862,老化异常,D07,2,major,PR06
DEF00001343,INS00000862,外观划伤,D04,1,minor,PR06
DEF00001344,INS00000863,标签错误,D06,2,minor,PR07
DEF00001345,INS00000863,焊点虚焊,D01,1,major,PR07
DEF00001346,INS00000864,标签错误,D06,1,minor,PR08
DEF00001347,INS00000865,偏位,D03,2,major,PR03
DEF00001348,INS00000866,焊点虚焊,D01,6,major,PR06
DEF00001349,INS00000867,偏位,D03,6,major,PR07
DEF00001350,INS00000867,外观划伤,D04,1,minor,PR07
DEF00001351,INS00000867,包装破损,D08,1,minor,PR07
DEF00001352,INS00000868,包装破损,D08,1,minor,PR08
DEF00001353,INS00000869,外观划伤,D04,1,minor,PR03
DEF00001354,INS00000870,少件,D02,9,critical,PR06
DEF00001355,INS00000871,老化异常,D07,3,major,PR07
DEF00001356,INS00000871,包装破损,D08,2,minor,PR07
DEF00001357,INS00000873,偏位,D03,1,major,PR03
DEF00001358,INS00000874,老化异常,D07,5,major,PR06
DEF00001359,INS00000874,偏位,D03,3,major,PR06
DEF00001360,INS00000875,标签错误,D06,4,minor,PR07
DEF00001361,INS00000875,外观划伤,D04,2,minor,PR07
DEF00001362,INS00000876,老化异常,D07,1,major,PR08
DEF00001363,INS00000877,老化异常,D07,1,major,PR03
DEF00001364,INS00000878,焊点虚焊,D01,3,major,PR06
DEF00001365,INS00000878,功能失效,D05,4,critical,PR06
DEF00001366,INS00000879,焊点虚焊,D01,1,major,PR07
DEF00001367,INS00000879,少件,D02,1,critical,PR07
DEF00001368,INS00000879,偏位,D03,1,major,PR07
DEF00001369,INS00000880,焊点虚焊,D01,1,major,PR08
DEF00001370,INS00000881,标签错误,D06,1,minor,PR03
DEF00001371,INS00000882,焊点虚焊,D01,5,major,PR06
DEF00001372,INS00000883,外观划伤,D04,6,minor,PR07
DEF00001373,INS00000884,标签错误,D06,1,minor,PR08
DEF00001374,INS00000885,老化异常,D07,1,major,PR03
DEF00001375,INS00000886,偏位,D03,1,major,PR06
DEF00001376,INS00000886,少件,D02,10,critical,PR06
DEF00001377,INS00000887,少件,D02,5,critical,PR07
DEF00001378,INS00000888,焊点虚焊,D01,1,major,PR08
DEF00001379,INS00000889,功能失效,D05,1,critical,PR03
DEF00001380,INS00000890,功能失效,D05,2,critical,PR06
DEF00001381,INS00000890,外观划伤,D04,1,minor,PR06
DEF00001382,INS00000890,偏位,D03,1,major,PR06
DEF00001383,INS00000891,标签错误,D06,7,minor,PR07
DEF00001384,INS00000892,包装破损,D08,1,minor,PR08
DEF00001385,INS00000893,偏位,D03,1,major,PR03
DEF00001386,INS00000894,焊点虚焊,D01,2,major,PR06
DEF00001387,INS00000894,少件,D02,2,critical,PR06
DEF00001388,INS00000894,标签错误,D06,1,minor,PR06
DEF00001389,INS00000895,焊点虚焊,D01,4,major,PR07
DEF00001390,INS00000895,包装破损,D08,1,minor,PR07
DEF00001391,INS00000895,标签错误,D06,2,minor,PR07
DEF00001392,INS00000896,偏位,D03,1,major,PR08
DEF00001393,INS00000897,老化异常,D07,1,major,PR03
DEF00001394,INS00000898,标签错误,D06,10,minor,PR06
DEF00001395,INS00000899,老化异常,D07,2,major,PR07
DEF00001396,INS00000899,功能失效,D05,1,critical,PR07
DEF00001397,INS00000899,少件,D02,1,critical,PR07
DEF00001398,INS00000900,外观划伤,D04,1,minor,PR08
DEF00001399,INS00000901,功能失效,D05,1,critical,PR03
DEF00001400,INS00000902,少件,D02,2,critical,PR06
DEF00001401,INS00000902,包装破损,D08,1,minor,PR06
DEF00001402,INS00000902,外观划伤,D04,1,minor,PR06
DEF00001403,INS00000903,包装破损,D08,8,minor,PR07
DEF00001404,INS00000904,偏位,D03,1,major,PR08
DEF00001405,INS00000905,少件,D02,1,critical,PR03
DEF00001406,INS00000906,外观划伤,D04,4,minor,PR06
DEF00001407,INS00000907,焊点虚焊,D01,1,major,PR07
DEF00001408,INS00000907,功能失效,D05,4,critical,PR07
DEF00001409,INS00000910,标签错误,D06,3,minor,PR06
DEF00001410,INS00000910,偏位,D03,1,major,PR06
DEF00001411,INS00000910,少件,D02,2,critical,PR06
DEF00001412,INS00000911,标签错误,D06,2,minor,PR07
DEF00001413,INS00000911,外观划伤,D04,3,minor,PR07
DEF00001414,INS00000912,偏位,D03,1,major,PR08
DEF00001415,INS00000913,外观划伤,D04,2,minor,PR03
DEF00001416,INS00000914,偏位,D03,1,major,PR06
DEF00001417,INS00000914,老化异常,D07,1,major,PR06
DEF00001418,INS00000914,标签错误,D06,2,minor,PR06
DEF00001419,INS00000915,偏位,D03,1,major,PR07
DEF00001420,INS00000915,焊点虚焊,D01,7,major,PR07
DEF00001421,INS00000916,包装破损,D08,2,minor,PR08
DEF00001422,INS00000917,外观划伤,D04,1,minor,PR03
DEF00001423,INS00000918,少件,D02,3,critical,PR06
DEF00001424,INS00000918,老化异常,D07,2,major,PR06
DEF00001425,INS00000918,焊点虚焊,D01,1,major,PR06
DEF00001426,INS00000919,焊点虚焊,D01,12,major,PR07
DEF00001427,INS00000920,功能失效,D05,1,critical,PR08
DEF00001428,INS00000921,老化异常,D07,1,major,PR03
DEF00001429,INS00000921,焊点虚焊,D01,1,major,PR03
DEF00001430,INS00000922,老化异常,D07,6,major,PR06
DEF00001431,INS00000922,标签错误,D06,1,minor,PR06
DEF00001432,INS00000922,少件,D02,2,critical,PR06
DEF00001433,INS00000923,标签错误,D06,11,minor,PR07
DEF00001434,INS00000924,标签错误,D06,3,minor,PR08
DEF00001435,INS00000926,标签错误,D06,2,minor,PR06
DEF00001436,INS00000926,少件,D02,2,critical,PR06
DEF00001437,INS00000927,标签错误,D06,3,minor,PR07
DEF00001438,INS00000927,老化异常,D07,1,major,PR07
DEF00001439,INS00000929,少件,D02,1,critical,PR03
DEF00001440,INS00000930,偏位,D03,2,major,PR06
DEF00001441,INS00000930,外观划伤,D04,2,minor,PR06
DEF00001442,INS00000931,外观划伤,D04,2,minor,PR07
DEF00001443,INS00000931,少件,D02,2,critical,PR07
DEF00001444,INS00000931,偏位,D03,2,major,PR07
DEF00001445,INS00000933,功能失效,D05,1,critical,PR03
DEF00001446,INS00000934,外观划伤,D04,2,minor,PR06
DEF00001447,INS00000934,标签错误,D06,1,minor,PR06
DEF00001448,INS00000934,包装破损,D08,1,minor,PR06
DEF00001449,INS00000935,包装破损,D08,9,minor,PR07
DEF00001450,INS00000936,偏位,D03,1,major,PR08
DEF00001451,INS00000937,焊点虚焊,D01,1,major,PR03
DEF00001452,INS00000938,外观划伤,D04,2,minor,PR06
DEF00001453,INS00000938,偏位,D03,1,major,PR06
DEF00001454,INS00000938,老化异常,D07,2,major,PR06
DEF00001455,INS00000939,少件,D02,1,critical,PR07
DEF00001456,INS00000939,功能失效,D05,2,critical,PR07
DEF00001457,INS00000939,标签错误,D06,1,minor,PR07
DEF00001458,INS00000940,功能失效,D05,1,critical,PR08
DEF00001459,INS00000942,偏位,D03,4,major,PR06
DEF00001460,INS00000943,包装破损,D08,7,minor,PR07
DEF00001461,INS00000943,标签错误,D06,3,minor,PR07
DEF00001462,INS00000944,少件,D02,1,critical,PR08
DEF00001463,INS00000945,少件,D02,1,critical,PR03
DEF00001464,INS00000946,老化异常,D07,10,major,PR06
DEF00001465,INS00000946,功能失效,D05,3,critical,PR06
DEF00001466,INS00000947,老化异常,D07,5,major,PR07
DEF00001467,INS00000948,包装破损,D08,1,minor,PR08
DEF00001468,INS00000950,焊点虚焊,D01,4,major,PR06
DEF00001469,INS00000950,标签错误,D06,1,minor,PR06
DEF00001470,INS00000950,包装破损,D08,1,minor,PR06
DEF00001471,INS00000951,老化异常,D07,6,major,PR07
DEF00001472,INS00000951,少件,D02,1,critical,PR07
DEF00001473,INS00000952,外观划伤,D04,1,minor,PR08
DEF00001474,INS00000953,功能失效,D05,1,critical,PR03
DEF00001475,INS00000954,少件,D02,2,critical,PR06
DEF00001476,INS00000954,老化异常,D07,1,major,PR06
DEF00001477,INS00000954,外观划伤,D04,1,minor,PR06
DEF00001478,INS00000955,老化异常,D07,3,major,PR07
DEF00001479,INS00000955,焊点虚焊,D01,1,major,PR07
DEF00001480,INS00000955,外观划伤,D04,1,minor,PR07
DEF00001481,INS00000957,标签错误,D06,2,minor,PR03
DEF00001482,INS00000958,功能失效,D05,2,critical,PR06
DEF00001483,INS00000958,偏位,D03,2,major,PR06
DEF00001484,INS00000959,外观划伤,D04,9,minor,PR07
DEF00001485,INS00000960,功能失效,D05,1,critical,PR08
DEF00001486,INS00000962,包装破损,D08,7,minor,PR06
DEF00001487,INS00000963,标签错误,D06,1,minor,PR07
DEF00001488,INS00000963,老化异常,D07,4,major,PR07
DEF00001489,INS00000965,标签错误,D06,1,minor,PR03
DEF00001490,INS00000966,焊点虚焊,D01,1,major,PR06
DEF00001491,INS00000966,少件,D02,2,critical,PR06
DEF00001492,INS00000966,老化异常,D07,1,major,PR06
DEF00001493,INS00000967,包装破损,D08,6,minor,PR07
DEF00001494,INS00000968,焊点虚焊,D01,1,major,PR08
DEF00001495,INS00000969,老化异常,D07,3,major,PR03
DEF00001496,INS00000970,功能失效,D05,6,critical,PR06
DEF00001497,INS00000971,焊点虚焊,D01,8,major,PR07
DEF00001498,INS00000972,老化异常,D07,1,major,PR08
DEF00001499,INS00000973,包装破损,D08,2,minor,PR03
DEF00001500,INS00000973,偏位,D03,2,major,PR03
DEF00001501,INS00000974,老化异常,D07,3,major,PR06
DEF00001502,INS00000974,标签错误,D06,2,minor,PR06
DEF00001503,INS00000975,焊点虚焊,D01,4,major,PR07
DEF00001504,INS00000975,老化异常,D07,1,major,PR07
DEF00001505,INS00000976,偏位,D03,1,major,PR08
DEF00001506,INS00000976,标签错误,D06,1,minor,PR08
DEF00001507,INS00000977,标签错误,D06,1,minor,PR03
DEF00001508,INS00000978,包装破损,D08,5,minor,PR06
DEF00001509,INS00000978,焊点虚焊,D01,3,major,PR06
DEF00001510,INS00000979,少件,D02,3,critical,PR07
DEF00001511,INS00000979,焊点虚焊,D01,1,major,PR07
DEF00001512,INS00000979,标签错误,D06,1,minor,PR07
DEF00001513,INS00000980,功能失效,D05,2,critical,PR08
DEF00001514,INS00000981,标签错误,D06,1,minor,PR03
DEF00001515,INS00000982,少件,D02,2,critical,PR06
DEF00001516,INS00000982,功能失效,D05,6,critical,PR06
DEF00001517,INS00000982,焊点虚焊,D01,1,major,PR06
DEF00001518,INS00000983,偏位,D03,3,major,PR07
DEF00001519,INS00000983,功能失效,D05,2,critical,PR07
DEF00001520,INS00000983,包装破损,D08,4,minor,PR07
DEF00001521,INS00000984,焊点虚焊,D01,1,major,PR08
DEF00001522,INS00000984,功能失效,D05,1,critical,PR08
DEF00001523,INS00000985,少件,D02,1,critical,PR03
DEF00001524,INS00000986,偏位,D03,9,major,PR06
DEF00001525,INS00000987,少件,D02,8,critical,PR07
DEF00001526,INS00000988,包装破损,D08,3,minor,PR08
DEF00001527,INS00000990,功能失效,D05,5,critical,PR06
DEF00001528,INS00000991,少件,D02,3,critical,PR07
DEF00001529,INS00000991,功能失效,D05,1,critical,PR07
DEF00001530,INS00000992,偏位,D03,1,major,PR08
DEF00001531,INS00000993,偏位,D03,4,major,PR03
DEF00001532,INS00000994,少件,D02,1,critical,PR06
DEF00001533,INS00000994,标签错误,D06,5,minor,PR06
DEF00001534,INS00000995,焊点虚焊,D01,5,major,PR07
DEF00001535,INS00000996,偏位,D03,1,major,PR08
DEF00001536,INS00000996,焊点虚焊,D01,1,major,PR08
DEF00001537,INS00000997,少件,D02,1,critical,PR03
DEF00001538,INS00000998,标签错误,D06,6,minor,PR06
DEF00001539,INS00000998,包装破损,D08,1,minor,PR06
DEF00001540,INS00000999,少件,D02,2,critical,PR07
DEF00001541,INS00000999,外观划伤,D04,2,minor,PR07
DEF00001542,INS00000999,老化异常,D07,1,major,PR07
DEF00001543,INS00001000,焊点虚焊,D01,1,major,PR08
DEF00001544,INS00001001,外观划伤,D04,1,minor,PR03
DEF00001545,INS00001002,外观划伤,D04,6,minor,PR06
DEF00001546,INS00001003,偏位,D03,3,major,PR07
DEF00001547,INS00001003,功能失效,D05,3,critical,PR07
DEF00001548,INS00001005,包装破损,D08,1,minor,PR03
DEF00001549,INS00001006,偏位,D03,8,major,PR06
DEF00001550,INS00001006,功能失效,D05,1,critical,PR06
DEF00001551,INS00001006,少件,D02,2,critical,PR06
DEF00001552,INS00001007,包装破损,D08,2,minor,PR07
DEF00001553,INS00001007,老化异常,D07,3,major,PR07
DEF00001554,INS00001008,标签错误,D06,2,minor,PR08
DEF00001555,INS00001010,偏位,D03,5,major,PR06
DEF00001556,INS00001010,外观划伤,D04,1,minor,PR06
DEF00001557,INS00001010,焊点虚焊,D01,2,major,PR06
DEF00001558,INS00001011,少件,D02,2,critical,PR07
DEF00001559,INS00001011,偏位,D03,2,major,PR07
DEF00001560,INS00001011,老化异常,D07,1,major,PR07
DEF00001561,INS00001012,外观划伤,D04,1,minor,PR08
DEF00001562,INS00001013,外观划伤,D04,2,minor,PR03
DEF00001563,INS00001013,偏位,D03,1,major,PR03
DEF00001564,INS00001014,外观划伤,D04,5,minor,PR06
DEF00001565,INS00001014,包装破损,D08,1,minor,PR06
DEF00001566,INS00001014,偏位,D03,2,major,PR06
DEF00001567,INS00001015,老化异常,D07,3,major,PR07
DEF00001568,INS00001016,标签错误,D06,1,minor,PR08
DEF00001569,INS00001016,偏位,D03,1,major,PR08
DEF00001570,INS00001017,包装破损,D08,1,minor,PR03
DEF00001571,INS00001018,偏位,D03,3,major,PR06
DEF00001572,INS00001018,功能失效,D05,3,critical,PR06
DEF00001573,INS00001019,少件,D02,2,critical,PR07
DEF00001574,INS00001019,焊点虚焊,D01,2,major,PR07
DEF00001575,INS00001019,外观划伤,D04,2,minor,PR07
DEF00001576,INS00001021,偏位,D03,1,major,PR03
DEF00001577,INS00001022,外观划伤,D04,5,minor,PR06
DEF00001578,INS00001022,标签错误,D06,3,minor,PR06
DEF00001579,INS00001023,功能失效,D05,6,critical,PR07
DEF00001580,INS00001023,外观划伤,D04,1,minor,PR07
DEF00001581,INS00001025,焊点虚焊,D01,1,major,PR03
DEF00001582,INS00001026,焊点虚焊,D01,3,major,PR06
DEF00001583,INS00001026,标签错误,D06,1,minor,PR06
DEF00001584,INS00001026,少件,D02,1,critical,PR06
DEF00001585,INS00001027,焊点虚焊,D01,8,major,PR07
DEF00001586,INS00001028,少件,D02,1,critical,PR08
DEF00001587,INS00001029,焊点虚焊,D01,1,major,PR03
DEF00001588,INS00001029,老化异常,D07,1,major,PR03
DEF00001589,INS00001029,标签错误,D06,1,minor,PR03
DEF00001590,INS00001030,外观划伤,D04,4,minor,PR06
DEF00001591,INS00001030,偏位,D03,3,major,PR06
DEF00001592,INS00001030,包装破损,D08,1,minor,PR06
DEF00001593,INS00001031,老化异常,D07,4,major,PR07
DEF00001594,INS00001031,外观划伤,D04,1,minor,PR07
DEF00001595,INS00001032,偏位,D03,1,major,PR08
DEF00001596,INS00001033,包装破损,D08,1,minor,PR03
DEF00001597,INS00001034,焊点虚焊,D01,2,major,PR06
DEF00001598,INS00001034,功能失效,D05,2,critical,PR06
DEF00001599,INS00001035,标签错误,D06,1,minor,PR07
DEF00001600,INS00001035,老化异常,D07,9,major,PR07
DEF00001601,INS00001036,标签错误,D06,1,minor,PR08
DEF00001602,INS00001037,偏位,D03,1,major,PR03
DEF00001603,INS00001038,包装破损,D08,1,minor,PR06
DEF00001604,INS00001038,功能失效,D05,5,critical,PR06
DEF00001605,INS00001038,标签错误,D06,1,minor,PR06
DEF00001606,INS00001039,偏位,D03,7,major,PR07
DEF00001607,INS00001040,老化异常,D07,1,major,PR08
DEF00001608,INS00001041,老化异常,D07,1,major,PR03
DEF00001609,INS00001042,标签错误,D06,7,minor,PR06
DEF00001610,INS00001043,偏位,D03,1,major,PR07
DEF00001611,INS00001043,功能失效,D05,6,critical,PR07
DEF00001612,INS00001044,偏位,D03,1,major,PR08
DEF00001613,INS00001045,焊点虚焊,D01,1,major,PR03
DEF00001614,INS00001045,外观划伤,D04,1,minor,PR03
DEF00001615,INS00001046,功能失效,D05,10,critical,PR06
DEF00001616,INS00001047,偏位,D03,5,major,PR07
DEF00001617,INS00001048,少件,D02,1,critical,PR08
DEF00001618,INS00001049,功能失效,D05,1,critical,PR03
DEF00001619,INS00001050,功能失效,D05,7,critical,PR06
DEF00001620,INS00001050,焊点虚焊,D01,7,major,PR06
DEF00001621,INS00001051,偏位,D03,7,major,PR07
DEF00001622,INS00001052,老化异常,D07,1,major,PR08
DEF00001623,INS00001053,老化异常,D07,1,major,PR03
DEF00001624,INS00001054,焊点虚焊,D01,5,major,PR06
DEF00001625,INS00001054,外观划伤,D04,1,minor,PR06
DEF00001626,INS00001055,偏位,D03,8,major,PR07
DEF00001627,INS00001056,少件,D02,1,critical,PR08
DEF00001628,INS00001057,偏位,D03,1,major,PR03
DEF00001629,INS00001058,偏位,D03,1,major,PR06
DEF00001630,INS00001058,包装破损,D08,2,minor,PR06
DEF00001631,INS00001058,老化异常,D07,1,major,PR06
DEF00001632,INS00001059,少件,D02,4,critical,PR07
DEF00001633,INS00001059,焊点虚焊,D01,2,major,PR07
DEF00001634,INS00001061,偏位,D03,1,major,PR03
DEF00001635,INS00001062,标签错误,D06,4,minor,PR06
DEF00001636,INS00001062,老化异常,D07,1,major,PR06
DEF00001637,INS00001062,功能失效,D05,3,critical,PR06
DEF00001638,INS00001063,标签错误,D06,4,minor,PR07
DEF00001639,INS00001063,少件,D02,1,critical,PR07
DEF00001640,INS00001063,老化异常,D07,1,major,PR07
DEF00001641,INS00001064,标签错误,D06,1,minor,PR08
DEF00001642,INS00001065,焊点虚焊,D01,1,major,PR03
DEF00001643,INS00001066,标签错误,D06,2,minor,PR06
DEF00001644,INS00001066,包装破损,D08,2,minor,PR06
DEF00001645,INS00001067,功能失效,D05,4,critical,PR07
DEF00001646,INS00001067,少件,D02,2,critical,PR07
DEF00001647,INS00001068,标签错误,D06,1,minor,PR08
DEF00001648,INS00001069,老化异常,D07,1,major,PR03
DEF00001649,INS00001069,标签错误,D06,1,minor,PR03
DEF00001650,INS00001070,老化异常,D07,1,major,PR06
DEF00001651,INS00001070,偏位,D03,1,major,PR06
DEF00001652,INS00001070,功能失效,D05,4,critical,PR06
DEF00001653,INS00001071,功能失效,D05,1,critical,PR07
DEF00001654,INS00001071,外观划伤,D04,2,minor,PR07
DEF00001655,INS00001071,少件,D02,1,critical,PR07
DEF00001656,INS00001072,包装破损,D08,2,minor,PR08
DEF00001657,INS00001072,焊点虚焊,D01,1,major,PR08
DEF00001658,INS00001074,偏位,D03,4,major,PR06
DEF00001659,INS00001074,少件,D02,1,critical,PR06
DEF00001660,INS00001075,焊点虚焊,D01,2,major,PR07
DEF00001661,INS00001075,包装破损,D08,1,minor,PR07
DEF00001662,INS00001077,功能失效,D05,1,critical,PR03
DEF00001663,INS00001078,焊点虚焊,D01,4,major,PR06
DEF00001664,INS00001078,外观划伤,D04,2,minor,PR06
DEF00001665,INS00001079,少件,D02,4,critical,PR07
DEF00001666,INS00001080,功能失效,D05,1,critical,PR08
DEF00001667,INS00001080,焊点虚焊,D01,1,major,PR08
DEF00001668,INS00001081,包装破损,D08,2,minor,PR03
DEF00001669,INS00001082,标签错误,D06,5,minor,PR06
DEF00001670,INS00001083,偏位,D03,3,major,PR07
DEF00001671,INS00001083,老化异常,D07,1,major,PR07
DEF00001672,INS00001083,少件,D02,4,critical,PR07
DEF00001673,INS00001084,少件,D02,2,critical,PR08
DEF00001674,INS00001085,老化异常,D07,1,major,PR03
DEF00001675,INS00001086,焊点虚焊,D01,3,major,PR06
DEF00001676,INS00001086,标签错误,D06,2,minor,PR06
DEF00001677,INS00001087,功能失效,D05,3,critical,PR07
DEF00001678,INS00001087,少件,D02,1,critical,PR07
DEF00001679,INS00001087,包装破损,D08,1,minor,PR07
DEF00001680,INS00001089,外观划伤,D04,1,minor,PR03
DEF00001681,INS00001090,标签错误,D06,6,minor,PR06
DEF00001682,INS00001090,少件,D02,7,critical,PR06
DEF00001683,INS00001090,外观划伤,D04,1,minor,PR06
DEF00001684,INS00001091,外观划伤,D04,4,minor,PR07
DEF00001685,INS00001092,外观划伤,D04,1,minor,PR08
DEF00001686,INS00001093,包装破损,D08,1,minor,PR03
DEF00001687,INS00001094,老化异常,D07,8,major,PR06
DEF00001688,INS00001095,包装破损,D08,3,minor,PR07
DEF00001689,INS00001095,偏位,D03,2,major,PR07
DEF00001690,INS00001095,外观划伤,D04,3,minor,PR07
DEF00001691,INS00001096,标签错误,D06,1,minor,PR08
DEF00001692,INS00001097,老化异常,D07,1,major,PR03
DEF00001693,INS00001098,偏位,D03,3,major,PR06
DEF00001694,INS00001098,包装破损,D08,1,minor,PR06
DEF00001695,INS00001098,老化异常,D07,1,major,PR06
DEF00001696,INS00001099,标签错误,D06,4,minor,PR07
DEF00001697,INS00001099,老化异常,D07,2,major,PR07
DEF00001698,INS00001100,标签错误,D06,1,minor,PR08
DEF00001699,INS00001101,标签错误,D06,2,minor,PR03
DEF00001700,INS00001102,标签错误,D06,5,minor,PR06
DEF00001701,INS00001102,包装破损,D08,2,minor,PR06
DEF00001702,INS00001102,外观划伤,D04,1,minor,PR06
DEF00001703,INS00001103,功能失效,D05,2,critical,PR07
DEF00001704,INS00001103,外观划伤,D04,2,minor,PR07
DEF00001705,INS00001104,功能失效,D05,1,critical,PR08
DEF00001706,INS00001105,包装破损,D08,3,minor,PR03
DEF00001707,INS00001106,标签错误,D06,4,minor,PR06
DEF00001708,INS00001106,少件,D02,1,critical,PR06
DEF00001709,INS00001106,老化异常,D07,4,major,PR06
DEF00001710,INS00001107,老化异常,D07,5,major,PR07
DEF00001711,INS00001108,偏位,D03,1,major,PR08
DEF00001712,INS00001108,老化异常,D07,1,major,PR08
DEF00001713,INS00001109,少件,D02,1,critical,PR03
DEF00001714,INS00001110,少件,D02,3,critical,PR06
DEF00001715,INS00001110,功能失效,D05,1,critical,PR06
DEF00001716,INS00001110,偏位,D03,1,major,PR06
DEF00001717,INS00001111,功能失效,D05,1,critical,PR07
DEF00001718,INS00001111,老化异常,D07,3,major,PR07
DEF00001719,INS00001111,标签错误,D06,1,minor,PR07
DEF00001720,INS00001112,外观划伤,D04,1,minor,PR08
DEF00001721,INS00001113,标签错误,D06,1,minor,PR03
DEF00001722,INS00001113,偏位,D03,1,major,PR03
DEF00001723,INS00001114,标签错误,D06,4,minor,PR06
DEF00001724,INS00001114,焊点虚焊,D01,1,major,PR06
DEF00001725,INS00001114,功能失效,D05,4,critical,PR06
DEF00001726,INS00001115,少件,D02,1,critical,PR07
DEF00001727,INS00001115,老化异常,D07,4,major,PR07
DEF00001728,INS00001115,功能失效,D05,2,critical,PR07
DEF00001729,INS00001116,外观划伤,D04,1,minor,PR08
DEF00001730,INS00001116,焊点虚焊,D01,1,major,PR08
DEF00001731,INS00001116,标签错误,D06,2,minor,PR08
DEF00001732,INS00001117,功能失效,D05,1,critical,PR03
DEF00001733,INS00001118,老化异常,D07,6,major,PR06
DEF00001734,INS00001118,焊点虚焊,D01,2,major,PR06
DEF00001735,INS00001119,少件,D02,1,critical,PR07
DEF00001736,INS00001119,老化异常,D07,5,major,PR07
DEF00001737,INS00001120,包装破损,D08,1,minor,PR08
DEF00001738,INS00001121,标签错误,D06,1,minor,PR03
DEF00001739,INS00001122,焊点虚焊,D01,9,major,PR06
DEF00001740,INS00001123,包装破损,D08,7,minor,PR07
DEF00001741,INS00001124,外观划伤,D04,1,minor,PR08
DEF00001742,INS00001125,少件,D02,1,critical,PR03
DEF00001743,INS00001126,偏位,D03,9,major,PR06
DEF00001744,INS00001127,偏位,D03,9,major,PR07
DEF00001745,INS00001128,少件,D02,1,critical,PR08
DEF00001746,INS00001129,偏位,D03,2,major,PR03
DEF00001747,INS00001130,功能失效,D05,8,critical,PR06
DEF00001748,INS00001131,偏位,D03,2,major,PR07
DEF00001749,INS00001131,老化异常,D07,1,major,PR07
DEF00001750,INS00001131,功能失效,D05,2,critical,PR07
DEF00001751,INS00001132,少件,D02,3,critical,PR08
DEF00001752,INS00001132,老化异常,D07,1,major,PR08
DEF00001753,INS00001132,偏位,D03,1,major,PR08
DEF00001754,INS00001134,少件,D02,4,critical,PR06
DEF00001755,INS00001134,外观划伤,D04,1,minor,PR06
DEF00001756,INS00001134,功能失效,D05,6,critical,PR06
DEF00001757,INS00001135,老化异常,D07,1,major,PR07
DEF00001758,INS00001135,偏位,D03,1,major,PR07
DEF00001759,INS00001135,焊点虚焊,D01,1,major,PR07
DEF00001760,INS00001137,少件,D02,1,critical,PR03
DEF00001761,INS00001138,功能失效,D05,1,critical,PR06
DEF00001762,INS00001138,标签错误,D06,5,minor,PR06
DEF00001763,INS00001139,包装破损,D08,2,minor,PR07
DEF00001764,INS00001139,焊点虚焊,D01,4,major,PR07
DEF00001765,INS00001139,老化异常,D07,4,major,PR07
DEF00001766,INS00001140,老化异常,D07,1,major,PR08
DEF00001767,INS00001141,包装破损,D08,1,minor,PR03
DEF00001768,INS00001142,老化异常,D07,3,major,PR06
DEF00001769,INS00001142,焊点虚焊,D01,2,major,PR06
DEF00001770,INS00001143,功能失效,D05,3,critical,PR07
DEF00001771,INS00001143,包装破损,D08,3,minor,PR07
DEF00001772,INS00001144,标签错误,D06,2,minor,PR08
DEF00001773,INS00001145,焊点虚焊,D01,3,major,PR03
DEF00001774,INS00001146,少件,D02,2,critical,PR06
DEF00001775,INS00001146,老化异常,D07,3,major,PR06
DEF00001776,INS00001146,功能失效,D05,2,critical,PR06
DEF00001777,INS00001147,包装破损,D08,6,minor,PR07
DEF00001778,INS00001147,少件,D02,2,critical,PR07
DEF00001779,INS00001147,焊点虚焊,D01,1,major,PR07
DEF00001780,INS00001148,包装破损,D08,1,minor,PR08
DEF00001781,INS00001148,焊点虚焊,D01,1,major,PR08
DEF00001782,INS00001149,焊点虚焊,D01,1,major,PR03
DEF00001783,INS00001150,焊点虚焊,D01,2,major,PR06
DEF00001784,INS00001150,功能失效,D05,2,critical,PR06
DEF00001785,INS00001151,标签错误,D06,1,minor,PR07
DEF00001786,INS00001151,老化异常,D07,1,major,PR07
DEF00001787,INS00001151,包装破损,D08,2,minor,PR07
DEF00001788,INS00001153,偏位,D03,1,major,PR03
DEF00001789,INS00001154,偏位,D03,5,major,PR06
DEF00001790,INS00001155,标签错误,D06,2,minor,PR07
DEF00001791,INS00001155,焊点虚焊,D01,1,major,PR07
DEF00001792,INS00001155,功能失效,D05,3,critical,PR07
DEF00001793,INS00001157,偏位,D03,1,major,PR03
DEF00001794,INS00001158,少件,D02,2,critical,PR06
DEF00001795,INS00001158,功能失效,D05,5,critical,PR06
DEF00001796,INS00001158,老化异常,D07,2,major,PR06
DEF00001797,INS00001159,焊点虚焊,D01,3,major,PR07
DEF00001798,INS00001159,少件,D02,4,critical,PR07
DEF00001799,INS00001160,标签错误,D06,1,minor,PR08
DEF00001800,INS00001162,偏位,D03,8,major,PR06
DEF00001801,INS00001163,老化异常,D07,5,major,PR07
DEF00001802,INS00001163,少件,D02,2,critical,PR07
DEF00001803,INS00001164,焊点虚焊,D01,1,major,PR08
DEF00001804,INS00001165,焊点虚焊,D01,1,major,PR03
DEF00001805,INS00001166,焊点虚焊,D01,3,major,PR06
DEF00001806,INS00001166,外观划伤,D04,2,minor,PR06
DEF00001807,INS00001166,标签错误,D06,1,minor,PR06
DEF00001808,INS00001167,少件,D02,4,critical,PR07
DEF00001809,INS00001168,外观划伤,D04,1,minor,PR08
DEF00001810,INS00001169,功能失效,D05,1,critical,PR03
DEF00001811,INS00001170,偏位,D03,1,major,PR06
DEF00001812,INS00001170,标签错误,D06,8,minor,PR06
DEF00001813,INS00001171,包装破损,D08,3,minor,PR07
DEF00001814,INS00001172,少件,D02,1,critical,PR08
DEF00001815,INS00001174,包装破损,D08,11,minor,PR06
DEF00001816,INS00001175,焊点虚焊,D01,4,major,PR07
DEF00001817,INS00001175,功能失效,D05,1,critical,PR07
DEF00001818,INS00001175,少件,D02,1,critical,PR07
DEF00001819,INS00001176,标签错误,D06,1,minor,PR08
DEF00001820,INS00001177,标签错误,D06,1,minor,PR03
DEF00001821,INS00001178,老化异常,D07,7,major,PR06
DEF00001822,INS00001179,标签错误,D06,2,minor,PR07
DEF00001823,INS00001179,老化异常,D07,4,major,PR07
DEF00001824,INS00001180,标签错误,D06,1,minor,PR08
DEF00001825,INS00001181,外观划伤,D04,1,minor,PR03
DEF00001826,INS00001182,焊点虚焊,D01,6,major,PR06
DEF00001827,INS00001183,偏位,D03,1,major,PR07
DEF00001828,INS00001183,焊点虚焊,D01,3,major,PR07
DEF00001829,INS00001184,少件,D02,1,critical,PR08
DEF00001830,INS00001185,功能失效,D05,2,critical,PR03
DEF00001831,INS00001186,功能失效,D05,1,critical,PR06
DEF00001832,INS00001186,焊点虚焊,D01,3,major,PR06
DEF00001833,INS00001186,标签错误,D06,1,minor,PR06
DEF00001834,INS00001187,功能失效,D05,5,critical,PR07
DEF00001835,INS00001189,老化异常,D07,1,major,PR03
DEF00001836,INS00001190,外观划伤,D04,6,minor,PR06
DEF00001837,INS00001190,标签错误,D06,1,minor,PR06
DEF00001838,INS00001191,包装破损,D08,14,minor,PR07
DEF00001839,INS00001192,焊点虚焊,D01,1,major,PR08
DEF00001840,INS00001193,包装破损,D08,1,minor,PR03
DEF00001841,INS00001194,焊点虚焊,D01,5,major,PR06
DEF00001842,INS00001195,少件,D02,4,critical,PR07
DEF00001843,INS00001195,偏位,D03,1,major,PR07
DEF00001844,INS00001195,老化异常,D07,1,major,PR07
DEF00001845,INS00001196,功能失效,D05,1,critical,PR08
DEF00001846,INS00001197,老化异常,D07,1,major,PR03
DEF00001847,INS00001198,老化异常,D07,1,major,PR06
DEF00001848,INS00001198,外观划伤,D04,3,minor,PR06
DEF00001849,INS00001199,焊点虚焊,D01,10,major,PR07
DEF00001850,INS00001199,功能失效,D05,1,critical,PR07
DEF00001851,INS00001199,外观划伤,D04,1,minor,PR07
DEF00001852,INS00001200,老化异常,D07,1,major,PR08
DEF00001853,INS00001200,包装破损,D08,1,minor,PR08
DEF00001854,INS00001201,标签错误,D06,2,minor,PR03
DEF00001855,INS00001202,少件,D02,1,critical,PR06
DEF00001856,INS00001202,标签错误,D06,1,minor,PR06
DEF00001857,INS00001202,老化异常,D07,2,major,PR06
DEF00001858,INS00001203,外观划伤,D04,5,minor,PR07
DEF00001859,INS00001203,功能失效,D05,5,critical,PR07
DEF00001860,INS00001204,老化异常,D07,1,major,PR08
DEF00001861,INS00001205,焊点虚焊,D01,2,major,PR03
DEF00001862,INS00001206,偏位,D03,2,major,PR06
DEF00001863,INS00001206,外观划伤,D04,2,minor,PR06
DEF00001864,INS00001207,标签错误,D06,13,minor,PR07
DEF00001865,INS00001208,功能失效,D05,2,critical,PR08
DEF00001866,INS00001209,包装破损,D08,1,minor,PR03
DEF00001867,INS00001210,少件,D02,8,critical,PR06
DEF00001868,INS00001210,焊点虚焊,D01,1,major,PR06
DEF00001869,INS00001210,标签错误,D06,1,minor,PR06
DEF00001870,INS00001211,偏位,D03,8,major,PR07
DEF00001871,INS00001212,老化异常,D07,1,major,PR08
DEF00001872,INS00001214,标签错误,D06,6,minor,PR06
DEF00001873,INS00001214,功能失效,D05,3,critical,PR06
DEF00001874,INS00001215,焊点虚焊,D01,1,major,PR07
DEF00001875,INS00001215,标签错误,D06,8,minor,PR07
DEF00001876,INS00001216,焊点虚焊,D01,1,major,PR08
DEF00001877,INS00001217,少件,D02,1,critical,PR03
DEF00001878,INS00001218,偏位,D03,7,major,PR06
DEF00001879,INS00001218,功能失效,D05,3,critical,PR06
DEF00001880,INS00001219,包装破损,D08,6,minor,PR07
DEF00001881,INS00001220,少件,D02,1,critical,PR08
DEF00001882,INS00001221,偏位,D03,1,major,PR03
DEF00001883,INS00001221,包装破损,D08,1,minor,PR03
DEF00001884,INS00001222,包装破损,D08,4,minor,PR06
DEF00001885,INS00001222,标签错误,D06,5,minor,PR06
DEF00001886,INS00001223,偏位,D03,3,major,PR07
DEF00001887,INS00001223,功能失效,D05,1,critical,PR07
DEF00001888,INS00001223,包装破损,D08,1,minor,PR07
DEF00001889,INS00001224,标签错误,D06,2,minor,PR08
DEF00001890,INS00001226,焊点虚焊,D01,2,major,PR06
DEF00001891,INS00001226,偏位,D03,1,major,PR06
DEF00001892,INS00001227,标签错误,D06,1,minor,PR07
DEF00001893,INS00001227,少件,D02,8,critical,PR07
DEF00001894,INS00001228,功能失效,D05,1,critical,PR08
DEF00001895,INS00001229,外观划伤,D04,1,minor,PR03
DEF00001896,INS00001230,少件,D02,5,critical,PR06
DEF00001897,INS00001230,外观划伤,D04,2,minor,PR06
DEF00001898,INS00001231,老化异常,D07,3,major,PR07
DEF00001899,INS00001233,标签错误,D06,1,minor,PR03
DEF00001900,INS00001234,标签错误,D06,1,minor,PR06
DEF00001901,INS00001234,外观划伤,D04,3,minor,PR06
DEF00001902,INS00001235,老化异常,D07,3,major,PR07
DEF00001903,INS00001235,功能失效,D05,1,critical,PR07
DEF00001904,INS00001236,偏位,D03,1,major,PR08
DEF00001905,INS00001237,功能失效,D05,2,critical,PR03
DEF00001906,INS00001238,焊点虚焊,D01,11,major,PR06
DEF00001907,INS00001239,外观划伤,D04,8,minor,PR07
DEF00001908,INS00001240,功能失效,D05,1,critical,PR08
DEF00001909,INS00001240,包装破损,D08,1,minor,PR08
DEF00001910,INS00001240,标签错误,D06,1,minor,PR08
DEF00001911,INS00001241,少件,D02,1,critical,PR03
DEF00001912,INS00001242,偏位,D03,10,major,PR06
DEF00001913,INS00001243,包装破损,D08,4,minor,PR07
DEF00001914,INS00001243,老化异常,D07,7,major,PR07
DEF00001915,INS00001244,少件,D02,1,critical,PR08
DEF00001916,INS00001245,少件,D02,1,critical,PR03
DEF00001917,INS00001245,外观划伤,D04,1,minor,PR03
DEF00001918,INS00001246,偏位,D03,12,major,PR06
DEF00001919,INS00001247,功能失效,D05,2,critical,PR07
DEF00001920,INS00001247,焊点虚焊,D01,3,major,PR07
DEF00001921,INS00001248,偏位,D03,1,major,PR08
DEF00001922,INS00001250,少件,D02,4,critical,PR06
DEF00001923,INS00001250,功能失效,D05,1,critical,PR06
DEF00001924,INS00001251,少件,D02,1,critical,PR07
DEF00001925,INS00001251,外观划伤,D04,4,minor,PR07
DEF00001926,INS00001251,偏位,D03,1,major,PR07
DEF00001927,INS00001252,偏位,D03,1,major,PR08
DEF00001928,INS00001253,焊点虚焊,D01,1,major,PR03
DEF00001929,INS00001254,偏位,D03,2,major,PR06
DEF00001930,INS00001254,外观划伤,D04,3,minor,PR06
DEF00001931,INS00001254,功能失效,D05,3,critical,PR06
DEF00001932,INS00001255,老化异常,D07,2,major,PR07
DEF00001933,INS00001255,偏位,D03,3,major,PR07
DEF00001934,INS00001255,标签错误,D06,2,minor,PR07
DEF00001935,INS00001256,功能失效,D05,1,critical,PR08
DEF00001936,INS00001256,偏位,D03,2,major,PR08
DEF00001937,INS00001257,少件,D02,1,critical,PR03
DEF00001938,INS00001257,焊点虚焊,D01,1,major,PR03
DEF00001939,INS00001258,焊点虚焊,D01,1,major,PR06
DEF00001940,INS00001258,外观划伤,D04,2,minor,PR06
DEF00001941,INS00001258,标签错误,D06,1,minor,PR06
DEF00001942,INS00001259,老化异常,D07,8,major,PR07
DEF00001943,INS00001260,少件,D02,1,critical,PR08
DEF00001944,INS00001261,外观划伤,D04,1,minor,PR03
DEF00001945,INS00001262,标签错误,D06,2,minor,PR06
DEF00001946,INS00001262,包装破损,D08,5,minor,PR06
DEF00001947,INS00001263,焊点虚焊,D01,2,major,PR07
DEF00001948,INS00001263,老化异常,D07,4,major,PR07
DEF00001949,INS00001263,功能失效,D05,5,critical,PR07
DEF00001950,INS00001264,老化异常,D07,3,major,PR08
DEF00001951,INS00001265,老化异常,D07,1,major,PR03
DEF00001952,INS00001266,功能失效,D05,2,critical,PR06
DEF00001953,INS00001266,偏位,D03,3,major,PR06
DEF00001954,INS00001267,老化异常,D07,2,major,PR07
DEF00001955,INS00001267,外观划伤,D04,2,minor,PR07
DEF00001956,INS00001267,偏位,D03,3,major,PR07
DEF00001957,INS00001269,少件,D02,1,critical,PR03
DEF00001958,INS00001270,包装破损,D08,8,minor,PR06
DEF00001959,INS00001271,焊点虚焊,D01,6,major,PR07
DEF00001960,INS00001274,标签错误,D06,2,minor,PR06
DEF00001961,INS00001274,焊点虚焊,D01,3,major,PR06
DEF00001962,INS00001275,包装破损,D08,7,minor,PR07
DEF00001963,INS00001276,偏位,D03,1,major,PR08
DEF00001964,INS00001277,少件,D02,1,critical,PR03
DEF00001965,INS00001278,外观划伤,D04,7,minor,PR06
DEF00001966,INS00001278,功能失效,D05,8,critical,PR06
DEF00001967,INS00001279,标签错误,D06,8,minor,PR07
DEF00001968,INS00001280,功能失效,D05,2,critical,PR08
DEF00001969,INS00001281,焊点虚焊,D01,1,major,PR03
DEF00001970,INS00001282,功能失效,D05,9,critical,PR06
DEF00001971,INS00001283,老化异常,D07,4,major,PR07
DEF00001972,INS00001284,焊点虚焊,D01,1,major,PR08
DEF00001973,INS00001285,少件,D02,1,critical,PR03
DEF00001974,INS00001286,少件,D02,1,critical,PR06
DEF00001975,INS00001286,功能失效,D05,6,critical,PR06
DEF00001976,INS00001286,外观划伤,D04,1,minor,PR06
DEF00001977,INS00001287,外观划伤,D04,7,minor,PR07
DEF00001978,INS00001288,少件,D02,1,critical,PR08
DEF00001979,INS00001288,焊点虚焊,D01,1,major,PR08
DEF00001980,INS00001289,少件,D02,1,critical,PR03
DEF00001981,INS00001290,标签错误,D06,1,minor,PR06
DEF00001982,INS00001290,焊点虚焊,D01,2,major,PR06
DEF00001983,INS00001290,偏位,D03,1,major,PR06
DEF00001984,INS00001291,少件,D02,6,critical,PR07
DEF00001985,INS00001293,外观划伤,D04,1,minor,PR03
DEF00001986,INS00001293,少件,D02,1,critical,PR03
DEF00001987,INS00001294,外观划伤,D04,5,minor,PR06
DEF00001988,INS00001295,老化异常,D07,3,major,PR07
DEF00001989,INS00001295,焊点虚焊,D01,2,major,PR07
DEF00001990,INS00001295,少件,D02,1,critical,PR07
DEF00001991,INS00001296,包装破损,D08,2,minor,PR08
DEF00001992,INS00001297,焊点虚焊,D01,1,major,PR03
DEF00001993,INS00001298,少件,D02,8,critical,PR06
DEF00001994,INS00001299,标签错误,D06,8,minor,PR07
DEF00001995,INS00001299,老化异常,D07,2,major,PR07
DEF00001996,INS00001299,少件,D02,1,critical,PR07
DEF00001997,INS00001301,偏位,D03,1,major,PR03
DEF00001998,INS00001302,少件,D02,4,critical,PR06
DEF00001999,INS00001303,老化异常,D07,5,major,PR07
DEF00002000,INS00001304,功能失效,D05,1,critical,PR08
DEF00002001,INS00001304,标签错误,D06,1,minor,PR08
DEF00002002,INS00001305,焊点虚焊,D01,1,major,PR03
DEF00002003,INS00001306,功能失效,D05,8,critical,PR06
DEF00002004,INS00001307,老化异常,D07,2,major,PR07
DEF00002005,INS00001307,焊点虚焊,D01,1,major,PR07
DEF00002006,INS00001307,偏位,D03,6,major,PR07
DEF00002007,INS00001308,包装破损,D08,1,minor,PR08
DEF00002008,INS00001309,焊点虚焊,D01,1,major,PR03
DEF00002009,INS00001310,包装破损,D08,3,minor,PR06
DEF00002010,INS00001310,偏位,D03,1,major,PR06
DEF00002011,INS00001311,包装破损,D08,1,minor,PR07
DEF00002012,INS00001311,少件,D02,3,critical,PR07
DEF00002013,INS00001311,标签错误,D06,1,minor,PR07
DEF00002014,INS00001312,外观划伤,D04,1,minor,PR08
DEF00002015,INS00001313,少件,D02,1,critical,PR03
DEF00002016,INS00001313,包装破损,D08,1,minor,PR03
DEF00002017,INS00001314,外观划伤,D04,3,minor,PR06
DEF00002018,INS00001314,包装破损,D08,1,minor,PR06
DEF00002019,INS00001314,偏位,D03,1,major,PR06
DEF00002020,INS00001315,偏位,D03,3,major,PR07
DEF00002021,INS00001315,标签错误,D06,1,minor,PR07
DEF00002022,INS00001315,功能失效,D05,2,critical,PR07
DEF00002023,INS00001316,包装破损,D08,2,minor,PR08
DEF00002024,INS00001318,功能失效,D05,11,critical,PR06
DEF00002025,INS00001319,老化异常,D07,3,major,PR07
DEF00002026,INS00001319,少件,D02,1,critical,PR07
DEF00002027,INS00001319,标签错误,D06,1,minor,PR07
DEF00002028,INS00001320,老化异常,D07,1,major,PR08
DEF00002029,INS00001321,标签错误,D06,1,minor,PR03
DEF00002030,INS00001322,少件,D02,2,critical,PR06
DEF00002031,INS00001322,偏位,D03,1,major,PR06
DEF00002032,INS00001322,外观划伤,D04,1,minor,PR06
DEF00002033,INS00001323,老化异常,D07,2,major,PR07
DEF00002034,INS00001323,偏位,D03,1,major,PR07
DEF00002035,INS00001323,功能失效,D05,1,critical,PR07
DEF00002036,INS00001325,焊点虚焊,D01,1,major,PR03
DEF00002037,INS00001326,外观划伤,D04,5,minor,PR06
DEF00002038,INS00001326,偏位,D03,1,major,PR06
DEF00002039,INS00001326,功能失效,D05,1,critical,PR06
DEF00002040,INS00001327,少件,D02,2,critical,PR07
DEF00002041,INS00001327,外观划伤,D04,6,minor,PR07
DEF00002042,INS00001328,功能失效,D05,1,critical,PR08
DEF00002043,INS00001329,焊点虚焊,D01,1,major,PR03
DEF00002044,INS00001329,包装破损,D08,1,minor,PR03
DEF00002045,INS00001330,焊点虚焊,D01,2,major,PR06
DEF00002046,INS00001330,少件,D02,4,critical,PR06
DEF00002047,INS00001331,包装破损,D08,1,minor,PR07
DEF00002048,INS00001331,标签错误,D06,2,minor,PR07
DEF00002049,INS00001332,少件,D02,2,critical,PR08
DEF00002050,INS00001333,少件,D02,1,critical,PR03
DEF00002051,INS00001334,外观划伤,D04,2,minor,PR06
DEF00002052,INS00001334,功能失效,D05,1,critical,PR06
DEF00002053,INS00001334,焊点虚焊,D01,3,major,PR06
DEF00002054,INS00001335,包装破损,D08,4,minor,PR07
DEF00002055,INS00001336,少件,D02,1,critical,PR08
DEF00002056,INS00001337,功能失效,D05,1,critical,PR03
DEF00002057,INS00001338,少件,D02,1,critical,PR06
DEF00002058,INS00001338,包装破损,D08,1,minor,PR06
DEF00002059,INS00001338,焊点虚焊,D01,6,major,PR06
DEF00002060,INS00001339,包装破损,D08,3,minor,PR07
DEF00002061,INS00001339,功能失效,D05,4,critical,PR07
DEF00002062,INS00001340,包装破损,D08,1,minor,PR08
DEF00002063,INS00001341,功能失效,D05,1,critical,PR03
DEF00002064,INS00001342,包装破损,D08,3,minor,PR06
DEF00002065,INS00001342,偏位,D03,3,major,PR06
DEF00002066,INS00001343,标签错误,D06,4,minor,PR07
DEF00002067,INS00001343,偏位,D03,1,major,PR07
DEF00002068,INS00001343,外观划伤,D04,1,minor,PR07
DEF00002069,INS00001344,功能失效,D05,1,critical,PR08
DEF00002070,INS00001345,标签错误,D06,1,minor,PR03
DEF00002071,INS00001346,包装破损,D08,5,minor,PR06
DEF00002072,INS00001346,标签错误,D06,4,minor,PR06
DEF00002073,INS00001347,标签错误,D06,2,minor,PR07
DEF00002074,INS00001347,功能失效,D05,2,critical,PR07
DEF00002075,INS00001347,少件,D02,1,critical,PR07
DEF00002076,INS00001348,功能失效,D05,1,critical,PR08
DEF00002077,INS00001350,偏位,D03,4,major,PR06
DEF00002078,INS00001350,老化异常,D07,1,major,PR06
DEF00002079,INS00001351,标签错误,D06,6,minor,PR07
DEF00002080,INS00001352,少件,D02,1,critical,PR08
DEF00002081,INS00001353,包装破损,D08,1,minor,PR03
DEF00002082,INS00001354,包装破损,D08,2,minor,PR06
DEF00002083,INS00001354,偏位,D03,3,major,PR06
DEF00002084,INS00001355,少件,D02,5,critical,PR07
DEF00002085,INS00001356,功能失效,D05,2,critical,PR08
DEF00002086,INS00001358,功能失效,D05,2,critical,PR06
DEF00002087,INS00001358,外观划伤,D04,1,minor,PR06
DEF00002088,INS00001358,标签错误,D06,3,minor,PR06
DEF00002089,INS00001359,少件,D02,4,critical,PR07
DEF00002090,INS00001360,偏位,D03,1,major,PR08
DEF00002091,INS00001361,偏位,D03,2,major,PR03
DEF00002092,INS00001362,焊点虚焊,D01,7,major,PR06
DEF00002093,INS00001363,焊点虚焊,D01,1,major,PR07
DEF00002094,INS00001363,外观划伤,D04,4,minor,PR07
DEF00002095,INS00001364,标签错误,D06,2,minor,PR08
DEF00002096,INS00001365,外观划伤,D04,1,minor,PR03
DEF00002097,INS00001365,标签错误,D06,1,minor,PR03
DEF00002098,INS00001366,偏位,D03,4,major,PR06
DEF00002099,INS00001367,外观划伤,D04,3,minor,PR07
DEF00002100,INS00001367,功能失效,D05,2,critical,PR07
DEF00002101,INS00001368,偏位,D03,1,major,PR08
DEF00002102,INS00001368,焊点虚焊,D01,1,major,PR08
DEF00002103,INS00001368,老化异常,D07,1,major,PR08
DEF00002104,INS00001369,焊点虚焊,D01,1,major,PR03
DEF00002105,INS00001370,外观划伤,D04,5,minor,PR06
DEF00002106,INS00001370,功能失效,D05,1,critical,PR06
DEF00002107,INS00001370,少件,D02,1,critical,PR06
DEF00002108,INS00001371,焊点虚焊,D01,2,major,PR07
DEF00002109,INS00001371,功能失效,D05,3,critical,PR07
DEF00002110,INS00001372,老化异常,D07,1,major,PR08
DEF00002111,INS00001373,包装破损,D08,1,minor,PR03
DEF00002112,INS00001374,外观划伤,D04,11,minor,PR06
DEF00002113,INS00001375,偏位,D03,4,major,PR07
DEF00002114,INS00001375,功能失效,D05,1,critical,PR07
DEF00002115,INS00001376,老化异常,D07,1,major,PR08
